gender,SeniorCitizen,Partner,Dependents,tenure,PhoneService,MultipleLines,InternetService,OnlineSecurity,OnlineBackup,DeviceProtection,TechSupport,StreamingTV,StreamingMovies,Contract,PaperlessBilling,PaymentMethod,MonthlyCharges,TotalCharges,Churn,TotalCharges_log,tenure_group,Segment,PCA1,PCA2,Segment_Name,Recommendation,Risk_Level
1,0,0,0,2,1,0,0,2,2,0,0,0,0,0,1,3,53.85,108.15,1,4.692723082995953,2,0,-1.3693049701629318,-0.21835836897427224,New Low-Value Customers,"{'Risk': 'Medium', 'Strategy': 'Onboarding Support', 'Offer': 'Provide free onboarding assistance and offer a 10% discount on first 3 months', 'Action': 'Assign dedicated support agent for first 30 days'}",Medium
0,0,0,0,2,1,0,1,0,0,0,0,0,0,0,1,2,70.7,151.65,1,5.028147719180887,2,3,-1.0408166811698156,0.3762760223353852,New Price-Shocked Customers,"{'Risk': 'Very High', 'Strategy': 'Price Reduction', 'Offer': 'Immediately offer 25% price reduction or downgrade to affordable plan', 'Action': 'Trigger automated discount coupon within 48 hours of signup'}",Very High
0,0,0,0,8,1,2,1,0,0,2,0,2,2,0,1,2,99.65,820.5,1,6.711131937477322,2,3,-0.08597789174893909,1.1977475174367929,New Price-Shocked Customers,"{'Risk': 'Very High', 'Strategy': 'Price Reduction', 'Offer': 'Immediately offer 25% price reduction or downgrade to affordable plan', 'Action': 'Trigger automated discount coupon within 48 hours of signup'}",Very High
0,0,1,0,28,1,2,1,0,0,2,2,2,2,0,1,2,104.8,3046.05,1,8.02192918843427,1,2,1.394804657833121,0.6851149199610705,Mid-Tenure High Spenders,"{'Risk': 'High', 'Strategy': 'Value Enhancement', 'Offer': 'Upgrade to annual contract with 15% discount and free add-on services', 'Action': 'Send personalized email with tailored upgrade offer'}",High
1,0,0,0,49,1,2,1,0,2,2,0,2,2,0,1,0,103.7,5036.3,1,8.524625503233533,0,1,2.710635585001564,-0.04419858810941462,Loyal Premium Customers,"{'Risk': 'Very High', 'Strategy': 'Loyalty Reward', 'Offer': 'Offer exclusive VIP loyalty program with 20% discount and priority support', 'Action': 'Personal call from retention team within 24 hours'}",Very High
0,0,1,1,10,1,0,0,0,0,2,2,0,0,0,0,1,55.2,528.35,1,6.271649838789389,2,0,-0.9500219550496233,-0.39366720478793527,New Low-Value Customers,"{'Risk': 'Medium', 'Strategy': 'Onboarding Support', 'Offer': 'Provide free onboarding assistance and offer a 10% discount on first 3 months', 'Action': 'Assign dedicated support agent for first 30 days'}",Medium
1,1,0,0,1,0,1,0,0,0,2,0,0,2,0,1,2,39.65,39.65,1,3.7049988359938197,2,0,-1.688367940944871,-0.6939758067223194,New Low-Value Customers,"{'Risk': 'Medium', 'Strategy': 'Onboarding Support', 'Offer': 'Provide free onboarding assistance and offer a 10% discount on first 3 months', 'Action': 'Assign dedicated support agent for first 30 days'}",Medium
1,0,0,0,1,1,0,2,1,1,1,1,1,1,0,0,3,20.15,20.15,1,3.051639905492287,2,0,-2.0580312360176376,-1.3857382498711368,New Low-Value Customers,"{'Risk': 'Medium', 'Strategy': 'Onboarding Support', 'Offer': 'Provide free onboarding assistance and offer a 10% discount on first 3 months', 'Action': 'Assign dedicated support agent for first 30 days'}",Medium
1,0,1,1,47,1,2,1,0,2,0,0,2,2,0,1,2,99.35,4749.15,1,8.46593147547745,0,1,2.469197825699194,-0.12187015046723094,Loyal Premium Customers,"{'Risk': 'Very High', 'Strategy': 'Loyalty Reward', 'Offer': 'Offer exclusive VIP loyalty program with 20% discount and priority support', 'Action': 'Personal call from retention team within 24 hours'}",Very High
1,0,1,1,1,0,1,0,0,2,0,0,0,0,0,0,2,30.2,30.2,1,3.4404180948154366,2,0,-1.8675124608647502,-1.0292145291713615,New Low-Value Customers,"{'Risk': 'Medium', 'Strategy': 'Onboarding Support', 'Offer': 'Provide free onboarding assistance and offer a 10% discount on first 3 months', 'Action': 'Assign dedicated support agent for first 30 days'}",Medium
0,0,0,1,17,1,0,0,0,0,0,0,2,2,0,1,3,64.7,1093.1,1,6.9976873864827445,1,3,-0.361270843398564,-0.2740482066078839,New Price-Shocked Customers,"{'Risk': 'Very High', 'Strategy': 'Price Reduction', 'Offer': 'Immediately offer 25% price reduction or downgrade to affordable plan', 'Action': 'Trigger automated discount coupon within 48 hours of signup'}",Very High
1,0,0,0,5,1,0,1,0,0,0,0,0,0,0,1,2,69.7,316.9,1,5.761736867916757,2,3,-0.909017946236795,0.25602635436111687,New Price-Shocked Customers,"{'Risk': 'Very High', 'Strategy': 'Price Reduction', 'Offer': 'Immediately offer 25% price reduction or downgrade to affordable plan', 'Action': 'Trigger automated discount coupon within 48 hours of signup'}",Very High
1,0,0,0,34,1,2,1,0,2,2,0,2,2,0,1,2,106.35,3549.25,1,8.174773302525123,1,2,1.7832126316072885,0.5507532790872809,Mid-Tenure High Spenders,"{'Risk': 'High', 'Strategy': 'Value Enhancement', 'Offer': 'Upgrade to annual contract with 15% discount and free add-on services', 'Action': 'Send personalized email with tailored upgrade offer'}",High
0,0,0,0,11,1,2,1,0,0,2,0,2,2,0,1,0,97.85,1105.4,1,7.008866780350549,2,3,0.07160947060859,1.0350195089387784,New Price-Shocked Customers,"{'Risk': 'Very High', 'Strategy': 'Price Reduction', 'Offer': 'Immediately offer 25% price reduction or downgrade to affordable plan', 'Action': 'Trigger automated discount coupon within 48 hours of signup'}",Very High
0,0,0,0,2,1,0,1,0,0,0,0,2,0,0,1,2,80.65,144.15,1,4.977767690470639,2,3,-0.8581268037126384,0.7312947180700755,New Price-Shocked Customers,"{'Risk': 'Very High', 'Strategy': 'Price Reduction', 'Offer': 'Immediately offer 25% price reduction or downgrade to affordable plan', 'Action': 'Trigger automated discount coupon within 48 hours of signup'}",Very High
0,0,0,0,15,1,0,1,2,2,0,0,2,2,0,1,1,99.1,1426.4,1,7.263609886536967,1,2,0.32966299779786856,0.9548499750396717,Mid-Tenure High Spenders,"{'Risk': 'High', 'Strategy': 'Value Enhancement', 'Offer': 'Upgrade to annual contract with 15% discount and free add-on services', 'Action': 'Send personalized email with tailored upgrade offer'}",High
0,1,1,0,8,1,2,1,0,2,0,0,0,0,0,1,1,80.65,633.3,1,6.4525220286398515,2,3,-0.5033524576453818,0.5434099225056059,New Price-Shocked Customers,"{'Risk': 'Very High', 'Strategy': 'Price Reduction', 'Offer': 'Immediately offer 25% price reduction or downgrade to affordable plan', 'Action': 'Trigger automated discount coupon within 48 hours of signup'}",Very High
1,1,0,0,18,1,2,1,0,0,0,0,2,2,0,1,2,95.45,1752.55,1,7.4693975835734765,1,2,0.4668342054082361,0.7214484848900016,Mid-Tenure High Spenders,"{'Risk': 'High', 'Strategy': 'Value Enhancement', 'Offer': 'Upgrade to annual contract with 15% discount and free add-on services', 'Action': 'Send personalized email with tailored upgrade offer'}",High
0,0,0,0,9,1,2,1,0,0,0,0,2,2,0,0,2,94.4,857.25,1,6.754895432337801,2,3,-0.1398124942983093,0.9848159432279837,New Price-Shocked Customers,"{'Risk': 'Very High', 'Strategy': 'Price Reduction', 'Offer': 'Immediately offer 25% price reduction or downgrade to affordable plan', 'Action': 'Trigger automated discount coupon within 48 hours of signup'}",Very High
0,0,0,1,1,1,0,1,0,0,0,0,2,0,0,1,2,79.35,79.35,1,4.386392092183521,2,3,-0.9357713863608283,0.7143815775345043,New Price-Shocked Customers,"{'Risk': 'Very High', 'Strategy': 'Price Reduction', 'Offer': 'Immediately offer 25% price reduction or downgrade to affordable plan', 'Action': 'Trigger automated discount coupon within 48 hours of signup'}",Very High
0,0,1,0,7,1,0,1,0,0,2,0,0,0,0,1,0,75.15,496.9,1,6.210399253648137,2,3,-0.6835335549613099,0.3853907797566342,New Price-Shocked Customers,"{'Risk': 'Very High', 'Strategy': 'Price Reduction', 'Offer': 'Immediately offer 25% price reduction or downgrade to affordable plan', 'Action': 'Trigger automated discount coupon within 48 hours of signup'}",Very High
0,0,0,0,12,1,2,1,2,0,0,0,0,0,0,1,2,78.95,927.35,1,6.83340881685348,2,3,-0.3093826112599418,0.36139828152459247,New Price-Shocked Customers,"{'Risk': 'Very High', 'Strategy': 'Price Reduction', 'Offer': 'Immediately offer 25% price reduction or downgrade to affordable plan', 'Action': 'Trigger automated discount coupon within 48 hours of signup'}",Very High
1,0,0,0,5,1,0,2,1,1,1,1,1,1,0,0,3,21.05,113.85,1,4.743626929135107,2,0,-1.883778142500503,-1.4517601563596978,New Low-Value Customers,"{'Risk': 'Medium', 'Strategy': 'Onboarding Support', 'Offer': 'Provide free onboarding assistance and offer a 10% discount on first 3 months', 'Action': 'Assign dedicated support agent for first 30 days'}",Medium
0,1,1,0,25,1,0,1,0,2,2,0,2,2,0,1,2,98.5,2514.5,1,7.830226869931373,1,2,1.0025552730770102,0.5884170767178034,Mid-Tenure High Spenders,"{'Risk': 'High', 'Strategy': 'Value Enhancement', 'Offer': 'Upgrade to annual contract with 15% discount and free add-on services', 'Action': 'Send personalized email with tailored upgrade offer'}",High
1,0,1,0,68,1,2,1,0,2,2,2,2,2,2,1,0,110.0,7611.85,1,8.937592887972736,0,1,4.300421881564067,-0.5350950222566044,Loyal Premium Customers,"{'Risk': 'Very High', 'Strategy': 'Loyalty Reward', 'Offer': 'Offer exclusive VIP loyalty program with 20% discount and priority support', 'Action': 'Personal call from retention team within 24 hours'}",Very High
1,0,1,0,55,1,2,1,2,2,0,0,2,0,0,1,2,96.75,5238.9,1,8.564057693163521,0,1,2.8385911211224397,-0.4459081986123196,Loyal Premium Customers,"{'Risk': 'Very High', 'Strategy': 'Loyalty Reward', 'Offer': 'Offer exclusive VIP loyalty program with 20% discount and priority support', 'Action': 'Personal call from retention team within 24 hours'}",Very High
0,1,1,0,37,1,2,1,0,0,0,0,0,0,0,1,2,76.5,2868.15,1,7.961771097640099,0,2,1.0901404303379323,-0.49726391708553885,Mid-Tenure High Spenders,"{'Risk': 'High', 'Strategy': 'Value Enhancement', 'Offer': 'Upgrade to annual contract with 15% discount and free add-on services', 'Action': 'Send personalized email with tailored upgrade offer'}",High
0,0,1,1,10,1,2,1,2,0,0,0,2,2,0,1,2,100.25,1064.65,1,6.971340220607248,2,3,0.07102534837918048,1.1469819458093216,New Price-Shocked Customers,"{'Risk': 'Very High', 'Strategy': 'Price Reduction', 'Offer': 'Immediately offer 25% price reduction or downgrade to affordable plan', 'Action': 'Trigger automated discount coupon within 48 hours of signup'}",Very High
1,0,0,0,3,1,2,1,0,0,0,0,0,0,0,1,2,74.4,229.55,1,5.440467758652715,2,3,-0.9140369620110697,0.4770767501573223,New Price-Shocked Customers,"{'Risk': 'Very High', 'Strategy': 'Price Reduction', 'Offer': 'Immediately offer 25% price reduction or downgrade to affordable plan', 'Action': 'Trigger automated discount coupon within 48 hours of signup'}",Very High
0,1,0,0,27,1,2,1,0,0,2,0,0,0,0,1,2,78.05,2135.5,1,7.66692425508408,1,2,0.5557912217247539,-0.13862302634852056,Mid-Tenure High Spenders,"{'Risk': 'High', 'Strategy': 'Value Enhancement', 'Offer': 'Upgrade to annual contract with 15% discount and free add-on services', 'Action': 'Send personalized email with tailored upgrade offer'}",High
0,0,1,1,25,0,1,0,2,2,2,0,2,2,0,1,1,58.6,1502.65,1,7.315650764662011,1,4,-0.08430619866064709,-0.7132712194591426,Mid-Tenure Low Spenders,"{'Risk': 'Medium', 'Strategy': 'Upsell + Retain', 'Offer': 'Offer bundled services upgrade at same price point', 'Action': 'Send monthly value report showing benefits they are missing'}",Medium
1,0,0,0,1,0,1,0,0,0,0,0,0,2,0,1,2,35.45,35.45,1,3.5959414584546674,2,0,-1.7679877275759284,-0.8429707944774492,New Low-Value Customers,"{'Risk': 'Medium', 'Strategy': 'Onboarding Support', 'Offer': 'Provide free onboarding assistance and offer a 10% discount on first 3 months', 'Action': 'Assign dedicated support agent for first 30 days'}",Medium
1,0,0,0,2,1,0,0,0,0,0,0,0,0,0,0,2,44.35,81.25,1,4.409763389645481,2,0,-1.555313532635684,-0.5533342188973334,New Low-Value Customers,"{'Risk': 'Medium', 'Strategy': 'Onboarding Support', 'Offer': 'Provide free onboarding assistance and offer a 10% discount on first 3 months', 'Action': 'Assign dedicated support agent for first 30 days'}",Medium
0,1,1,0,1,1,0,1,0,0,0,0,0,0,0,1,3,70.45,70.45,1,4.268997904375876,2,3,-1.1044895056504498,0.3986541034819673,New Price-Shocked Customers,"{'Risk': 'Very High', 'Strategy': 'Price Reduction', 'Offer': 'Immediately offer 25% price reduction or downgrade to affordable plan', 'Action': 'Trigger automated discount coupon within 48 hours of signup'}",Very High
0,0,0,0,8,1,2,0,2,0,0,2,0,2,0,0,2,71.15,563.65,1,6.33620607016968,2,3,-0.7038964818921417,0.2134378430856445,New Price-Shocked Customers,"{'Risk': 'Very High', 'Strategy': 'Price Reduction', 'Offer': 'Immediately offer 25% price reduction or downgrade to affordable plan', 'Action': 'Trigger automated discount coupon within 48 hours of signup'}",Very High
1,0,0,0,1,1,0,0,0,0,0,0,0,0,0,1,2,45.65,45.65,1,3.8426729272933526,2,0,-1.574625388614789,-0.4811258242149906,New Low-Value Customers,"{'Risk': 'Medium', 'Strategy': 'Onboarding Support', 'Offer': 'Provide free onboarding assistance and offer a 10% discount on first 3 months', 'Action': 'Assign dedicated support agent for first 30 days'}",Medium
1,0,0,0,7,1,2,1,0,0,0,0,2,2,0,0,3,95.0,655.5,1,6.486922693742851,2,3,-0.26005877892908846,1.0733291641118277,New Price-Shocked Customers,"{'Risk': 'Very High', 'Strategy': 'Price Reduction', 'Offer': 'Immediately offer 25% price reduction or downgrade to affordable plan', 'Action': 'Trigger automated discount coupon within 48 hours of signup'}",Very High
0,0,1,0,20,1,2,1,2,0,0,0,0,0,0,0,2,82.4,1592.35,1,7.37359399701373,1,2,0.23223091874905066,0.23217956880247617,Mid-Tenure High Spenders,"{'Risk': 'High', 'Strategy': 'Value Enhancement', 'Offer': 'Upgrade to annual contract with 15% discount and free add-on services', 'Action': 'Send personalized email with tailored upgrade offer'}",High
0,0,0,0,4,1,0,1,0,0,0,0,0,0,0,1,0,70.9,273.0,1,5.6131281063880705,2,3,-0.9330135999955967,0.3256470368934935,New Price-Shocked Customers,"{'Risk': 'Very High', 'Strategy': 'Price Reduction', 'Offer': 'Immediately offer 25% price reduction or downgrade to affordable plan', 'Action': 'Trigger automated discount coupon within 48 hours of signup'}",Very High
1,1,1,0,58,0,1,0,0,2,2,0,0,2,0,1,2,45.3,2651.2,1,7.883144763243498,0,4,1.0951253702015302,-2.039551240622216,Mid-Tenure Low Spenders,"{'Risk': 'Medium', 'Strategy': 'Upsell + Retain', 'Offer': 'Offer bundled services upgrade at same price point', 'Action': 'Send monthly value report showing benefits they are missing'}",Medium
0,0,1,0,2,1,2,1,0,0,2,2,2,2,0,1,2,104.4,242.8,1,5.496348217047172,2,3,-0.38242905835639895,1.565059058812294,New Price-Shocked Customers,"{'Risk': 'Very High', 'Strategy': 'Price Reduction', 'Offer': 'Immediately offer 25% price reduction or downgrade to affordable plan', 'Action': 'Trigger automated discount coupon within 48 hours of signup'}",Very High
0,0,1,0,53,1,0,1,0,0,2,0,2,2,1,1,0,94.85,5000.2,1,8.517433162620845,0,1,2.659238734234488,-0.4420501922215752,Loyal Premium Customers,"{'Risk': 'Very High', 'Strategy': 'Loyalty Reward', 'Offer': 'Offer exclusive VIP loyalty program with 20% discount and priority support', 'Action': 'Personal call from retention team within 24 hours'}",Very High
0,1,0,0,15,1,2,1,0,0,0,0,0,0,0,1,3,74.45,1145.7,1,7.044643531044259,1,3,-0.2246890871414847,0.1103612486555418,New Price-Shocked Customers,"{'Risk': 'Very High', 'Strategy': 'Price Reduction', 'Offer': 'Immediately offer 25% price reduction or downgrade to affordable plan', 'Action': 'Trigger automated discount coupon within 48 hours of signup'}",Very High
0,1,0,0,7,1,0,1,2,0,0,0,0,0,0,0,0,76.45,503.6,1,6.223766036206958,2,3,-0.6570532769604437,0.4308762207451111,New Price-Shocked Customers,"{'Risk': 'Very High', 'Strategy': 'Price Reduction', 'Offer': 'Immediately offer 25% price reduction or downgrade to affordable plan', 'Action': 'Trigger automated discount coupon within 48 hours of signup'}",Very High
0,0,0,0,1,0,1,0,0,2,0,0,0,0,0,0,0,29.95,29.95,1,3.432372999130605,2,0,-1.8722517338785036,-1.0380832784425003,New Low-Value Customers,"{'Risk': 'Medium', 'Strategy': 'Onboarding Support', 'Offer': 'Provide free onboarding assistance and offer a 10% discount on first 3 months', 'Action': 'Assign dedicated support agent for first 30 days'}",Medium
1,0,0,0,8,1,2,1,0,0,0,0,0,2,0,0,0,84.5,662.65,1,6.497754902072211,2,3,-0.42169737778943445,0.6770039560687663,New Price-Shocked Customers,"{'Risk': 'Very High', 'Strategy': 'Price Reduction', 'Offer': 'Immediately offer 25% price reduction or downgrade to affordable plan', 'Action': 'Trigger automated discount coupon within 48 hours of signup'}",Very High
0,0,0,0,13,1,0,1,0,2,2,0,0,0,0,1,2,79.25,1111.65,1,7.014499836412125,1,3,-0.20972381905815984,0.3287322297563452,New Price-Shocked Customers,"{'Risk': 'Very High', 'Strategy': 'Price Reduction', 'Offer': 'Immediately offer 25% price reduction or downgrade to affordable plan', 'Action': 'Trigger automated discount coupon within 48 hours of signup'}",Very High
0,0,1,0,1,0,1,0,0,0,0,0,0,0,0,1,2,24.8,24.8,1,3.250374491927572,2,0,-1.9698807579618243,-1.2207795134279575,New Low-Value Customers,"{'Risk': 'Medium', 'Strategy': 'Onboarding Support', 'Offer': 'Provide free onboarding assistance and offer a 10% discount on first 3 months', 'Action': 'Assign dedicated support agent for first 30 days'}",Medium
1,0,1,0,6,1,0,1,0,2,2,0,0,2,0,1,2,91.0,531.0,1,6.2766434893416445,2,3,-0.4082681258244916,0.9673052254520917,New Price-Shocked Customers,"{'Risk': 'Very High', 'Strategy': 'Price Reduction', 'Offer': 'Immediately offer 25% price reduction or downgrade to affordable plan', 'Action': 'Trigger automated discount coupon within 48 hours of signup'}",Very High
1,0,0,0,1,1,0,1,0,0,0,0,0,2,0,0,2,79.9,79.9,1,4.393213824064446,2,3,-0.9253449857305706,0.7338928259310097,New Price-Shocked Customers,"{'Risk': 'Very High', 'Strategy': 'Price Reduction', 'Offer': 'Immediately offer 25% price reduction or downgrade to affordable plan', 'Action': 'Trigger automated discount coupon within 48 hours of signup'}",Very High
0,0,0,0,19,1,0,1,2,0,2,2,2,2,0,1,2,106.6,1934.45,1,7.568095136565964,1,2,0.7676723032839784,1.075237027726976,Mid-Tenure High Spenders,"{'Risk': 'High', 'Strategy': 'Value Enhancement', 'Offer': 'Upgrade to annual contract with 15% discount and free add-on services', 'Action': 'Send personalized email with tailored upgrade offer'}",High
1,0,0,0,2,1,0,0,0,0,0,0,0,0,0,1,1,46.0,84.5,1,4.448516375942715,2,0,-1.5234903134621416,-0.49498774932898676,New Low-Value Customers,"{'Risk': 'Medium', 'Strategy': 'Onboarding Support', 'Offer': 'Provide free onboarding assistance and offer a 10% discount on first 3 months', 'Action': 'Assign dedicated support agent for first 30 days'}",Medium
0,0,0,0,4,1,0,1,0,0,0,0,0,0,0,1,2,70.15,268.35,1,5.596011649126543,2,3,-0.9485574611636085,0.299497273406676,New Price-Shocked Customers,"{'Risk': 'Very High', 'Strategy': 'Price Reduction', 'Offer': 'Immediately offer 25% price reduction or downgrade to affordable plan', 'Action': 'Trigger automated discount coupon within 48 hours of signup'}",Very High
1,0,1,0,4,1,0,0,0,0,0,2,0,0,0,0,3,50.05,179.35,1,5.194899407349548,2,0,-1.3530217557086615,-0.4054856115563001,New Low-Value Customers,"{'Risk': 'Medium', 'Strategy': 'Onboarding Support', 'Offer': 'Provide free onboarding assistance and offer a 10% discount on first 3 months', 'Action': 'Assign dedicated support agent for first 30 days'}",Medium
0,0,1,0,1,1,0,0,0,0,0,0,2,0,0,0,3,55.2,55.2,1,4.028916756899646,2,0,-1.3935851594894084,-0.14233960205749271,New Low-Value Customers,"{'Risk': 'Medium', 'Strategy': 'Onboarding Support', 'Offer': 'Provide free onboarding assistance and offer a 10% discount on first 3 months', 'Action': 'Assign dedicated support agent for first 30 days'}",Medium
1,0,0,0,1,1,0,1,2,0,0,0,0,2,0,1,3,84.6,84.6,1,4.449685283147696,2,3,-0.8362466530720065,0.9006253122284167,New Price-Shocked Customers,"{'Risk': 'Very High', 'Strategy': 'Price Reduction', 'Offer': 'Immediately offer 25% price reduction or downgrade to affordable plan', 'Action': 'Trigger automated discount coupon within 48 hours of signup'}",Very High
1,0,0,0,2,1,2,0,0,2,0,0,0,0,0,1,3,54.4,114.1,1,4.745801315727837,2,0,-1.357042511203326,-0.19947917579921137,New Low-Value Customers,"{'Risk': 'Medium', 'Strategy': 'Onboarding Support', 'Offer': 'Provide free onboarding assistance and offer a 10% discount on first 3 months', 'Action': 'Assign dedicated support agent for first 30 days'}",Medium
0,1,0,0,11,1,0,1,0,2,0,0,2,2,0,1,2,95.0,1120.3,1,7.022244005466835,2,3,0.023616949982529407,0.9318381783254579,New Price-Shocked Customers,"{'Risk': 'Very High', 'Strategy': 'Price Reduction', 'Offer': 'Immediately offer 25% price reduction or downgrade to affordable plan', 'Action': 'Trigger automated discount coupon within 48 hours of signup'}",Very High
1,1,0,0,15,1,0,1,0,2,0,0,0,0,0,1,2,74.4,1074.3,1,6.980354971396481,1,3,-0.24989671244775444,0.11693882103280329,New Price-Shocked Customers,"{'Risk': 'Very High', 'Strategy': 'Price Reduction', 'Offer': 'Immediately offer 25% price reduction or downgrade to affordable plan', 'Action': 'Trigger automated discount coupon within 48 hours of signup'}",Very High
1,0,0,0,1,1,0,0,2,0,0,0,0,0,0,1,3,48.55,48.55,1,3.902982260775997,2,0,-1.5196498216552494,-0.378248332669782,New Low-Value Customers,"{'Risk': 'Medium', 'Strategy': 'Onboarding Support', 'Offer': 'Provide free onboarding assistance and offer a 10% discount on first 3 months', 'Action': 'Assign dedicated support agent for first 30 days'}",Medium
0,0,1,1,2,1,0,1,0,0,0,0,0,0,0,0,2,70.4,147.15,1,4.998225274019575,2,3,-1.0479318541535907,0.36612512171558653,New Price-Shocked Customers,"{'Risk': 'Very High', 'Strategy': 'Price Reduction', 'Offer': 'Immediately offer 25% price reduction or downgrade to affordable plan', 'Action': 'Trigger automated discount coupon within 48 hours of signup'}",Very High
1,1,1,0,1,0,1,0,0,2,0,0,2,0,0,0,2,40.2,40.2,1,3.7184382563554808,2,0,-1.6779415403146136,-0.6744645583258141,New Low-Value Customers,"{'Risk': 'Medium', 'Strategy': 'Onboarding Support', 'Offer': 'Provide free onboarding assistance and offer a 10% discount on first 3 months', 'Action': 'Assign dedicated support agent for first 30 days'}",Medium
0,0,1,0,2,1,0,0,0,0,0,0,0,0,0,1,1,44.6,80.55,1,4.401216329067023,2,0,-1.5508972698835755,-0.544354274726126,New Low-Value Customers,"{'Risk': 'Medium', 'Strategy': 'Onboarding Support', 'Offer': 'Provide free onboarding assistance and offer a 10% discount on first 3 months', 'Action': 'Assign dedicated support agent for first 30 days'}",Medium
1,1,0,0,3,0,1,0,0,0,2,0,0,2,0,1,2,41.15,132.2,1,4.891851758106289,2,0,-1.5661549652312428,-0.6949641733310548,New Low-Value Customers,"{'Risk': 'Medium', 'Strategy': 'Onboarding Support', 'Offer': 'Provide free onboarding assistance and offer a 10% discount on first 3 months', 'Action': 'Assign dedicated support agent for first 30 days'}",Medium
1,1,0,0,13,1,2,1,0,2,2,0,2,2,0,1,2,106.9,1364.3,1,7.219129463690706,1,2,0.3909422066524818,1.2832802649174442,Mid-Tenure High Spenders,"{'Risk': 'High', 'Strategy': 'Value Enhancement', 'Offer': 'Upgrade to annual contract with 15% discount and free add-on services', 'Action': 'Send personalized email with tailored upgrade offer'}",High
1,0,0,0,59,1,0,2,1,1,1,1,1,1,2,0,3,19.35,1099.6,1,7.003610764625658,0,4,0.11586102877950664,-2.8033261122781696,Mid-Tenure Low Spenders,"{'Risk': 'Medium', 'Strategy': 'Upsell + Retain', 'Offer': 'Offer bundled services upgrade at same price point', 'Action': 'Send monthly value report showing benefits they are missing'}",Medium
0,1,0,0,16,1,0,1,0,0,0,2,2,2,0,1,2,94.45,1511.2,1,7.32132082312417,1,2,0.3033361630236508,0.7576495064413133,Mid-Tenure High Spenders,"{'Risk': 'High', 'Strategy': 'Value Enhancement', 'Offer': 'Upgrade to annual contract with 15% discount and free add-on services', 'Action': 'Send personalized email with tailored upgrade offer'}",High
1,0,0,0,1,0,1,0,0,0,0,0,0,0,0,0,0,24.8,24.8,1,3.250374491927572,2,0,-1.9698807579618243,-1.2207795134279575,New Low-Value Customers,"{'Risk': 'Medium', 'Strategy': 'Onboarding Support', 'Offer': 'Provide free onboarding assistance and offer a 10% discount on first 3 months', 'Action': 'Assign dedicated support agent for first 30 days'}",Medium
1,0,0,0,1,1,0,1,0,0,0,0,0,0,0,0,3,70.6,70.6,1,4.2710950739666,2,3,-1.101645941842198,0.4039753530446502,New Price-Shocked Customers,"{'Risk': 'Very High', 'Strategy': 'Price Reduction', 'Offer': 'Immediately offer 25% price reduction or downgrade to affordable plan', 'Action': 'Trigger automated discount coupon within 48 hours of signup'}",Very High
1,0,1,0,5,1,2,1,0,2,0,2,0,0,0,1,2,85.4,401.1,1,5.996700813903228,2,3,-0.588100861054495,0.804966071057344,New Price-Shocked Customers,"{'Risk': 'Very High', 'Strategy': 'Price Reduction', 'Offer': 'Immediately offer 25% price reduction or downgrade to affordable plan', 'Action': 'Trigger automated discount coupon within 48 hours of signup'}",Very High
0,0,1,0,52,1,2,1,0,2,2,0,2,2,0,1,2,105.05,5624.85,1,8.635127326767599,0,1,3.030111033252603,-0.13035305839181693,Loyal Premium Customers,"{'Risk': 'Very High', 'Strategy': 'Loyalty Reward', 'Offer': 'Offer exclusive VIP loyalty program with 20% discount and priority support', 'Action': 'Personal call from retention team within 24 hours'}",Very High
1,0,1,1,18,1,0,1,0,0,2,0,2,2,0,0,3,95.15,1779.95,1,7.484902208779911,1,2,0.4705653769996856,0.7075637765731532,Mid-Tenure High Spenders,"{'Risk': 'High', 'Strategy': 'Value Enhancement', 'Offer': 'Upgrade to annual contract with 15% discount and free add-on services', 'Action': 'Send personalized email with tailored upgrade offer'}",High
1,0,1,0,1,1,0,1,0,0,0,0,0,0,0,0,2,70.0,70.0,1,4.2626798770413155,2,3,-1.113020197075206,0.38269035479391755,New Price-Shocked Customers,"{'Risk': 'Very High', 'Strategy': 'Price Reduction', 'Offer': 'Immediately offer 25% price reduction or downgrade to affordable plan', 'Action': 'Trigger automated discount coupon within 48 hours of signup'}",Very High
1,1,0,0,8,1,0,1,0,2,0,0,0,0,0,1,2,74.5,606.55,1,6.409434476354621,2,3,-0.6269427962993782,0.32764986405814034,New Price-Shocked Customers,"{'Risk': 'Very High', 'Strategy': 'Price Reduction', 'Offer': 'Immediately offer 25% price reduction or downgrade to affordable plan', 'Action': 'Trigger automated discount coupon within 48 hours of signup'}",Very High
1,0,0,0,10,1,0,0,0,0,0,0,0,0,0,1,1,44.85,435.4,1,6.0785592539589155,2,0,-1.1743127500420096,-0.7511653206702459,New Low-Value Customers,"{'Risk': 'Medium', 'Strategy': 'Onboarding Support', 'Offer': 'Provide free onboarding assistance and offer a 10% discount on first 3 months', 'Action': 'Assign dedicated support agent for first 30 days'}",Medium
1,1,0,0,24,1,2,1,0,0,0,0,0,0,0,1,2,76.1,1712.7,1,7.446410054666804,1,2,0.2815023151086867,-0.09322436655522869,Mid-Tenure High Spenders,"{'Risk': 'High', 'Strategy': 'Value Enhancement', 'Offer': 'Upgrade to annual contract with 15% discount and free add-on services', 'Action': 'Send personalized email with tailored upgrade offer'}",High
0,0,0,1,1,1,0,1,2,0,0,0,0,0,0,1,3,73.6,73.6,1,4.312140507209715,2,3,-1.044774665677157,0.5104003442983144,New Price-Shocked Customers,"{'Risk': 'Very High', 'Strategy': 'Price Reduction', 'Offer': 'Immediately offer 25% price reduction or downgrade to affordable plan', 'Action': 'Trigger automated discount coupon within 48 hours of signup'}",Very High
0,1,0,0,4,1,2,1,0,0,0,0,2,2,0,1,2,95.45,396.1,1,5.984188138137206,2,3,-0.43410892553440417,1.1850232075279565,New Price-Shocked Customers,"{'Risk': 'Very High', 'Strategy': 'Price Reduction', 'Offer': 'Immediately offer 25% price reduction or downgrade to affordable plan', 'Action': 'Trigger automated discount coupon within 48 hours of signup'}",Very High
1,1,1,0,32,1,2,1,0,0,0,0,0,0,0,1,2,74.9,2303.35,1,7.742553920000891,1,2,0.711266614181203,-0.37924362147336527,Mid-Tenure High Spenders,"{'Risk': 'High', 'Strategy': 'Value Enhancement', 'Offer': 'Upgrade to annual contract with 15% discount and free add-on services', 'Action': 'Send personalized email with tailored upgrade offer'}",High
1,0,0,0,5,1,0,1,0,0,0,0,2,0,0,1,2,80.6,415.55,1,6.032006502420918,2,3,-0.6725496949852358,0.6324329252342956,New Price-Shocked Customers,"{'Risk': 'Very High', 'Strategy': 'Price Reduction', 'Offer': 'Immediately offer 25% price reduction or downgrade to affordable plan', 'Action': 'Trigger automated discount coupon within 48 hours of signup'}",Very High
0,0,1,1,38,1,0,0,2,2,0,2,2,2,1,0,1,80.3,3058.65,1,8.026055809319672,0,2,1.2570670738969363,-0.4060835066685667,Mid-Tenure High Spenders,"{'Risk': 'High', 'Strategy': 'Value Enhancement', 'Offer': 'Upgrade to annual contract with 15% discount and free add-on services', 'Action': 'Send personalized email with tailored upgrade offer'}",High
1,1,1,0,24,1,0,1,0,0,2,0,2,2,0,1,2,93.15,2231.05,1,7.710675724683985,1,2,0.7751681495545062,0.45294854067903007,Mid-Tenure High Spenders,"{'Risk': 'High', 'Strategy': 'Value Enhancement', 'Offer': 'Upgrade to annual contract with 15% discount and free add-on services', 'Action': 'Send personalized email with tailored upgrade offer'}",High
0,1,0,0,54,1,2,0,2,2,0,2,2,2,1,0,0,82.45,4350.1,1,8.378183965678819,0,1,2.2387555815550932,-0.8290709707672469,Loyal Premium Customers,"{'Risk': 'Very High', 'Strategy': 'Loyalty Reward', 'Offer': 'Offer exclusive VIP loyalty program with 20% discount and priority support', 'Action': 'Personal call from retention team within 24 hours'}",Very High
0,1,0,0,2,1,0,1,0,0,0,0,0,0,0,1,2,70.35,139.05,1,4.941999501706118,2,3,-1.0516167957102776,0.3652936023303631,New Price-Shocked Customers,"{'Risk': 'Very High', 'Strategy': 'Price Reduction', 'Offer': 'Immediately offer 25% price reduction or downgrade to affordable plan', 'Action': 'Trigger automated discount coupon within 48 hours of signup'}",Very High
0,0,0,0,7,1,2,1,0,0,0,0,0,0,0,1,2,73.85,511.25,1,6.238812787119009,2,3,-0.7028566055857349,0.3374414938771569,New Price-Shocked Customers,"{'Risk': 'Very High', 'Strategy': 'Price Reduction', 'Offer': 'Immediately offer 25% price reduction or downgrade to affordable plan', 'Action': 'Trigger automated discount coupon within 48 hours of signup'}",Very High
0,0,0,0,2,1,2,1,0,0,2,0,0,0,0,0,3,80.6,155.8,1,5.054971107916307,2,3,-0.8550965319351346,0.7281515152360517,New Price-Shocked Customers,"{'Risk': 'Very High', 'Strategy': 'Price Reduction', 'Offer': 'Immediately offer 25% price reduction or downgrade to affordable plan', 'Action': 'Trigger automated discount coupon within 48 hours of signup'}",Very High
1,0,1,1,68,1,2,0,0,2,2,2,0,2,1,1,0,75.8,5293.95,1,8.57450881512029,0,1,2.8756066653691232,-1.4810390875091097,Loyal Premium Customers,"{'Risk': 'Very High', 'Strategy': 'Loyalty Reward', 'Offer': 'Offer exclusive VIP loyalty program with 20% discount and priority support', 'Action': 'Personal call from retention team within 24 hours'}",Very High
0,0,0,0,43,1,2,1,0,2,2,0,2,2,2,1,2,104.6,4759.85,1,8.468181502712058,0,1,2.444936909590482,0.1508230944789549,Loyal Premium Customers,"{'Risk': 'Very High', 'Strategy': 'Loyalty Reward', 'Offer': 'Offer exclusive VIP loyalty program with 20% discount and priority support', 'Action': 'Personal call from retention team within 24 hours'}",Very High
1,0,1,0,63,1,2,1,0,2,2,0,2,2,0,1,2,103.4,6603.0,1,8.795430805040018,0,1,3.677480862632198,-0.5430601111458969,Loyal Premium Customers,"{'Risk': 'Very High', 'Strategy': 'Loyalty Reward', 'Offer': 'Offer exclusive VIP loyalty program with 20% discount and priority support', 'Action': 'Personal call from retention team within 24 hours'}",Very High
0,0,0,0,2,1,0,1,0,0,0,0,2,2,0,1,2,90.4,168.2,1,5.1310814471721224,2,3,-0.6684330017114993,1.0755021637802897,New Price-Shocked Customers,"{'Risk': 'Very High', 'Strategy': 'Price Reduction', 'Offer': 'Immediately offer 25% price reduction or downgrade to affordable plan', 'Action': 'Trigger automated discount coupon within 48 hours of signup'}",Very High
1,0,1,1,4,1,2,1,0,2,2,0,0,0,0,1,0,84.8,371.9,1,5.921310287184775,2,3,-0.6406091022837573,0.8088004789942201,New Price-Shocked Customers,"{'Risk': 'Very High', 'Strategy': 'Price Reduction', 'Offer': 'Immediately offer 25% price reduction or downgrade to affordable plan', 'Action': 'Trigger automated discount coupon within 48 hours of signup'}",Very High
0,1,0,0,21,0,1,0,2,0,0,0,2,0,0,1,2,41.9,840.1,1,6.734710558968391,1,0,-0.7461243205444219,-1.1430212779769733,New Low-Value Customers,"{'Risk': 'Medium', 'Strategy': 'Onboarding Support', 'Offer': 'Provide free onboarding assistance and offer a 10% discount on first 3 months', 'Action': 'Assign dedicated support agent for first 30 days'}",Medium
0,0,0,0,10,1,0,1,0,0,0,0,0,2,0,1,0,80.25,846.0,1,6.741700694652055,2,3,-0.3756596384849901,0.4607334429589458,New Price-Shocked Customers,"{'Risk': 'Very High', 'Strategy': 'Price Reduction', 'Offer': 'Immediately offer 25% price reduction or downgrade to affordable plan', 'Action': 'Trigger automated discount coupon within 48 hours of signup'}",Very High
1,1,1,0,27,0,1,0,2,0,0,0,0,0,0,0,1,30.75,805.1,1,6.692207804289556,1,0,-0.7771470921786585,-1.6664070449970323,New Low-Value Customers,"{'Risk': 'Medium', 'Strategy': 'Onboarding Support', 'Offer': 'Provide free onboarding assistance and offer a 10% discount on first 3 months', 'Action': 'Assign dedicated support agent for first 30 days'}",Medium
1,0,0,0,5,1,0,1,0,0,2,0,2,2,0,0,0,96.5,492.55,1,6.201624170863897,2,3,-0.35035727132474376,1.189333791095339,New Price-Shocked Customers,"{'Risk': 'Very High', 'Strategy': 'Price Reduction', 'Offer': 'Immediately offer 25% price reduction or downgrade to affordable plan', 'Action': 'Trigger automated discount coupon within 48 hours of signup'}",Very High
1,0,0,0,2,1,2,1,0,0,0,0,2,0,0,1,2,85.65,181.5,1,5.206750173022546,2,3,-0.7523419940015666,0.9048832245273458,New Price-Shocked Customers,"{'Risk': 'Very High', 'Strategy': 'Price Reduction', 'Offer': 'Immediately offer 25% price reduction or downgrade to affordable plan', 'Action': 'Trigger automated discount coupon within 48 hours of signup'}",Very High
0,0,1,0,25,1,2,1,0,0,2,2,2,2,0,1,0,104.95,2566.5,1,7.850687941802713,1,2,1.1403160088507032,0.8118993050730369,Mid-Tenure High Spenders,"{'Risk': 'High', 'Strategy': 'Value Enhancement', 'Offer': 'Upgrade to annual contract with 15% discount and free add-on services', 'Action': 'Send personalized email with tailored upgrade offer'}",High
1,0,0,0,1,1,0,0,0,2,0,0,0,0,0,0,3,50.65,50.65,1,3.9444901955656477,2,0,-1.4798399283397206,-0.303750838792217,New Low-Value Customers,"{'Risk': 'Medium', 'Strategy': 'Onboarding Support', 'Offer': 'Provide free onboarding assistance and offer a 10% discount on first 3 months', 'Action': 'Assign dedicated support agent for first 30 days'}",Medium
1,0,0,0,1,1,2,1,0,2,0,0,0,2,0,1,1,90.85,90.85,1,4.520156811661135,2,3,-0.7177648277281711,1.122344044006884,New Price-Shocked Customers,"{'Risk': 'Very High', 'Strategy': 'Price Reduction', 'Offer': 'Immediately offer 25% price reduction or downgrade to affordable plan', 'Action': 'Trigger automated discount coupon within 48 hours of signup'}",Very High
1,1,1,0,11,1,0,2,1,1,1,1,1,1,0,0,3,19.95,214.75,1,5.374120329963537,2,0,-1.6814917795839845,-1.6333526007575279,New Low-Value Customers,"{'Risk': 'Medium', 'Strategy': 'Onboarding Support', 'Offer': 'Provide free onboarding assistance and offer a 10% discount on first 3 months', 'Action': 'Assign dedicated support agent for first 30 days'}",Medium
0,1,1,0,55,1,2,1,0,2,2,0,0,0,0,1,2,85.45,4874.7,1,8.492018962867517,0,1,2.504386168969855,-0.8054696864737797,Loyal Premium Customers,"{'Risk': 'Very High', 'Strategy': 'Loyalty Reward', 'Offer': 'Offer exclusive VIP loyalty program with 20% discount and priority support', 'Action': 'Personal call from retention team within 24 hours'}",Very High
0,0,0,0,34,1,0,1,0,2,0,0,0,0,0,1,1,73.95,2524.45,1,7.834174543652333,1,2,0.8315761293868313,-0.4824789224224426,Mid-Tenure High Spenders,"{'Risk': 'High', 'Strategy': 'Value Enhancement', 'Offer': 'Upgrade to annual contract with 15% discount and free add-on services', 'Action': 'Send personalized email with tailored upgrade offer'}",High
1,0,1,1,69,1,2,1,0,0,2,0,2,2,0,1,1,99.45,7007.6,1,8.854893245389706,0,1,3.9299698244626184,-0.8616371357779876,Loyal Premium Customers,"{'Risk': 'Very High', 'Strategy': 'Loyalty Reward', 'Offer': 'Offer exclusive VIP loyalty program with 20% discount and priority support', 'Action': 'Personal call from retention team within 24 hours'}",Very High
0,0,0,0,1,1,0,2,1,1,1,1,1,1,0,1,3,19.9,19.9,1,3.039749158970765,2,0,-2.062770509031391,-1.3946069991422756,New Low-Value Customers,"{'Risk': 'Medium', 'Strategy': 'Onboarding Support', 'Offer': 'Provide free onboarding assistance and offer a 10% discount on first 3 months', 'Action': 'Assign dedicated support agent for first 30 days'}",Medium
1,0,0,0,1,1,0,2,1,1,1,1,1,1,0,1,3,19.6,19.6,1,3.0252910757955354,2,0,-2.068457636647895,-1.405249498267642,New Low-Value Customers,"{'Risk': 'Medium', 'Strategy': 'Onboarding Support', 'Offer': 'Provide free onboarding assistance and offer a 10% discount on first 3 months', 'Action': 'Assign dedicated support agent for first 30 days'}",Medium
1,1,0,0,3,1,2,1,0,2,0,0,0,0,0,1,2,81.35,233.7,1,5.458308102856978,2,3,-0.7832372024735722,0.7239557122320225,New Price-Shocked Customers,"{'Risk': 'Very High', 'Strategy': 'Price Reduction', 'Offer': 'Immediately offer 25% price reduction or downgrade to affordable plan', 'Action': 'Trigger automated discount coupon within 48 hours of signup'}",Very High
0,0,1,1,22,1,0,1,0,2,0,0,0,2,0,0,2,83.3,1845.9,1,7.521263836881865,1,2,0.39801538478942805,0.19099136620497467,Mid-Tenure High Spenders,"{'Risk': 'High', 'Strategy': 'Value Enhancement', 'Offer': 'Upgrade to annual contract with 15% discount and free add-on services', 'Action': 'Send personalized email with tailored upgrade offer'}",High
0,1,0,0,1,1,0,1,0,0,2,0,0,0,0,1,0,75.3,75.3,1,4.334672938290411,2,3,-1.0125476091836336,0.5707078393420576,New Price-Shocked Customers,"{'Risk': 'Very High', 'Strategy': 'Price Reduction', 'Offer': 'Immediately offer 25% price reduction or downgrade to affordable plan', 'Action': 'Trigger automated discount coupon within 48 hours of signup'}",Very High
0,0,1,1,61,1,0,2,1,1,1,1,1,1,0,1,3,19.4,1182.55,1,7.076273675632399,0,4,0.20781513297925622,-2.854799289464182,Mid-Tenure Low Spenders,"{'Risk': 'Medium', 'Strategy': 'Upsell + Retain', 'Offer': 'Offer bundled services upgrade at same price point', 'Action': 'Send monthly value report showing benefits they are missing'}",Medium
1,0,0,0,12,1,0,0,0,0,0,0,0,0,0,1,0,45.4,518.9,1,6.25363648538967,2,0,-1.0728630992746668,-0.7849068516771421,New Low-Value Customers,"{'Risk': 'Medium', 'Strategy': 'Onboarding Support', 'Offer': 'Provide free onboarding assistance and offer a 10% discount on first 3 months', 'Action': 'Assign dedicated support agent for first 30 days'}",Medium
0,0,0,0,60,1,2,1,0,2,2,0,2,2,0,1,2,105.9,6396.45,1,8.763654752450451,0,1,3.559565303467604,-0.3645883246785353,Loyal Premium Customers,"{'Risk': 'Very High', 'Strategy': 'Loyalty Reward', 'Offer': 'Offer exclusive VIP loyalty program with 20% discount and priority support', 'Action': 'Personal call from retention team within 24 hours'}",Very High
0,0,0,0,1,1,0,1,0,0,0,0,0,0,0,0,3,69.55,69.55,1,4.256321678298823,2,3,-1.1215508884999623,0.36672660610586777,New Price-Shocked Customers,"{'Risk': 'Very High', 'Strategy': 'Price Reduction', 'Offer': 'Immediately offer 25% price reduction or downgrade to affordable plan', 'Action': 'Trigger automated discount coupon within 48 hours of signup'}",Very High
0,0,1,1,28,1,0,1,0,0,0,0,0,2,0,1,2,81.05,2227.1,1,7.70890448334336,1,2,0.6741971319899189,-0.06434027707628966,Mid-Tenure High Spenders,"{'Risk': 'High', 'Strategy': 'Value Enhancement', 'Offer': 'Upgrade to annual contract with 15% discount and free add-on services', 'Action': 'Send personalized email with tailored upgrade offer'}",High
1,0,1,1,4,1,2,1,0,0,2,0,2,2,0,0,2,101.15,385.9,1,5.9581662617064675,2,3,-0.33145967256835185,1.3890917423952822,New Price-Shocked Customers,"{'Risk': 'Very High', 'Strategy': 'Price Reduction', 'Offer': 'Immediately offer 25% price reduction or downgrade to affordable plan', 'Action': 'Trigger automated discount coupon within 48 hours of signup'}",Very High
1,0,0,0,7,1,2,1,0,2,0,0,2,2,0,1,2,99.8,673.25,1,6.513600962019839,2,3,-0.16466159718260426,1.2420933880588565,New Price-Shocked Customers,"{'Risk': 'Very High', 'Strategy': 'Price Reduction', 'Offer': 'Immediately offer 25% price reduction or downgrade to affordable plan', 'Action': 'Trigger automated discount coupon within 48 hours of signup'}",Very High
0,0,1,1,13,1,0,0,0,0,0,0,0,2,0,0,2,55.95,734.35,1,6.600346576346323,1,0,-0.7717878877528129,-0.45640047113021837,New Low-Value Customers,"{'Risk': 'Medium', 'Strategy': 'Onboarding Support', 'Offer': 'Provide free onboarding assistance and offer a 10% discount on first 3 months', 'Action': 'Assign dedicated support agent for first 30 days'}",Medium
1,0,0,0,1,1,0,0,0,0,0,0,0,2,0,1,2,55.0,55.0,1,4.02535169073515,2,0,-1.3973765779004113,-0.14943460147440374,New Low-Value Customers,"{'Risk': 'Medium', 'Strategy': 'Onboarding Support', 'Offer': 'Provide free onboarding assistance and offer a 10% discount on first 3 months', 'Action': 'Assign dedicated support agent for first 30 days'}",Medium
0,0,1,1,1,1,0,1,0,2,0,0,0,0,0,1,2,74.7,74.7,1,4.3267781604434035,2,3,-1.0239218644166417,0.5494228410913249,New Price-Shocked Customers,"{'Risk': 'Very High', 'Strategy': 'Price Reduction', 'Offer': 'Immediately offer 25% price reduction or downgrade to affordable plan', 'Action': 'Trigger automated discount coupon within 48 hours of signup'}",Very High
1,0,0,0,24,1,2,1,0,2,0,0,0,0,0,1,2,80.25,1861.5,1,7.529674950253715,1,2,0.4093568096074074,0.03706598471939622,Mid-Tenure High Spenders,"{'Risk': 'High', 'Strategy': 'Value Enhancement', 'Offer': 'Upgrade to annual contract with 15% discount and free add-on services', 'Action': 'Send personalized email with tailored upgrade offer'}",High
1,0,0,0,5,1,0,1,0,0,0,2,2,2,0,1,2,96.1,453.4,1,6.118977867406942,2,3,-0.37111552671383224,1.1796793737116948,New Price-Shocked Customers,"{'Risk': 'Very High', 'Strategy': 'Price Reduction', 'Offer': 'Immediately offer 25% price reduction or downgrade to affordable plan', 'Action': 'Trigger automated discount coupon within 48 hours of signup'}",Very High
0,0,0,1,15,1,0,1,0,0,0,0,0,0,0,0,0,69.0,994.8,1,6.903546434208082,1,3,-0.3774598099531081,-0.06595296101841984,New Price-Shocked Customers,"{'Risk': 'Very High', 'Strategy': 'Price Reduction', 'Offer': 'Immediately offer 25% price reduction or downgrade to affordable plan', 'Action': 'Trigger automated discount coupon within 48 hours of signup'}",Very High
0,0,1,0,48,0,1,0,2,0,2,0,0,2,0,1,0,45.3,2145.0,1,7.671360923190644,0,4,0.608915131697788,-1.7625833713827888,Mid-Tenure Low Spenders,"{'Risk': 'Medium', 'Strategy': 'Upsell + Retain', 'Offer': 'Offer bundled services upgrade at same price point', 'Action': 'Send monthly value report showing benefits they are missing'}",Medium
0,0,1,1,8,1,0,1,0,2,0,0,2,0,0,1,2,83.55,680.05,1,6.52363572489335,2,3,-0.4334674170299305,0.6411548915581613,New Price-Shocked Customers,"{'Risk': 'Very High', 'Strategy': 'Price Reduction', 'Offer': 'Immediately offer 25% price reduction or downgrade to affordable plan', 'Action': 'Trigger automated discount coupon within 48 hours of signup'}",Very High
1,0,0,1,1,1,2,1,0,0,0,0,0,0,0,1,2,74.35,74.35,1,4.3221439250725044,2,3,-1.0305568466358968,0.5370065921117305,New Price-Shocked Customers,"{'Risk': 'Very High', 'Strategy': 'Price Reduction', 'Offer': 'Immediately offer 25% price reduction or downgrade to affordable plan', 'Action': 'Trigger automated discount coupon within 48 hours of signup'}",Very High
0,0,1,0,2,1,0,1,2,0,0,0,0,0,0,1,2,74.4,139.4,1,4.944495491591711,2,3,-0.976098612853877,0.5094004153967627,New Price-Shocked Customers,"{'Risk': 'Very High', 'Strategy': 'Price Reduction', 'Offer': 'Immediately offer 25% price reduction or downgrade to affordable plan', 'Action': 'Trigger automated discount coupon within 48 hours of signup'}",Very High
1,0,0,0,22,0,1,0,0,2,2,0,0,2,1,1,0,43.75,903.6,1,6.8074928570437425,1,0,-0.6586823572491776,-1.106380351607921,New Low-Value Customers,"{'Risk': 'Medium', 'Strategy': 'Onboarding Support', 'Offer': 'Provide free onboarding assistance and offer a 10% discount on first 3 months', 'Action': 'Assign dedicated support agent for first 30 days'}",Medium
0,1,0,0,5,0,1,0,0,2,0,0,0,0,0,0,2,28.45,131.05,1,4.883180638743141,2,0,-1.7401635554364363,-1.1903922411136505,New Low-Value Customers,"{'Risk': 'Medium', 'Strategy': 'Onboarding Support', 'Offer': 'Provide free onboarding assistance and offer a 10% discount on first 3 months', 'Action': 'Assign dedicated support agent for first 30 days'}",Medium
0,0,0,0,12,1,2,1,2,2,2,0,0,2,0,1,0,99.7,1238.45,1,7.122423011815303,2,3,0.18269918516423744,1.0635197981501567,New Price-Shocked Customers,"{'Risk': 'Very High', 'Strategy': 'Price Reduction', 'Offer': 'Immediately offer 25% price reduction or downgrade to affordable plan', 'Action': 'Trigger automated discount coupon within 48 hours of signup'}",Very High
0,1,0,0,20,1,2,1,0,2,2,0,0,2,0,1,2,94.1,1782.4,1,7.486276933700779,1,2,0.5146698222814649,0.6263616552946243,Mid-Tenure High Spenders,"{'Risk': 'High', 'Strategy': 'Value Enhancement', 'Offer': 'Upgrade to annual contract with 15% discount and free add-on services', 'Action': 'Send personalized email with tailored upgrade offer'}",High
1,0,1,0,2,1,0,1,0,0,0,2,2,2,0,1,2,94.2,167.5,1,5.126935749792416,2,3,-0.5979261005102378,1.2108338653861346,New Price-Shocked Customers,"{'Risk': 'Very High', 'Strategy': 'Price Reduction', 'Offer': 'Immediately offer 25% price reduction or downgrade to affordable plan', 'Action': 'Trigger automated discount coupon within 48 hours of signup'}",Very High
0,0,1,1,6,1,2,1,0,0,0,2,0,0,0,1,2,80.5,502.85,1,6.222278604726411,2,3,-0.6133187830526904,0.5968836402602834,New Price-Shocked Customers,"{'Risk': 'Very High', 'Strategy': 'Price Reduction', 'Offer': 'Immediately offer 25% price reduction or downgrade to affordable plan', 'Action': 'Trigger automated discount coupon within 48 hours of signup'}",Very High
0,1,1,0,5,1,2,1,0,0,0,0,0,0,0,1,2,74.35,334.8,1,5.81651574464344,2,3,-0.8163623250580435,0.4194342145664933,New Price-Shocked Customers,"{'Risk': 'Very High', 'Strategy': 'Price Reduction', 'Offer': 'Immediately offer 25% price reduction or downgrade to affordable plan', 'Action': 'Trigger automated discount coupon within 48 hours of signup'}",Very High
1,0,0,0,40,1,2,1,0,0,2,2,2,2,0,0,0,104.8,4131.95,1,8.326746716688735,0,1,2.1409385122339084,0.29675104330854035,Loyal Premium Customers,"{'Risk': 'Very High', 'Strategy': 'Loyalty Reward', 'Offer': 'Offer exclusive VIP loyalty program with 20% discount and priority support', 'Action': 'Personal call from retention team within 24 hours'}",Very High
0,1,1,0,27,1,0,1,2,0,0,0,0,0,0,1,0,75.2,1929.35,1,7.565456612607783,1,2,0.43263931337601785,-0.21593105942476082,Mid-Tenure High Spenders,"{'Risk': 'High', 'Strategy': 'Value Enhancement', 'Offer': 'Upgrade to annual contract with 15% discount and free add-on services', 'Action': 'Send personalized email with tailored upgrade offer'}",High
0,0,0,0,23,1,2,1,0,0,0,0,0,0,0,0,0,75.6,1758.6,1,7.472841789474565,1,2,0.25639059321476376,-0.09462100365217686,Mid-Tenure High Spenders,"{'Risk': 'High', 'Strategy': 'Value Enhancement', 'Offer': 'Upgrade to annual contract with 15% discount and free add-on services', 'Action': 'Send personalized email with tailored upgrade offer'}",High
1,0,1,0,34,1,2,1,0,0,2,0,2,2,0,1,2,100.05,3480.0,1,8.15507488781144,1,2,1.6423792716917252,0.33462892267493966,Mid-Tenure High Spenders,"{'Risk': 'High', 'Strategy': 'Value Enhancement', 'Offer': 'Upgrade to annual contract with 15% discount and free add-on services', 'Action': 'Send personalized email with tailored upgrade offer'}",High
0,0,0,0,1,1,2,1,0,0,0,0,0,2,0,1,2,85.0,85.0,1,4.454347296253507,2,3,-0.8286638162500009,0.9148153110622388,New Price-Shocked Customers,"{'Risk': 'Very High', 'Strategy': 'Price Reduction', 'Offer': 'Immediately offer 25% price reduction or downgrade to affordable plan', 'Action': 'Trigger automated discount coupon within 48 hours of signup'}",Very High
1,0,0,0,10,1,2,1,0,0,0,0,2,0,0,1,0,86.05,834.1,1,6.727551478159183,2,3,-0.2717266957565526,0.6685601626085412,New Price-Shocked Customers,"{'Risk': 'Very High', 'Strategy': 'Price Reduction', 'Offer': 'Immediately offer 25% price reduction or downgrade to affordable plan', 'Action': 'Trigger automated discount coupon within 48 hours of signup'}",Very High
1,0,0,0,13,0,1,0,2,0,0,2,2,0,0,1,1,45.55,597.0,1,6.393590753950631,1,0,-1.0121060164047275,-0.8104812907424886,New Low-Value Customers,"{'Risk': 'Medium', 'Strategy': 'Onboarding Support', 'Offer': 'Provide free onboarding assistance and offer a 10% discount on first 3 months', 'Action': 'Assign dedicated support agent for first 30 days'}",Medium
1,0,1,1,39,1,0,1,0,2,0,0,2,0,0,1,3,86.3,3266.0,1,8.09162741160107,0,2,1.470680478222332,-0.23857284507189921,Mid-Tenure High Spenders,"{'Risk': 'High', 'Strategy': 'Value Enhancement', 'Offer': 'Upgrade to annual contract with 15% discount and free add-on services', 'Action': 'Send personalized email with tailored upgrade offer'}",High
1,0,0,0,32,1,2,1,0,2,0,0,0,0,0,1,0,80.35,2596.15,1,7.862169968947402,1,2,0.9122848697584794,-0.2195384184517981,Mid-Tenure High Spenders,"{'Risk': 'High', 'Strategy': 'Value Enhancement', 'Offer': 'Upgrade to annual contract with 15% discount and free add-on services', 'Action': 'Send personalized email with tailored upgrade offer'}",High
0,0,0,0,35,1,2,1,0,0,2,0,2,2,0,1,2,100.25,3527.6,1,8.168656470693966,1,2,1.6936968791715277,0.31440402735551,Mid-Tenure High Spenders,"{'Risk': 'High', 'Strategy': 'Value Enhancement', 'Offer': 'Upgrade to annual contract with 15% discount and free add-on services', 'Action': 'Send personalized email with tailored upgrade offer'}",High
1,0,1,0,56,1,2,1,0,2,0,0,2,2,1,0,1,100.3,5614.45,1,8.633277006436819,0,1,3.0637824932284765,-0.3852853953430795,Loyal Premium Customers,"{'Risk': 'Very High', 'Strategy': 'Loyalty Reward', 'Offer': 'Offer exclusive VIP loyalty program with 20% discount and priority support', 'Action': 'Personal call from retention team within 24 hours'}",Very High
0,0,1,1,12,1,0,2,1,1,1,1,1,1,0,0,3,19.0,233.55,1,5.457668784774467,2,0,-1.6613761266353144,-1.691137385895875,New Low-Value Customers,"{'Risk': 'Medium', 'Strategy': 'Onboarding Support', 'Offer': 'Provide free onboarding assistance and offer a 10% discount on first 3 months', 'Action': 'Assign dedicated support agent for first 30 days'}",Medium
0,0,0,0,1,1,0,1,2,0,0,0,0,0,0,0,3,75.3,75.3,1,4.334672938290411,2,3,-1.0125476091836336,0.5707078393420576,New Price-Shocked Customers,"{'Risk': 'Very High', 'Strategy': 'Price Reduction', 'Offer': 'Immediately offer 25% price reduction or downgrade to affordable plan', 'Action': 'Trigger automated discount coupon within 48 hours of signup'}",Very High
0,1,0,0,4,1,2,1,0,0,2,0,2,0,0,1,2,89.2,346.2,1,5.849900982786195,2,3,-0.5674322223738053,0.9684135887894962,New Price-Shocked Customers,"{'Risk': 'Very High', 'Strategy': 'Price Reduction', 'Offer': 'Immediately offer 25% price reduction or downgrade to affordable plan', 'Action': 'Trigger automated discount coupon within 48 hours of signup'}",Very High
0,1,0,0,1,1,2,1,0,0,0,0,2,0,0,1,2,85.7,85.7,1,4.462453883786496,2,3,-0.8153938518114913,0.9396478090214272,New Price-Shocked Customers,"{'Risk': 'Very High', 'Strategy': 'Price Reduction', 'Offer': 'Immediately offer 25% price reduction or downgrade to affordable plan', 'Action': 'Trigger automated discount coupon within 48 hours of signup'}",Very High
0,0,0,0,12,1,2,0,2,0,2,2,0,0,0,1,3,61.65,713.75,1,6.571932831202421,2,3,-0.7040844241915073,-0.22934279026607712,New Price-Shocked Customers,"{'Risk': 'Very High', 'Strategy': 'Price Reduction', 'Offer': 'Immediately offer 25% price reduction or downgrade to affordable plan', 'Action': 'Trigger automated discount coupon within 48 hours of signup'}",Very High
0,1,1,0,65,1,2,1,2,0,2,0,2,2,0,0,0,105.25,6786.4,1,8.82282323116865,0,1,3.8370997981217525,-0.5422250060973897,Loyal Premium Customers,"{'Risk': 'Very High', 'Strategy': 'Loyalty Reward', 'Offer': 'Offer exclusive VIP loyalty program with 20% discount and priority support', 'Action': 'Personal call from retention team within 24 hours'}",Very High
1,0,1,1,9,0,1,0,0,2,0,0,0,0,0,1,2,29.95,248.95,1,5.521260897859579,2,0,-1.5465119517654382,-1.2378914647637163,New Low-Value Customers,"{'Risk': 'Medium', 'Strategy': 'Onboarding Support', 'Offer': 'Provide free onboarding assistance and offer a 10% discount on first 3 months', 'Action': 'Assign dedicated support agent for first 30 days'}",Medium
0,0,1,1,9,1,0,0,2,2,2,2,0,0,0,0,3,65.0,663.05,1,6.49835744784626,2,3,-0.7531847808410085,-0.03885958207755605,New Price-Shocked Customers,"{'Risk': 'Very High', 'Strategy': 'Price Reduction', 'Offer': 'Immediately offer 25% price reduction or downgrade to affordable plan', 'Action': 'Trigger automated discount coupon within 48 hours of signup'}",Very High
0,0,0,0,7,1,0,2,1,1,1,1,1,1,0,0,0,20.0,137.6,1,4.931592086755803,2,0,-1.8324314671418498,-1.5354553843450338,New Low-Value Customers,"{'Risk': 'Medium', 'Strategy': 'Onboarding Support', 'Offer': 'Provide free onboarding assistance and offer a 10% discount on first 3 months', 'Action': 'Assign dedicated support agent for first 30 days'}",Medium
1,1,1,0,49,1,2,1,0,2,0,0,0,2,0,0,1,90.05,4547.25,1,8.422497822576913,0,1,2.2902301433076286,-0.47278802937385456,Loyal Premium Customers,"{'Risk': 'Very High', 'Strategy': 'Loyalty Reward', 'Offer': 'Offer exclusive VIP loyalty program with 20% discount and priority support', 'Action': 'Personal call from retention team within 24 hours'}",Very High
1,1,1,1,43,1,2,1,0,2,2,2,2,2,0,1,0,110.75,4687.9,1,8.452953292353323,0,1,2.534968182113611,0.3781357178072612,Loyal Premium Customers,"{'Risk': 'Very High', 'Strategy': 'Loyalty Reward', 'Offer': 'Offer exclusive VIP loyalty program with 20% discount and priority support', 'Action': 'Personal call from retention team within 24 hours'}",Very High
0,0,1,1,65,1,2,1,0,2,2,0,2,2,0,1,2,105.5,6985.65,1,8.85175646426784,0,1,3.9095012206800086,-0.5566486622091007,Loyal Premium Customers,"{'Risk': 'Very High', 'Strategy': 'Loyalty Reward', 'Offer': 'Offer exclusive VIP loyalty program with 20% discount and priority support', 'Action': 'Personal call from retention team within 24 hours'}",Very High
1,1,1,1,56,1,2,1,2,0,2,0,2,2,1,1,0,104.55,5794.65,1,8.664862915143807,0,1,3.2041750350268843,-0.2551111236991108,Loyal Premium Customers,"{'Risk': 'Very High', 'Strategy': 'Loyalty Reward', 'Offer': 'Offer exclusive VIP loyalty program with 20% discount and priority support', 'Action': 'Personal call from retention team within 24 hours'}",Very High
1,0,1,0,10,1,2,1,0,0,0,0,0,2,0,1,2,85.25,855.3,1,6.752620782032146,2,3,-0.27941213176247776,0.6376051251498288,New Price-Shocked Customers,"{'Risk': 'Very High', 'Strategy': 'Price Reduction', 'Offer': 'Immediately offer 25% price reduction or downgrade to affordable plan', 'Action': 'Trigger automated discount coupon within 48 hours of signup'}",Very High
0,0,1,1,43,1,0,0,0,0,0,0,2,0,0,0,2,56.15,2499.3,1,7.8241660036568685,0,4,0.7743279050155452,-1.3090202632757522,Mid-Tenure Low Spenders,"{'Risk': 'Medium', 'Strategy': 'Upsell + Retain', 'Offer': 'Offer bundled services upgrade at same price point', 'Action': 'Send monthly value report showing benefits they are missing'}",Medium
1,0,0,0,1,1,0,1,0,0,0,0,2,2,0,1,2,89.55,89.55,1,4.505902184329423,2,3,-0.7424090473996888,1.0762265477969628,New Price-Shocked Customers,"{'Risk': 'Very High', 'Strategy': 'Price Reduction', 'Offer': 'Immediately offer 25% price reduction or downgrade to affordable plan', 'Action': 'Trigger automated discount coupon within 48 hours of signup'}",Very High
1,1,1,0,20,1,2,1,0,0,0,0,2,2,0,1,2,94.55,1899.65,1,7.549951211913027,1,2,0.5629137753484219,0.6286542836373632,Mid-Tenure High Spenders,"{'Risk': 'High', 'Strategy': 'Value Enhancement', 'Offer': 'Upgrade to annual contract with 15% discount and free add-on services', 'Action': 'Send personalized email with tailored upgrade offer'}",High
1,0,0,0,1,1,0,0,0,0,0,0,0,0,0,1,3,45.7,45.7,1,3.8437441646748516,2,0,-1.5736775340120381,-0.4793520743607629,New Low-Value Customers,"{'Risk': 'Medium', 'Strategy': 'Onboarding Support', 'Offer': 'Provide free onboarding assistance and offer a 10% discount on first 3 months', 'Action': 'Assign dedicated support agent for first 30 days'}",Medium
0,1,0,0,2,1,2,1,0,2,0,0,0,2,0,0,2,89.5,161.5,1,5.090678001769792,2,3,-0.6874664472110525,1.0442535405309266,New Price-Shocked Customers,"{'Risk': 'Very High', 'Strategy': 'Price Reduction', 'Offer': 'Immediately offer 25% price reduction or downgrade to affordable plan', 'Action': 'Trigger automated discount coupon within 48 hours of signup'}",Very High
0,0,0,0,3,1,0,1,0,0,0,0,0,0,0,1,0,69.55,222.3,1,5.408516158846112,2,3,-1.0067948844020411,0.3053039277289844,New Price-Shocked Customers,"{'Risk': 'Very High', 'Strategy': 'Price Reduction', 'Offer': 'Immediately offer 25% price reduction or downgrade to affordable plan', 'Action': 'Trigger automated discount coupon within 48 hours of signup'}",Very High
0,0,0,0,1,1,0,1,0,0,2,0,0,0,0,1,3,74.6,74.6,1,4.3254562831854875,2,3,-1.0258175736221433,0.5458753413828692,New Price-Shocked Customers,"{'Risk': 'Very High', 'Strategy': 'Price Reduction', 'Offer': 'Immediately offer 25% price reduction or downgrade to affordable plan', 'Action': 'Trigger automated discount coupon within 48 hours of signup'}",Very High
0,1,0,0,8,1,0,2,1,1,1,1,1,1,0,0,2,19.65,164.3,1,5.107762004826979,2,0,-1.7984594801075338,-1.5728096162542304,New Low-Value Customers,"{'Risk': 'Medium', 'Strategy': 'Onboarding Support', 'Offer': 'Provide free onboarding assistance and offer a 10% discount on first 3 months', 'Action': 'Assign dedicated support agent for first 30 days'}",Medium
1,0,1,1,2,1,0,2,1,1,1,1,1,1,1,0,3,19.85,35.9,1,3.6082115510464816,2,0,-2.0268515131996137,-1.420031212030571,New Low-Value Customers,"{'Risk': 'Medium', 'Strategy': 'Onboarding Support', 'Offer': 'Provide free onboarding assistance and offer a 10% discount on first 3 months', 'Action': 'Assign dedicated support agent for first 30 days'}",Medium
0,0,0,0,4,0,1,0,0,0,0,0,0,0,0,1,3,24.25,96.05,1,4.57522630961502,2,0,-1.8616653518275563,-1.3140103187020644,New Low-Value Customers,"{'Risk': 'Medium', 'Strategy': 'Onboarding Support', 'Offer': 'Provide free onboarding assistance and offer a 10% discount on first 3 months', 'Action': 'Assign dedicated support agent for first 30 days'}",Medium
0,0,0,0,2,1,0,1,0,0,0,0,0,0,0,0,2,69.65,145.15,1,4.984633491557255,2,3,-1.062574686697015,0.33966518298120846,New Price-Shocked Customers,"{'Risk': 'Very High', 'Strategy': 'Price Reduction', 'Offer': 'Immediately offer 25% price reduction or downgrade to affordable plan', 'Action': 'Trigger automated discount coupon within 48 hours of signup'}",Very High
0,0,0,0,4,1,0,0,0,0,0,0,0,0,0,0,3,45.65,191.05,1,5.257755754791914,2,0,-1.4309587868428495,-0.5634600596663504,New Low-Value Customers,"{'Risk': 'Medium', 'Strategy': 'Onboarding Support', 'Offer': 'Provide free onboarding assistance and offer a 10% discount on first 3 months', 'Action': 'Assign dedicated support agent for first 30 days'}",Medium
0,0,0,0,1,1,2,1,0,0,0,0,0,0,0,1,3,75.05,75.05,1,4.331391018705302,2,3,-1.017286882197387,0.5618390900709189,New Price-Shocked Customers,"{'Risk': 'Very High', 'Strategy': 'Price Reduction', 'Offer': 'Immediately offer 25% price reduction or downgrade to affordable plan', 'Action': 'Trigger automated discount coupon within 48 hours of signup'}",Very High
1,1,0,0,52,0,1,0,0,2,0,0,2,2,0,1,2,49.15,2550.9,1,7.844593458743952,0,4,0.9442399872125774,-1.760150902625915,Mid-Tenure Low Spenders,"{'Risk': 'Medium', 'Strategy': 'Upsell + Retain', 'Offer': 'Offer bundled services upgrade at same price point', 'Action': 'Send monthly value report showing benefits they are missing'}",Medium
0,0,0,0,2,0,1,0,0,0,0,0,0,2,0,1,2,34.7,62.25,1,4.1470951276076295,2,0,-1.7414285719627525,-0.8945735488520824,New Low-Value Customers,"{'Risk': 'Medium', 'Strategy': 'Onboarding Support', 'Offer': 'Provide free onboarding assistance and offer a 10% discount on first 3 months', 'Action': 'Assign dedicated support agent for first 30 days'}",Medium
1,0,1,1,1,1,0,1,0,0,0,0,0,2,0,0,2,80.0,80.0,1,4.394449154672439,2,3,-0.9234492765250693,0.737440325639465,New Price-Shocked Customers,"{'Risk': 'Very High', 'Strategy': 'Price Reduction', 'Offer': 'Immediately offer 25% price reduction or downgrade to affordable plan', 'Action': 'Trigger automated discount coupon within 48 hours of signup'}",Very High
1,1,0,0,2,1,0,0,2,0,0,0,0,0,0,1,2,49.25,91.1,1,4.522874943261261,2,0,-1.460740728097548,-0.38008611713600576,New Low-Value Customers,"{'Risk': 'Medium', 'Strategy': 'Onboarding Support', 'Offer': 'Provide free onboarding assistance and offer a 10% discount on first 3 months', 'Action': 'Assign dedicated support agent for first 30 days'}",Medium
0,0,0,0,3,1,2,1,0,0,0,0,0,0,0,1,1,75.1,270.7,1,5.604698516432302,2,3,-0.8870135606425344,0.4971746863188405,New Price-Shocked Customers,"{'Risk': 'Very High', 'Strategy': 'Price Reduction', 'Offer': 'Immediately offer 25% price reduction or downgrade to affordable plan', 'Action': 'Trigger automated discount coupon within 48 hours of signup'}",Very High
1,0,1,1,3,1,0,0,0,0,2,0,0,0,0,1,2,50.15,168.15,1,5.130785895226717,2,0,-1.3863778456294644,-0.37884362331412125,New Low-Value Customers,"{'Risk': 'Medium', 'Strategy': 'Onboarding Support', 'Offer': 'Provide free onboarding assistance and offer a 10% discount on first 3 months', 'Action': 'Assign dedicated support agent for first 30 days'}",Medium
0,0,0,0,25,1,0,1,2,2,0,0,0,0,0,1,0,79.85,2015.35,1,7.609044225233705,1,2,0.48563031601917733,-0.016950408926935077,Mid-Tenure High Spenders,"{'Risk': 'High', 'Strategy': 'Value Enhancement', 'Offer': 'Upgrade to annual contract with 15% discount and free add-on services', 'Action': 'Send personalized email with tailored upgrade offer'}",High
1,0,0,0,1,1,0,2,1,1,1,1,1,1,0,0,3,19.55,19.55,1,3.022860940942244,2,0,-2.0694054912506457,-1.4070232481218696,New Low-Value Customers,"{'Risk': 'Medium', 'Strategy': 'Onboarding Support', 'Offer': 'Provide free onboarding assistance and offer a 10% discount on first 3 months', 'Action': 'Assign dedicated support agent for first 30 days'}",Medium
0,0,1,1,4,1,2,1,0,0,0,0,0,2,0,1,2,85.95,381.3,1,5.946205640702367,2,3,-0.6160033573062094,0.8486310857198075,New Price-Shocked Customers,"{'Risk': 'Very High', 'Strategy': 'Price Reduction', 'Offer': 'Immediately offer 25% price reduction or downgrade to affordable plan', 'Action': 'Trigger automated discount coupon within 48 hours of signup'}",Very High
1,0,0,0,3,1,0,0,0,0,0,0,0,0,0,1,2,45.35,141.5,1,4.959341999708705,2,0,-1.4848011235113563,-0.5465661266183999,New Low-Value Customers,"{'Risk': 'Medium', 'Strategy': 'Onboarding Support', 'Offer': 'Provide free onboarding assistance and offer a 10% discount on first 3 months', 'Action': 'Assign dedicated support agent for first 30 days'}",Medium
1,1,1,0,33,1,2,1,0,0,0,0,2,2,0,1,2,94.5,3105.55,1,8.041268064658302,1,2,1.380327748961028,0.20269327872057577,Mid-Tenure High Spenders,"{'Risk': 'High', 'Strategy': 'Value Enhancement', 'Offer': 'Upgrade to annual contract with 15% discount and free add-on services', 'Action': 'Send personalized email with tailored upgrade offer'}",High
0,1,0,0,30,1,2,1,2,2,2,0,0,0,0,0,1,91.7,2758.15,1,7.922677940263891,1,2,1.115851137730201,0.20901333717067822,Mid-Tenure High Spenders,"{'Risk': 'High', 'Strategy': 'Value Enhancement', 'Offer': 'Upgrade to annual contract with 15% discount and free add-on services', 'Action': 'Send personalized email with tailored upgrade offer'}",High
0,0,0,0,45,1,2,1,0,0,2,2,0,0,0,1,2,87.25,3941.7,1,8.27962104678323,0,2,1.906570066543157,-0.41448036546160416,Mid-Tenure High Spenders,"{'Risk': 'High', 'Strategy': 'Value Enhancement', 'Offer': 'Upgrade to annual contract with 15% discount and free add-on services', 'Action': 'Send personalized email with tailored upgrade offer'}",High
1,0,0,0,10,1,2,1,2,0,0,0,2,2,0,0,2,98.55,1008.55,1,6.917259965996383,2,3,0.020301704271481452,1.0930418218853124,New Price-Shocked Customers,"{'Risk': 'Very High', 'Strategy': 'Price Reduction', 'Offer': 'Immediately offer 25% price reduction or downgrade to affordable plan', 'Action': 'Trigger automated discount coupon within 48 hours of signup'}",Very High
1,1,0,0,20,1,2,1,0,0,2,0,2,2,0,1,2,98.55,1842.8,1,7.519583938364494,1,2,0.6180524862831347,0.7776765979431521,Mid-Tenure High Spenders,"{'Risk': 'High', 'Strategy': 'Value Enhancement', 'Offer': 'Upgrade to annual contract with 15% discount and free add-on services', 'Action': 'Send personalized email with tailored upgrade offer'}",High
0,0,0,1,15,1,0,1,0,2,0,0,0,2,0,1,0,85.9,1269.55,1,7.1472051565706565,1,3,0.03058683100300552,0.5033938528865967,New Price-Shocked Customers,"{'Risk': 'Very High', 'Strategy': 'Price Reduction', 'Offer': 'Immediately offer 25% price reduction or downgrade to affordable plan', 'Action': 'Trigger automated discount coupon within 48 hours of signup'}",Very High
0,0,0,0,22,1,0,1,0,0,0,0,2,2,0,0,2,89.25,1907.85,1,7.554256245468311,1,2,0.5298506874137049,0.39551295211717313,Mid-Tenure High Spenders,"{'Risk': 'High', 'Strategy': 'Value Enhancement', 'Offer': 'Upgrade to annual contract with 15% discount and free add-on services', 'Action': 'Send personalized email with tailored upgrade offer'}",High
1,0,1,0,3,1,0,1,0,0,0,0,0,0,0,1,2,70.3,208.85,1,5.346392989779599,2,3,-0.9974052187453635,0.3335722466802722,New Price-Shocked Customers,"{'Risk': 'Very High', 'Strategy': 'Price Reduction', 'Offer': 'Immediately offer 25% price reduction or downgrade to affordable plan', 'Action': 'Trigger automated discount coupon within 48 hours of signup'}",Very High
1,0,0,0,15,1,2,1,0,0,0,0,2,2,0,1,2,93.35,1444.65,1,7.2763143263943215,1,3,0.22881997772308807,0.7480596074859523,New Price-Shocked Customers,"{'Risk': 'Very High', 'Strategy': 'Price Reduction', 'Offer': 'Immediately offer 25% price reduction or downgrade to affordable plan', 'Action': 'Trigger automated discount coupon within 48 hours of signup'}",Very High
0,0,0,0,1,1,0,2,1,1,1,1,1,1,0,0,3,19.9,19.9,1,3.039749158970765,2,0,-2.062770509031391,-1.3946069991422756,New Low-Value Customers,"{'Risk': 'Medium', 'Strategy': 'Onboarding Support', 'Offer': 'Provide free onboarding assistance and offer a 10% discount on first 3 months', 'Action': 'Assign dedicated support agent for first 30 days'}",Medium
0,0,1,0,5,1,0,1,2,0,2,0,0,2,0,1,3,88.9,454.15,1,6.120627034951298,2,3,-0.5049035036361676,0.9233288689602193,New Price-Shocked Customers,"{'Risk': 'Very High', 'Strategy': 'Price Reduction', 'Offer': 'Immediately offer 25% price reduction or downgrade to affordable plan', 'Action': 'Trigger automated discount coupon within 48 hours of signup'}",Very High
1,0,1,0,33,1,0,1,0,0,2,0,2,2,1,1,2,95.8,3036.75,1,8.01887238878872,1,2,1.3811372114311904,0.25701578808294806,Mid-Tenure High Spenders,"{'Risk': 'High', 'Strategy': 'Value Enhancement', 'Offer': 'Upgrade to annual contract with 15% discount and free add-on services', 'Action': 'Send personalized email with tailored upgrade offer'}",High
1,0,0,0,2,1,2,1,0,2,0,0,0,0,0,1,2,82.0,184.65,1,5.2238631806230895,2,3,-0.8192233065505947,0.774603563778754,New Price-Shocked Customers,"{'Risk': 'Very High', 'Strategy': 'Price Reduction', 'Offer': 'Immediately offer 25% price reduction or downgrade to affordable plan', 'Action': 'Trigger automated discount coupon within 48 hours of signup'}",Very High
1,0,0,0,2,1,0,0,0,0,0,0,0,0,0,0,2,45.35,89.5,1,4.505349850705881,2,0,-1.5338913622681194,-0.5187078144711992,New Low-Value Customers,"{'Risk': 'Medium', 'Strategy': 'Onboarding Support', 'Offer': 'Provide free onboarding assistance and offer a 10% discount on first 3 months', 'Action': 'Assign dedicated support agent for first 30 days'}",Medium
0,0,0,0,1,1,0,0,0,0,0,2,0,0,0,1,2,52.2,52.2,1,3.9740583963475986,2,0,-1.4504564356544494,-0.24876459331115694,New Low-Value Customers,"{'Risk': 'Medium', 'Strategy': 'Onboarding Support', 'Offer': 'Provide free onboarding assistance and offer a 10% discount on first 3 months', 'Action': 'Assign dedicated support agent for first 30 days'}",Medium
0,1,0,0,46,1,2,1,2,2,2,0,2,2,1,1,2,110.0,4874.8,1,8.492039472532698,0,1,2.6787824212174325,0.264249987671001,Loyal Premium Customers,"{'Risk': 'Very High', 'Strategy': 'Loyalty Reward', 'Offer': 'Offer exclusive VIP loyalty program with 20% discount and priority support', 'Action': 'Personal call from retention team within 24 hours'}",Very High
1,0,0,0,62,1,2,1,0,0,2,0,2,2,1,1,2,96.75,6125.4,1,8.72036258072303,0,1,3.35987843632432,-0.7020735786806089,Loyal Premium Customers,"{'Risk': 'Very High', 'Strategy': 'Loyalty Reward', 'Offer': 'Offer exclusive VIP loyalty program with 20% discount and priority support', 'Action': 'Personal call from retention team within 24 hours'}",Very High
0,0,0,0,10,1,2,1,0,0,0,2,2,2,0,1,2,98.5,1058.25,1,6.965316389506668,2,3,0.03626938705485658,1.0854449706853724,New Price-Shocked Customers,"{'Risk': 'Very High', 'Strategy': 'Price Reduction', 'Offer': 'Immediately offer 25% price reduction or downgrade to affordable plan', 'Action': 'Trigger automated discount coupon within 48 hours of signup'}",Very High
1,0,0,0,6,1,0,1,0,2,0,0,2,0,0,1,2,85.35,489.45,1,6.195323337010325,2,3,-0.5275820837174681,0.7710734886743286,New Price-Shocked Customers,"{'Risk': 'Very High', 'Strategy': 'Price Reduction', 'Offer': 'Immediately offer 25% price reduction or downgrade to affordable plan', 'Action': 'Trigger automated discount coupon within 48 hours of signup'}",Very High
1,0,1,0,40,1,2,1,0,2,0,0,2,2,0,1,2,101.3,4113.1,1,8.322175377161045,0,2,2.069369524234787,0.17438522900318534,Mid-Tenure High Spenders,"{'Risk': 'High', 'Strategy': 'Value Enhancement', 'Offer': 'Upgrade to annual contract with 15% discount and free add-on services', 'Action': 'Send personalized email with tailored upgrade offer'}",High
1,0,0,0,1,1,0,1,0,0,0,0,0,0,0,1,2,69.55,69.55,1,4.256321678298823,2,3,-1.1215508884999623,0.36672660610586777,New Price-Shocked Customers,"{'Risk': 'Very High', 'Strategy': 'Price Reduction', 'Offer': 'Immediately offer 25% price reduction or downgrade to affordable plan', 'Action': 'Trigger automated discount coupon within 48 hours of signup'}",Very High
1,0,0,0,58,1,2,1,0,2,2,0,2,2,1,1,0,103.25,6017.65,1,8.702618260662822,0,1,3.318614592317153,-0.3710260299700505,Loyal Premium Customers,"{'Risk': 'Very High', 'Strategy': 'Loyalty Reward', 'Offer': 'Offer exclusive VIP loyalty program with 20% discount and priority support', 'Action': 'Personal call from retention team within 24 hours'}",Very High
1,0,0,0,70,1,2,1,2,0,0,2,2,2,2,1,1,104.0,7250.15,1,8.888915355959444,0,1,4.128556841191692,-0.7498550021513188,Loyal Premium Customers,"{'Risk': 'Very High', 'Strategy': 'Loyalty Reward', 'Offer': 'Offer exclusive VIP loyalty program with 20% discount and priority support', 'Action': 'Personal call from retention team within 24 hours'}",Very High
0,0,0,0,2,1,0,1,0,0,2,0,0,2,0,1,3,86.2,178.7,1,5.191288793789513,2,3,-0.7430546295571087,0.9247865812556726,New Price-Shocked Customers,"{'Risk': 'Very High', 'Strategy': 'Price Reduction', 'Offer': 'Immediately offer 25% price reduction or downgrade to affordable plan', 'Action': 'Trigger automated discount coupon within 48 hours of signup'}",Very High
1,0,1,0,21,1,2,1,0,2,2,2,2,2,0,1,2,111.2,2317.1,1,7.748503163607648,1,2,1.0462353644649953,1.1506285875332354,Mid-Tenure High Spenders,"{'Risk': 'High', 'Strategy': 'Value Enhancement', 'Offer': 'Upgrade to annual contract with 15% discount and free add-on services', 'Action': 'Send personalized email with tailored upgrade offer'}",High
0,0,1,1,16,1,0,1,0,2,2,0,2,0,0,1,1,89.45,1430.25,1,7.26630346730255,1,3,0.18272688235709997,0.5891642606608887,New Price-Shocked Customers,"{'Risk': 'Very High', 'Strategy': 'Price Reduction', 'Offer': 'Immediately offer 25% price reduction or downgrade to affordable plan', 'Action': 'Trigger automated discount coupon within 48 hours of signup'}",Very High
1,1,1,0,7,1,2,1,0,0,0,0,2,2,0,1,0,95.6,644.35,1,6.469792805281196,2,3,-0.2526796506164216,1.0959894677055175,New Price-Shocked Customers,"{'Risk': 'Very High', 'Strategy': 'Price Reduction', 'Offer': 'Immediately offer 25% price reduction or downgrade to affordable plan', 'Action': 'Trigger automated discount coupon within 48 hours of signup'}",Very High
1,0,1,1,60,1,0,1,0,2,2,0,2,0,1,0,2,90.95,5453.4,1,8.604177901383638,0,1,2.9605927521584494,-0.7863079660884935,Loyal Premium Customers,"{'Risk': 'Very High', 'Strategy': 'Loyalty Reward', 'Offer': 'Offer exclusive VIP loyalty program with 20% discount and priority support', 'Action': 'Personal call from retention team within 24 hours'}",Very High
0,0,1,0,50,1,2,1,2,2,0,2,2,2,1,0,2,108.55,5610.7,1,8.632608982915363,0,1,3.027640310661111,0.03941902451858109,Loyal Premium Customers,"{'Risk': 'Very High', 'Strategy': 'Loyalty Reward', 'Offer': 'Offer exclusive VIP loyalty program with 20% discount and priority support', 'Action': 'Personal call from retention team within 24 hours'}",Very High
0,1,0,0,4,1,0,1,0,0,0,0,2,0,0,1,2,78.85,292.8,1,5.682899263739777,2,3,-0.7782755901577239,0.6062862536464231,New Price-Shocked Customers,"{'Risk': 'Very High', 'Strategy': 'Price Reduction', 'Offer': 'Immediately offer 25% price reduction or downgrade to affordable plan', 'Action': 'Trigger automated discount coupon within 48 hours of signup'}",Very High
1,0,0,0,1,1,0,0,0,0,0,0,0,0,0,0,3,44.4,44.4,1,3.8155121050473024,2,0,-1.5983217536835561,-0.5254695705706843,New Low-Value Customers,"{'Risk': 'Medium', 'Strategy': 'Onboarding Support', 'Offer': 'Provide free onboarding assistance and offer a 10% discount on first 3 months', 'Action': 'Assign dedicated support agent for first 30 days'}",Medium
0,1,0,0,55,1,2,1,0,0,2,0,2,2,1,1,2,100.0,5509.3,1,8.614374347125786,0,1,2.9910355559837165,-0.36188363445951843,Loyal Premium Customers,"{'Risk': 'Very High', 'Strategy': 'Loyalty Reward', 'Offer': 'Offer exclusive VIP loyalty program with 20% discount and priority support', 'Action': 'Personal call from retention team within 24 hours'}",Very High
0,0,1,1,12,1,0,2,1,1,1,1,1,1,1,0,0,19.8,229.6,1,5.440684607834958,2,0,-1.6478255042995267,-1.662201413727887,New Low-Value Customers,"{'Risk': 'Medium', 'Strategy': 'Onboarding Support', 'Offer': 'Provide free onboarding assistance and offer a 10% discount on first 3 months', 'Action': 'Assign dedicated support agent for first 30 days'}",Medium
1,0,0,0,1,1,0,1,0,0,0,0,2,2,0,1,2,89.9,89.9,1,4.509760001183433,2,3,-0.7357740651804338,1.0886427967765573,New Price-Shocked Customers,"{'Risk': 'Very High', 'Strategy': 'Price Reduction', 'Offer': 'Immediately offer 25% price reduction or downgrade to affordable plan', 'Action': 'Trigger automated discount coupon within 48 hours of signup'}",Very High
0,0,0,1,62,1,2,1,0,0,2,0,2,2,1,1,2,100.15,6413.65,1,8.766339715935429,0,1,3.5211846261844904,-0.6147995015243023,Loyal Premium Customers,"{'Risk': 'Very High', 'Strategy': 'Loyalty Reward', 'Offer': 'Offer exclusive VIP loyalty program with 20% discount and priority support', 'Action': 'Personal call from retention team within 24 hours'}",Very High
1,0,0,0,1,1,0,0,0,2,0,0,0,0,0,0,2,50.8,50.8,1,3.9473901492654373,2,0,-1.4769963645314688,-0.2984295892295338,New Low-Value Customers,"{'Risk': 'Medium', 'Strategy': 'Onboarding Support', 'Offer': 'Provide free onboarding assistance and offer a 10% discount on first 3 months', 'Action': 'Assign dedicated support agent for first 30 days'}",Medium
1,1,1,0,20,1,0,1,0,2,0,0,0,0,0,1,2,73.65,1463.5,1,7.289269166267788,1,3,0.02552106597976739,-0.06416927937340672,New Price-Shocked Customers,"{'Risk': 'Very High', 'Strategy': 'Price Reduction', 'Offer': 'Immediately offer 25% price reduction or downgrade to affordable plan', 'Action': 'Trigger automated discount coupon within 48 hours of signup'}",Very High
0,0,0,0,3,1,0,1,0,2,0,0,2,2,0,1,2,95.1,307.4,1,5.731397641689174,2,3,-0.5021935391533505,1.204719938713988,New Price-Shocked Customers,"{'Risk': 'Very High', 'Strategy': 'Price Reduction', 'Offer': 'Immediately offer 25% price reduction or downgrade to affordable plan', 'Action': 'Trigger automated discount coupon within 48 hours of signup'}",Very High
1,0,0,0,22,1,2,1,0,0,0,0,2,2,0,1,1,94.65,2104.55,1,7.652331994648445,1,2,0.6972630508819521,0.5646867949177931,Mid-Tenure High Spenders,"{'Risk': 'High', 'Strategy': 'Value Enhancement', 'Offer': 'Upgrade to annual contract with 15% discount and free add-on services', 'Action': 'Send personalized email with tailored upgrade offer'}",High
1,0,1,0,4,1,0,1,0,0,2,2,0,0,0,1,3,80.6,319.15,1,5.768789635964811,2,3,-0.7367364133388632,0.6654881358689261,New Price-Shocked Customers,"{'Risk': 'Very High', 'Strategy': 'Price Reduction', 'Offer': 'Immediately offer 25% price reduction or downgrade to affordable plan', 'Action': 'Trigger automated discount coupon within 48 hours of signup'}",Very High
1,0,1,0,59,1,2,1,0,0,0,0,0,2,1,0,2,85.55,5084.65,1,8.53417812725548,0,1,2.7032718531856124,-0.9135719727911032,Loyal Premium Customers,"{'Risk': 'Very High', 'Strategy': 'Loyalty Reward', 'Offer': 'Offer exclusive VIP loyalty program with 20% discount and priority support', 'Action': 'Personal call from retention team within 24 hours'}",Very High
0,0,0,0,60,0,1,0,0,2,0,0,2,2,0,1,2,50.8,3027.4,1,8.015789706229151,0,4,1.3882507348393354,-1.9313718860551141,Mid-Tenure Low Spenders,"{'Risk': 'Medium', 'Strategy': 'Upsell + Retain', 'Offer': 'Offer bundled services upgrade at same price point', 'Action': 'Send monthly value report showing benefits they are missing'}",Medium
0,0,0,0,15,1,0,1,2,0,2,2,2,2,0,0,2,105.1,1582.75,1,7.367550731635349,1,2,0.49452617416823214,1.1501019015203096,Mid-Tenure High Spenders,"{'Risk': 'High', 'Strategy': 'Value Enhancement', 'Offer': 'Upgrade to annual contract with 15% discount and free add-on services', 'Action': 'Send personalized email with tailored upgrade offer'}",High
1,0,0,0,10,1,0,1,2,2,2,2,2,2,0,1,2,110.1,1043.3,1,6.951102083485503,2,3,0.24714436810705248,1.5000625417049744,New Price-Shocked Customers,"{'Risk': 'Very High', 'Strategy': 'Price Reduction', 'Offer': 'Immediately offer 25% price reduction or downgrade to affordable plan', 'Action': 'Trigger automated discount coupon within 48 hours of signup'}",Very High
0,0,0,0,6,1,0,1,0,0,2,0,0,2,0,0,2,83.9,497.55,1,6.211703885274802,2,3,-0.551822764040705,0.7185169415378744,New Price-Shocked Customers,"{'Risk': 'Very High', 'Strategy': 'Price Reduction', 'Offer': 'Immediately offer 25% price reduction or downgrade to affordable plan', 'Action': 'Trigger automated discount coupon within 48 hours of signup'}",Very High
0,0,1,1,63,1,2,1,2,2,2,0,2,0,0,1,2,100.55,6215.35,1,8.734938196768649,0,1,3.492616993769255,-0.5991240659458198,Loyal Premium Customers,"{'Risk': 'Very High', 'Strategy': 'Loyalty Reward', 'Offer': 'Offer exclusive VIP loyalty program with 20% discount and priority support', 'Action': 'Personal call from retention team within 24 hours'}",Very High
1,0,1,1,50,1,2,1,0,2,2,0,2,2,0,1,0,103.85,5017.9,1,8.520966065168736,0,1,2.738581625504445,-0.05847796627302745,Loyal Premium Customers,"{'Risk': 'Very High', 'Strategy': 'Loyalty Reward', 'Offer': 'Offer exclusive VIP loyalty program with 20% discount and priority support', 'Action': 'Personal call from retention team within 24 hours'}",Very High
0,0,0,0,1,0,1,0,0,0,0,0,0,0,0,0,2,24.6,24.6,1,3.242592351485517,2,0,-1.9736721763728269,-1.2278745128448683,New Low-Value Customers,"{'Risk': 'Medium', 'Strategy': 'Onboarding Support', 'Offer': 'Provide free onboarding assistance and offer a 10% discount on first 3 months', 'Action': 'Assign dedicated support agent for first 30 days'}",Medium
0,0,0,0,12,1,0,1,2,0,0,2,2,2,0,1,0,98.9,1120.95,1,7.022823521809812,2,3,0.12785425095819886,1.0487992161015005,New Price-Shocked Customers,"{'Risk': 'Very High', 'Strategy': 'Price Reduction', 'Offer': 'Immediately offer 25% price reduction or downgrade to affordable plan', 'Action': 'Trigger automated discount coupon within 48 hours of signup'}",Very High
0,0,0,0,9,1,2,1,0,0,2,0,2,2,0,0,1,98.3,923.5,1,6.829253050827179,2,3,-0.044680161795817644,1.1158705349953313,New Price-Shocked Customers,"{'Risk': 'Very High', 'Strategy': 'Price Reduction', 'Offer': 'Immediately offer 25% price reduction or downgrade to affordable plan', 'Action': 'Trigger automated discount coupon within 48 hours of signup'}",Very High
1,0,0,0,17,1,0,1,2,0,0,0,2,2,0,0,2,93.85,1625.65,1,7.394277964224954,1,2,0.362489827596556,0.7011263660967026,Mid-Tenure High Spenders,"{'Risk': 'High', 'Strategy': 'Value Enhancement', 'Offer': 'Upgrade to annual contract with 15% discount and free add-on services', 'Action': 'Send personalized email with tailored upgrade offer'}",High
1,1,0,0,9,1,2,1,0,0,2,0,2,2,0,1,2,100.5,918.6,1,6.8239387928890265,2,3,-0.005388635967078865,1.1947465641502877,New Price-Shocked Customers,"{'Risk': 'Very High', 'Strategy': 'Price Reduction', 'Offer': 'Immediately offer 25% price reduction or downgrade to affordable plan', 'Action': 'Trigger automated discount coupon within 48 hours of signup'}",Very High
1,1,0,0,10,1,0,1,0,2,0,0,0,0,0,1,2,72.85,688.65,1,6.536184222521529,2,3,-0.5669267394116806,0.21576970165463913,New Price-Shocked Customers,"{'Risk': 'Very High', 'Strategy': 'Price Reduction', 'Offer': 'Immediately offer 25% price reduction or downgrade to affordable plan', 'Action': 'Trigger automated discount coupon within 48 hours of signup'}",Very High
1,1,1,0,1,1,2,1,0,0,0,0,0,0,0,1,2,73.55,73.55,1,4.311470041210748,2,3,-1.0457225202799076,0.5086265944440868,New Price-Shocked Customers,"{'Risk': 'Very High', 'Strategy': 'Price Reduction', 'Offer': 'Immediately offer 25% price reduction or downgrade to affordable plan', 'Action': 'Trigger automated discount coupon within 48 hours of signup'}",Very High
0,1,0,0,3,1,2,1,0,2,0,0,0,0,0,1,2,79.4,205.05,1,5.328118857784826,2,3,-0.829281820387071,0.6579046298453929,New Price-Shocked Customers,"{'Risk': 'Very High', 'Strategy': 'Price Reduction', 'Offer': 'Immediately offer 25% price reduction or downgrade to affordable plan', 'Action': 'Trigger automated discount coupon within 48 hours of signup'}",Very High
0,0,0,0,13,1,0,1,0,2,2,0,0,0,0,1,2,81.15,952.3,1,6.8599296494995325,1,3,-0.2285320859327852,0.4150085954129016,New Price-Shocked Customers,"{'Risk': 'Very High', 'Strategy': 'Price Reduction', 'Offer': 'Immediately offer 25% price reduction or downgrade to affordable plan', 'Action': 'Trigger automated discount coupon within 48 hours of signup'}",Very High
0,1,0,0,4,1,2,1,0,0,0,0,0,2,0,1,2,84.6,360.1,1,5.889154928283412,2,3,-0.6483446459948415,0.8030632278307818,New Price-Shocked Customers,"{'Risk': 'Very High', 'Strategy': 'Price Reduction', 'Offer': 'Immediately offer 25% price reduction or downgrade to affordable plan', 'Action': 'Trigger automated discount coupon within 48 hours of signup'}",Very High
0,0,0,0,6,1,2,1,2,0,0,0,0,0,0,1,2,79.05,434.5,1,6.0764947962925575,2,3,-0.6635532891682756,0.5532753563977928,New Price-Shocked Customers,"{'Risk': 'Very High', 'Strategy': 'Price Reduction', 'Offer': 'Immediately offer 25% price reduction or downgrade to affordable plan', 'Action': 'Trigger automated discount coupon within 48 hours of signup'}",Very High
0,0,0,0,3,1,2,1,0,0,0,0,0,0,0,0,0,74.4,215.8,1,5.378975269565491,2,3,-0.9187121105348733,0.4786861500267403,New Price-Shocked Customers,"{'Risk': 'Very High', 'Strategy': 'Price Reduction', 'Offer': 'Immediately offer 25% price reduction or downgrade to affordable plan', 'Action': 'Trigger automated discount coupon within 48 hours of signup'}",Very High
1,1,0,0,35,1,2,1,0,0,2,0,2,2,0,1,2,99.05,3395.8,1,8.130589090948991,1,2,1.6265429579994204,0.28712040343193457,Mid-Tenure High Spenders,"{'Risk': 'High', 'Strategy': 'Value Enhancement', 'Offer': 'Upgrade to annual contract with 15% discount and free add-on services', 'Action': 'Send personalized email with tailored upgrade offer'}",High
1,1,0,0,2,1,0,0,0,0,0,0,0,0,0,0,3,44.95,85.15,1,4.456089962973938,2,0,-1.5428172417569628,-0.5324354766152608,New Low-Value Customers,"{'Risk': 'Medium', 'Strategy': 'Onboarding Support', 'Offer': 'Provide free onboarding assistance and offer a 10% discount on first 3 months', 'Action': 'Assign dedicated support agent for first 30 days'}",Medium
1,0,1,0,1,1,0,0,0,0,0,0,0,0,0,0,1,44.7,44.7,1,3.822098297900159,2,0,-1.5926346260670519,-0.5148270714453176,New Low-Value Customers,"{'Risk': 'Medium', 'Strategy': 'Onboarding Support', 'Offer': 'Provide free onboarding assistance and offer a 10% discount on first 3 months', 'Action': 'Assign dedicated support agent for first 30 days'}",Medium
1,0,0,0,1,1,0,0,0,0,0,0,0,0,0,1,3,45.7,45.7,1,3.8437441646748516,2,0,-1.5736775340120381,-0.4793520743607629,New Low-Value Customers,"{'Risk': 'Medium', 'Strategy': 'Onboarding Support', 'Offer': 'Provide free onboarding assistance and offer a 10% discount on first 3 months', 'Action': 'Assign dedicated support agent for first 30 days'}",Medium
1,1,0,0,8,1,0,1,2,0,0,2,2,2,0,0,1,100.3,832.35,1,6.725453721988185,2,3,-0.0698476609337913,1.2194953361935725,New Price-Shocked Customers,"{'Risk': 'Very High', 'Strategy': 'Price Reduction', 'Offer': 'Immediately offer 25% price reduction or downgrade to affordable plan', 'Action': 'Trigger automated discount coupon within 48 hours of signup'}",Very High
1,0,0,0,7,1,0,2,1,1,1,1,1,1,0,0,2,19.25,112.3,1,4.730039168033961,2,0,-1.8549965513656101,-1.5591881218461434,New Low-Value Customers,"{'Risk': 'Medium', 'Strategy': 'Onboarding Support', 'Offer': 'Provide free onboarding assistance and offer a 10% discount on first 3 months', 'Action': 'Assign dedicated support agent for first 30 days'}",Medium
0,0,0,0,2,1,2,1,0,0,0,0,2,2,0,1,2,96.0,174.8,1,5.169346985251076,2,3,-0.5619332754016917,1.2740451001905657,New Price-Shocked Customers,"{'Risk': 'Very High', 'Strategy': 'Price Reduction', 'Offer': 'Immediately offer 25% price reduction or downgrade to affordable plan', 'Action': 'Trigger automated discount coupon within 48 hours of signup'}",Very High
0,0,0,0,1,1,0,1,0,0,0,0,2,2,0,0,2,90.55,90.55,1,4.51688527112052,2,3,-0.7234519553446751,1.1117015448815177,New Price-Shocked Customers,"{'Risk': 'Very High', 'Strategy': 'Price Reduction', 'Offer': 'Immediately offer 25% price reduction or downgrade to affordable plan', 'Action': 'Trigger automated discount coupon within 48 hours of signup'}",Very High
1,1,1,0,44,0,1,0,0,2,0,0,0,0,0,1,2,30.35,1359.7,1,7.215754552196813,0,4,-0.06205942390524368,-2.1156798007304634,Mid-Tenure Low Spenders,"{'Risk': 'Medium', 'Strategy': 'Upsell + Retain', 'Offer': 'Offer bundled services upgrade at same price point', 'Action': 'Send monthly value report showing benefits they are missing'}",Medium
1,0,0,0,71,1,2,1,2,0,2,2,2,2,2,1,2,108.05,7532.15,1,8.92706856001295,0,1,4.331248743422418,-0.6604864052329819,Loyal Premium Customers,"{'Risk': 'Very High', 'Strategy': 'Loyalty Reward', 'Offer': 'Offer exclusive VIP loyalty program with 20% discount and priority support', 'Action': 'Personal call from retention team within 24 hours'}",Very High
1,0,0,0,1,1,0,1,0,0,0,0,0,0,0,1,2,69.9,69.9,1,4.2612704335380815,2,3,-1.1149159062807072,0.37914285508546225,New Price-Shocked Customers,"{'Risk': 'Very High', 'Strategy': 'Price Reduction', 'Offer': 'Immediately offer 25% price reduction or downgrade to affordable plan', 'Action': 'Trigger automated discount coupon within 48 hours of signup'}",Very High
1,1,1,0,62,1,2,1,0,2,2,0,2,2,1,1,2,103.75,6383.35,1,8.761604962188237,0,1,3.577903791403853,-0.48312160979639474,Loyal Premium Customers,"{'Risk': 'Very High', 'Strategy': 'Loyalty Reward', 'Offer': 'Offer exclusive VIP loyalty program with 20% discount and priority support', 'Action': 'Personal call from retention team within 24 hours'}",Very High
1,0,0,0,1,1,2,1,0,0,0,0,0,2,0,1,2,86.6,86.6,1,4.472780997942346,2,3,-0.7983324689619792,0.9715753063975261,New Price-Shocked Customers,"{'Risk': 'Very High', 'Strategy': 'Price Reduction', 'Offer': 'Immediately offer 25% price reduction or downgrade to affordable plan', 'Action': 'Trigger automated discount coupon within 48 hours of signup'}",Very High
0,1,1,0,33,1,2,1,0,2,0,0,0,0,0,1,0,80.6,2656.5,1,7.885141110216103,1,2,0.9688684690230186,-0.23947606416002631,Mid-Tenure High Spenders,"{'Risk': 'High', 'Strategy': 'Value Enhancement', 'Offer': 'Upgrade to annual contract with 15% discount and free add-on services', 'Action': 'Send personalized email with tailored upgrade offer'}",High
0,0,0,0,35,1,2,1,0,2,0,2,0,0,0,0,1,85.3,2917.5,1,7.978825064643845,1,2,1.2079309242987668,-0.14628650034701032,Mid-Tenure High Spenders,"{'Risk': 'High', 'Strategy': 'Value Enhancement', 'Offer': 'Upgrade to annual contract with 15% discount and free add-on services', 'Action': 'Send personalized email with tailored upgrade offer'}",High
0,0,0,0,34,1,0,1,0,0,0,0,0,0,0,1,1,70.0,2416.1,1,7.7903237534512595,1,4,0.721198488068793,-0.6103854266251801,Mid-Tenure Low Spenders,"{'Risk': 'Medium', 'Strategy': 'Upsell + Retain', 'Offer': 'Offer bundled services upgrade at same price point', 'Action': 'Send monthly value report showing benefits they are missing'}",Medium
0,1,0,0,4,1,2,1,0,0,0,0,2,2,0,1,2,94.3,424.45,1,6.0531474322955665,2,3,-0.4458792627466005,1.1407740666154216,New Price-Shocked Customers,"{'Risk': 'Very High', 'Strategy': 'Price Reduction', 'Offer': 'Immediately offer 25% price reduction or downgrade to affordable plan', 'Action': 'Trigger automated discount coupon within 48 hours of signup'}",Very High
0,0,0,0,7,1,0,1,0,0,2,0,2,2,0,1,2,95.35,660.9,1,6.495114487124877,2,3,-0.2517067421610914,1.085154324412108,New Price-Shocked Customers,"{'Risk': 'Very High', 'Strategy': 'Price Reduction', 'Offer': 'Immediately offer 25% price reduction or downgrade to affordable plan', 'Action': 'Trigger automated discount coupon within 48 hours of signup'}",Very High
1,1,1,0,27,1,2,1,0,0,0,0,0,0,0,1,2,75.5,1893.95,1,7.546947731944156,1,2,0.4261880553707192,-0.20110997300206918,Mid-Tenure High Spenders,"{'Risk': 'High', 'Strategy': 'Value Enhancement', 'Offer': 'Upgrade to annual contract with 15% discount and free add-on services', 'Action': 'Send personalized email with tailored upgrade offer'}",High
0,0,0,0,18,1,2,1,0,0,0,2,0,2,0,1,2,90.1,1612.75,1,7.386315942160852,1,2,0.3196993106211569,0.5473942550289608,Mid-Tenure High Spenders,"{'Risk': 'High', 'Strategy': 'Value Enhancement', 'Offer': 'Upgrade to annual contract with 15% discount and free add-on services', 'Action': 'Send personalized email with tailored upgrade offer'}",High
0,0,0,0,2,1,0,1,0,0,0,0,0,0,0,0,2,68.95,119.75,1,4.793722292532682,2,3,-1.0842429179382844,0.31772375242381096,New Price-Shocked Customers,"{'Risk': 'Very High', 'Strategy': 'Price Reduction', 'Offer': 'Immediately offer 25% price reduction or downgrade to affordable plan', 'Action': 'Trigger automated discount coupon within 48 hours of signup'}",Very High
1,0,1,1,32,1,2,1,2,0,0,0,2,2,0,1,1,99.55,3204.65,1,8.07267015690431,1,2,1.4766294026749212,0.3926055733499777,Mid-Tenure High Spenders,"{'Risk': 'High', 'Strategy': 'Value Enhancement', 'Offer': 'Upgrade to annual contract with 15% discount and free add-on services', 'Action': 'Send personalized email with tailored upgrade offer'}",High
1,0,1,1,18,1,0,0,0,0,2,0,0,2,0,0,2,57.45,990.85,1,6.899571886174118,1,0,-0.499601109895132,-0.5418942999232377,New Low-Value Customers,"{'Risk': 'Medium', 'Strategy': 'Onboarding Support', 'Offer': 'Provide free onboarding assistance and offer a 10% discount on first 3 months', 'Action': 'Assign dedicated support agent for first 30 days'}",Medium
1,0,1,1,12,1,0,0,0,0,0,0,0,2,1,0,1,53.65,696.35,1,6.547287436804703,2,0,-0.8589372621678897,-0.5120425226681494,New Low-Value Customers,"{'Risk': 'Medium', 'Strategy': 'Onboarding Support', 'Offer': 'Provide free onboarding assistance and offer a 10% discount on first 3 months', 'Action': 'Assign dedicated support agent for first 30 days'}",Medium
1,1,0,0,8,1,2,1,0,0,2,0,2,2,0,1,2,100.6,819.4,1,6.709792026198225,2,3,-0.06866567644022518,1.2316887115567419,New Price-Shocked Customers,"{'Risk': 'Very High', 'Strategy': 'Price Reduction', 'Offer': 'Immediately offer 25% price reduction or downgrade to affordable plan', 'Action': 'Trigger automated discount coupon within 48 hours of signup'}",Very High
1,0,1,1,26,1,2,1,0,0,0,0,2,0,0,1,2,83.75,2070.6,1,7.636076534549736,1,2,0.6084322067693687,0.09361984827672779,Mid-Tenure High Spenders,"{'Risk': 'High', 'Strategy': 'Value Enhancement', 'Offer': 'Upgrade to annual contract with 15% discount and free add-on services', 'Action': 'Send personalized email with tailored upgrade offer'}",High
0,1,1,1,3,1,0,1,2,0,0,2,2,0,0,1,3,88.3,273.75,1,5.61586159328373,2,3,-0.6402310551539254,0.9666326775567519,New Price-Shocked Customers,"{'Risk': 'Very High', 'Strategy': 'Price Reduction', 'Offer': 'Immediately offer 25% price reduction or downgrade to affordable plan', 'Action': 'Trigger automated discount coupon within 48 hours of signup'}",Very High
0,1,0,0,8,1,0,1,0,0,2,0,2,2,0,1,2,92.1,729.95,1,6.594345057957625,2,3,-0.25732483330797973,0.9396262122965273,New Price-Shocked Customers,"{'Risk': 'Very High', 'Strategy': 'Price Reduction', 'Offer': 'Immediately offer 25% price reduction or downgrade to affordable plan', 'Action': 'Trigger automated discount coupon within 48 hours of signup'}",Very High
1,0,1,0,38,1,0,1,2,2,0,0,0,0,0,1,2,79.45,3013.05,1,8.011039968299007,0,2,1.2257380622727048,-0.43099938916087754,Mid-Tenure High Spenders,"{'Risk': 'High', 'Strategy': 'Value Enhancement', 'Offer': 'Upgrade to annual contract with 15% discount and free add-on services', 'Action': 'Send personalized email with tailored upgrade offer'}",High
1,1,0,0,14,1,0,1,0,0,0,0,2,2,0,0,1,90.45,1266.1,1,7.144486103804862,1,3,0.08271183637272587,0.6875133221863837,New Price-Shocked Customers,"{'Risk': 'Very High', 'Strategy': 'Price Reduction', 'Offer': 'Immediately offer 25% price reduction or downgrade to affordable plan', 'Action': 'Trigger automated discount coupon within 48 hours of signup'}",Very High
1,0,1,1,32,1,0,1,0,0,0,0,0,0,0,1,0,69.75,2347.9,1,7.76170241244579,1,4,0.6305361269439218,-0.5677571054413735,Mid-Tenure Low Spenders,"{'Risk': 'Medium', 'Strategy': 'Upsell + Retain', 'Offer': 'Offer bundled services upgrade at same price point', 'Action': 'Send monthly value report showing benefits they are missing'}",Medium
0,0,0,0,1,1,0,2,1,1,1,1,1,1,0,0,3,19.65,19.65,1,3.027715319407042,2,0,-2.067509782045144,-1.4034757484134142,New Low-Value Customers,"{'Risk': 'Medium', 'Strategy': 'Onboarding Support', 'Offer': 'Provide free onboarding assistance and offer a 10% discount on first 3 months', 'Action': 'Assign dedicated support agent for first 30 days'}",Medium
1,1,0,0,12,0,1,0,0,0,2,2,0,2,0,1,2,43.65,526.95,1,6.269001582252524,2,0,-1.102705904513975,-0.8481351597547709,New Low-Value Customers,"{'Risk': 'Medium', 'Strategy': 'Onboarding Support', 'Offer': 'Provide free onboarding assistance and offer a 10% discount on first 3 months', 'Action': 'Assign dedicated support agent for first 30 days'}",Medium
0,0,0,0,5,0,1,0,0,0,2,0,0,2,0,0,2,39.5,210.75,1,5.355406333532164,2,0,-1.5073459466896906,-0.8064288179500878,New Low-Value Customers,"{'Risk': 'Medium', 'Strategy': 'Onboarding Support', 'Offer': 'Provide free onboarding assistance and offer a 10% discount on first 3 months', 'Action': 'Assign dedicated support agent for first 30 days'}",Medium
1,0,1,0,40,1,2,1,0,0,0,0,2,2,0,1,0,97.1,3706.95,1,8.218234442236687,0,2,1.8530823958478853,0.07243738870351515,Mid-Tenure High Spenders,"{'Risk': 'High', 'Strategy': 'Value Enhancement', 'Offer': 'Upgrade to annual contract with 15% discount and free add-on services', 'Action': 'Send personalized email with tailored upgrade offer'}",High
0,0,0,0,5,1,0,1,0,0,0,0,0,2,0,1,2,80.0,412.5,1,6.024657514463746,2,3,-0.6847569766824854,0.6114346927784774,New Price-Shocked Customers,"{'Risk': 'Very High', 'Strategy': 'Price Reduction', 'Offer': 'Immediately offer 25% price reduction or downgrade to affordable plan', 'Action': 'Trigger automated discount coupon within 48 hours of signup'}",Very High
0,0,0,0,10,1,0,1,2,0,0,0,2,0,0,1,3,84.7,832.05,1,6.725093664375078,2,3,-0.2975567775920328,0.6207508496286539,New Price-Shocked Customers,"{'Risk': 'Very High', 'Strategy': 'Price Reduction', 'Offer': 'Immediately offer 25% price reduction or downgrade to affordable plan', 'Action': 'Trigger automated discount coupon within 48 hours of signup'}",Very High
1,0,1,1,2,1,0,1,0,0,0,0,2,2,0,1,0,89.55,185.55,1,5.228699299667167,2,3,-0.6783583333667539,1.0432181560676246,New Price-Shocked Customers,"{'Risk': 'Very High', 'Strategy': 'Price Reduction', 'Offer': 'Immediately offer 25% price reduction or downgrade to affordable plan', 'Action': 'Trigger automated discount coupon within 48 hours of signup'}",Very High
1,0,0,0,23,1,2,1,0,0,0,2,2,0,0,1,2,90.6,1943.2,1,7.572605860386969,1,2,0.5984128060135755,0.4176527367722684,Mid-Tenure High Spenders,"{'Risk': 'High', 'Strategy': 'Value Enhancement', 'Offer': 'Upgrade to annual contract with 15% discount and free add-on services', 'Action': 'Send personalized email with tailored upgrade offer'}",High
0,0,0,0,23,1,2,1,2,0,0,0,2,0,0,1,0,90.05,2169.8,1,7.68285104218925,1,2,0.6652198589965537,0.37155420253297766,Mid-Tenure High Spenders,"{'Risk': 'High', 'Strategy': 'Value Enhancement', 'Offer': 'Upgrade to annual contract with 15% discount and free add-on services', 'Action': 'Send personalized email with tailored upgrade offer'}",High
1,0,1,0,49,1,2,1,0,2,0,0,2,2,0,1,0,99.05,4853.75,1,8.48771288609373,0,1,2.5619971853177748,-0.18833461642390611,Loyal Premium Customers,"{'Risk': 'Very High', 'Strategy': 'Loyalty Reward', 'Offer': 'Offer exclusive VIP loyalty program with 20% discount and priority support', 'Action': 'Personal call from retention team within 24 hours'}",Very High
0,0,0,0,2,1,0,1,0,0,0,0,0,0,0,0,0,69.75,144.55,1,4.980519670191632,2,3,-1.0609169850527254,0.343294615773925,New Price-Shocked Customers,"{'Risk': 'Very High', 'Strategy': 'Price Reduction', 'Offer': 'Immediately offer 25% price reduction or downgrade to affordable plan', 'Action': 'Trigger automated discount coupon within 48 hours of signup'}",Very High
0,0,0,0,2,1,0,0,0,2,0,0,0,0,0,1,1,49.05,91.1,1,4.522874943261261,2,0,-1.4644641443482045,-0.3872045260055628,New Low-Value Customers,"{'Risk': 'Medium', 'Strategy': 'Onboarding Support', 'Offer': 'Provide free onboarding assistance and offer a 10% discount on first 3 months', 'Action': 'Assign dedicated support agent for first 30 days'}",Medium
1,0,0,0,7,1,2,1,0,0,2,0,2,2,0,1,0,98.05,713.0,1,6.570882962339584,2,3,-0.1837260600070346,1.1751546817368244,New Price-Shocked Customers,"{'Risk': 'Very High', 'Strategy': 'Price Reduction', 'Offer': 'Immediately offer 25% price reduction or downgrade to affordable plan', 'Action': 'Trigger automated discount coupon within 48 hours of signup'}",Very High
0,0,0,0,41,1,2,1,2,2,2,2,2,2,0,1,0,114.5,4527.45,1,8.418134996570434,0,1,2.487408149542169,0.5739298264152131,Loyal Premium Customers,"{'Risk': 'Very High', 'Strategy': 'Loyalty Reward', 'Offer': 'Offer exclusive VIP loyalty program with 20% discount and priority support', 'Action': 'Personal call from retention team within 24 hours'}",Very High
1,0,0,0,2,1,0,1,0,0,0,0,0,2,0,1,2,80.95,171.15,1,5.148366189784533,2,3,-0.8433613876899121,0.7388120552671901,New Price-Shocked Customers,"{'Risk': 'Very High', 'Strategy': 'Price Reduction', 'Offer': 'Immediately offer 25% price reduction or downgrade to affordable plan', 'Action': 'Trigger automated discount coupon within 48 hours of signup'}",Very High
0,1,0,0,13,1,0,1,0,0,2,0,0,0,0,1,2,74.3,940.35,1,6.847315015170721,1,3,-0.3601222215984579,0.1726018064261763,New Price-Shocked Customers,"{'Risk': 'Very High', 'Strategy': 'Price Reduction', 'Offer': 'Immediately offer 25% price reduction or downgrade to affordable plan', 'Action': 'Trigger automated discount coupon within 48 hours of signup'}",Very High
0,1,0,0,11,1,0,1,0,0,0,0,2,2,0,0,0,89.7,1047.7,1,6.955306580840359,2,3,-0.09973836486555081,0.7516979745927238,New Price-Shocked Customers,"{'Risk': 'Very High', 'Strategy': 'Price Reduction', 'Offer': 'Immediately offer 25% price reduction or downgrade to affordable plan', 'Action': 'Trigger automated discount coupon within 48 hours of signup'}",Very High
1,1,1,0,17,1,2,1,0,0,2,0,2,2,0,1,1,100.45,1622.45,1,7.392308793409265,1,2,0.4842745293026809,0.9364084100344222,Mid-Tenure High Spenders,"{'Risk': 'High', 'Strategy': 'Value Enhancement', 'Offer': 'Upgrade to annual contract with 15% discount and free add-on services', 'Action': 'Send personalized email with tailored upgrade offer'}",High
1,0,1,1,25,1,0,1,0,0,0,0,2,2,1,1,2,90.4,2178.6,1,7.686896652708943,1,2,0.7375472866239217,0.33943769321983563,Mid-Tenure High Spenders,"{'Risk': 'High', 'Strategy': 'Value Enhancement', 'Offer': 'Upgrade to annual contract with 15% discount and free add-on services', 'Action': 'Send personalized email with tailored upgrade offer'}",High
1,0,1,1,3,1,0,0,0,2,2,0,0,0,0,1,3,56.15,168.15,1,5.130785895226717,2,0,-1.2746753581097694,-0.1652913572274104,New Low-Value Customers,"{'Risk': 'Medium', 'Strategy': 'Onboarding Support', 'Offer': 'Provide free onboarding assistance and offer a 10% discount on first 3 months', 'Action': 'Assign dedicated support agent for first 30 days'}",Medium
0,0,0,0,4,1,0,1,2,0,2,2,0,2,0,1,0,94.4,387.2,1,5.9615206707349095,2,3,-0.4566829569857582,1.1486932816055329,New Price-Shocked Customers,"{'Risk': 'Very High', 'Strategy': 'Price Reduction', 'Offer': 'Immediately offer 25% price reduction or downgrade to affordable plan', 'Action': 'Trigger automated discount coupon within 48 hours of signup'}",Very High
0,0,1,0,37,1,2,1,0,0,2,0,0,0,0,1,1,78.95,2839.65,1,7.951788178207204,0,2,1.126061971559136,-0.40672756143139865,Mid-Tenure High Spenders,"{'Risk': 'High', 'Strategy': 'Value Enhancement', 'Offer': 'Upgrade to annual contract with 15% discount and free add-on services', 'Action': 'Send personalized email with tailored upgrade offer'}",High
0,0,0,0,19,0,1,0,0,0,0,0,2,2,1,1,1,44.85,893.55,1,6.796320798535832,1,0,-0.7358497076281921,-1.0007372144522324,New Low-Value Customers,"{'Risk': 'Medium', 'Strategy': 'Onboarding Support', 'Offer': 'Provide free onboarding assistance and offer a 10% discount on first 3 months', 'Action': 'Assign dedicated support agent for first 30 days'}",Medium
1,1,1,0,39,1,2,1,0,2,2,0,2,2,0,1,2,105.65,4284.8,1,8.363062511388982,0,1,2.177324005277066,0.330885461278611,Loyal Premium Customers,"{'Risk': 'Very High', 'Strategy': 'Loyalty Reward', 'Offer': 'Offer exclusive VIP loyalty program with 20% discount and priority support', 'Action': 'Personal call from retention team within 24 hours'}",Very High
1,0,0,0,7,1,0,1,0,0,2,0,0,0,0,0,3,74.65,544.55,1,6.3017944601011076,2,3,-0.6766405808854608,0.362017455489813,New Price-Shocked Customers,"{'Risk': 'Very High', 'Strategy': 'Price Reduction', 'Offer': 'Immediately offer 25% price reduction or downgrade to affordable plan', 'Action': 'Trigger automated discount coupon within 48 hours of signup'}",Very High
0,0,1,0,14,1,2,0,2,0,0,0,2,0,0,1,0,64.7,941.0,1,6.848005274576363,1,3,-0.5072155175421023,-0.1909297544928805,New Price-Shocked Customers,"{'Risk': 'Very High', 'Strategy': 'Price Reduction', 'Offer': 'Immediately offer 25% price reduction or downgrade to affordable plan', 'Action': 'Trigger automated discount coupon within 48 hours of signup'}",Very High
0,1,1,0,11,1,2,1,0,0,2,2,2,2,0,1,0,104.05,1133.65,1,7.034079512315632,2,3,0.19664067952784717,1.2523835987087877,New Price-Shocked Customers,"{'Risk': 'Very High', 'Strategy': 'Price Reduction', 'Offer': 'Immediately offer 25% price reduction or downgrade to affordable plan', 'Action': 'Trigger automated discount coupon within 48 hours of signup'}",Very High
1,0,0,0,1,0,1,0,0,0,0,0,0,2,0,1,2,35.55,35.55,1,3.5986811861957873,2,0,-1.7660920183704274,-0.8394232947689938,New Low-Value Customers,"{'Risk': 'Medium', 'Strategy': 'Onboarding Support', 'Offer': 'Provide free onboarding assistance and offer a 10% discount on first 3 months', 'Action': 'Assign dedicated support agent for first 30 days'}",Medium
0,0,0,0,2,1,2,1,0,0,0,0,2,2,0,1,2,95.15,196.9,1,5.28776185260852,2,3,-0.5702435557487228,1.2412051179775567,New Price-Shocked Customers,"{'Risk': 'Very High', 'Strategy': 'Price Reduction', 'Offer': 'Immediately offer 25% price reduction or downgrade to affordable plan', 'Action': 'Trigger automated discount coupon within 48 hours of signup'}",Very High
1,0,1,1,13,1,0,1,0,0,2,0,2,2,0,1,3,96.65,1162.85,1,7.0594887540080675,1,3,0.13162194779759165,0.9420409815304105,New Price-Shocked Customers,"{'Risk': 'Very High', 'Strategy': 'Price Reduction', 'Offer': 'Immediately offer 25% price reduction or downgrade to affordable plan', 'Action': 'Trigger automated discount coupon within 48 hours of signup'}",Very High
0,1,1,0,3,1,0,1,0,0,0,0,2,0,0,1,2,80.4,224.05,1,5.416322599738942,2,3,-0.8042045339008962,0.6912727761918004,New Price-Shocked Customers,"{'Risk': 'Very High', 'Strategy': 'Price Reduction', 'Offer': 'Immediately offer 25% price reduction or downgrade to affordable plan', 'Action': 'Trigger automated discount coupon within 48 hours of signup'}",Very High
1,0,0,1,1,0,1,0,0,2,0,0,0,0,0,1,3,31.35,31.35,1,3.4766140209469096,2,0,-1.8457118050014845,-0.9884182825241237,New Low-Value Customers,"{'Risk': 'Medium', 'Strategy': 'Onboarding Support', 'Offer': 'Provide free onboarding assistance and offer a 10% discount on first 3 months', 'Action': 'Assign dedicated support agent for first 30 days'}",Medium
0,0,0,0,12,1,2,1,0,2,0,0,2,0,0,1,0,89.75,1052.4,1,6.959778307049289,2,3,-0.0657997829680079,0.7311556002137103,New Price-Shocked Customers,"{'Risk': 'Very High', 'Strategy': 'Price Reduction', 'Offer': 'Immediately offer 25% price reduction or downgrade to affordable plan', 'Action': 'Trigger automated discount coupon within 48 hours of signup'}",Very High
1,0,1,0,60,1,0,1,0,2,0,0,2,2,1,1,2,94.4,5610.25,1,8.632528790096142,0,1,3.0781523767338084,-0.6818742763263231,Loyal Premium Customers,"{'Risk': 'Very High', 'Strategy': 'Loyalty Reward', 'Offer': 'Offer exclusive VIP loyalty program with 20% discount and priority support', 'Action': 'Personal call from retention team within 24 hours'}",Very High
1,0,0,0,1,1,0,2,1,1,1,1,1,1,0,1,2,19.85,19.85,1,3.0373539482448106,2,0,-2.0637183636341416,-1.3963807489965032,New Low-Value Customers,"{'Risk': 'Medium', 'Strategy': 'Onboarding Support', 'Offer': 'Provide free onboarding assistance and offer a 10% discount on first 3 months', 'Action': 'Assign dedicated support agent for first 30 days'}",Medium
0,0,0,0,6,1,2,1,0,2,2,2,2,2,0,1,1,109.9,669.45,1,6.5079491287256515,2,3,-0.009330794637771618,1.6237896700309824,New Price-Shocked Customers,"{'Risk': 'Very High', 'Strategy': 'Price Reduction', 'Offer': 'Immediately offer 25% price reduction or downgrade to affordable plan', 'Action': 'Trigger automated discount coupon within 48 hours of signup'}",Very High
1,0,0,0,15,1,0,1,0,0,2,2,2,2,0,1,2,101.35,1553.95,1,7.349198669755537,1,2,0.41491980837856507,1.0200026963971507,Mid-Tenure High Spenders,"{'Risk': 'High', 'Strategy': 'Value Enhancement', 'Offer': 'Upgrade to annual contract with 15% discount and free add-on services', 'Action': 'Send personalized email with tailored upgrade offer'}",High
1,1,0,0,21,1,0,0,0,0,2,0,2,0,0,1,0,60.05,1236.15,1,7.120565626156555,1,4,-0.27356301777171416,-0.5433822416670733,Mid-Tenure Low Spenders,"{'Risk': 'Medium', 'Strategy': 'Upsell + Retain', 'Offer': 'Offer bundled services upgrade at same price point', 'Action': 'Send monthly value report showing benefits they are missing'}",Medium
0,0,0,0,1,1,2,0,0,0,0,0,0,2,0,1,2,60.15,60.15,1,4.113329862133181,2,0,-1.2997475538170908,0.03326163351105318,New Low-Value Customers,"{'Risk': 'Medium', 'Strategy': 'Onboarding Support', 'Offer': 'Provide free onboarding assistance and offer a 10% discount on first 3 months', 'Action': 'Assign dedicated support agent for first 30 days'}",Medium
1,0,0,0,7,1,2,1,0,0,2,0,2,0,0,1,2,90.45,593.45,1,6.387636608304554,2,3,-0.365864168878943,0.9186481450128516,New Price-Shocked Customers,"{'Risk': 'Very High', 'Strategy': 'Price Reduction', 'Offer': 'Immediately offer 25% price reduction or downgrade to affordable plan', 'Action': 'Trigger automated discount coupon within 48 hours of signup'}",Very High
1,0,1,0,53,1,0,1,0,2,0,0,2,2,1,1,0,94.25,4867.95,1,8.490633587080888,0,1,2.603102056953571,-0.4479259182680256,Loyal Premium Customers,"{'Risk': 'Very High', 'Strategy': 'Loyalty Reward', 'Offer': 'Offer exclusive VIP loyalty program with 20% discount and priority support', 'Action': 'Personal call from retention team within 24 hours'}",Very High
1,0,0,0,1,1,2,1,0,0,0,0,0,0,0,1,2,74.9,74.9,1,4.3294166844015844,2,3,-1.020130446005639,0.5565178405082359,New Price-Shocked Customers,"{'Risk': 'Very High', 'Strategy': 'Price Reduction', 'Offer': 'Immediately offer 25% price reduction or downgrade to affordable plan', 'Action': 'Trigger automated discount coupon within 48 hours of signup'}",Very High
0,0,0,0,1,1,0,1,0,0,0,0,2,0,0,1,2,80.25,80.25,1,4.3975308212098465,2,3,-0.9187100035113158,0.7463090749106037,New Price-Shocked Customers,"{'Risk': 'Very High', 'Strategy': 'Price Reduction', 'Offer': 'Immediately offer 25% price reduction or downgrade to affordable plan', 'Action': 'Trigger automated discount coupon within 48 hours of signup'}",Very High
1,0,1,1,17,1,0,1,0,0,0,0,0,0,0,1,2,69.0,1149.65,1,7.048082279073415,1,3,-0.2619897831715515,-0.1276214386480871,New Price-Shocked Customers,"{'Risk': 'Very High', 'Strategy': 'Price Reduction', 'Offer': 'Immediately offer 25% price reduction or downgrade to affordable plan', 'Action': 'Trigger automated discount coupon within 48 hours of signup'}",Very High
0,0,1,1,11,1,2,0,0,0,0,2,0,2,0,1,2,66.35,740.8,1,6.60907966505549,2,3,-0.6387965271809939,-0.04345445584264961,New Price-Shocked Customers,"{'Risk': 'Very High', 'Strategy': 'Price Reduction', 'Offer': 'Immediately offer 25% price reduction or downgrade to affordable plan', 'Action': 'Trigger automated discount coupon within 48 hours of signup'}",Very High
1,0,0,0,19,1,2,1,0,0,0,0,0,2,0,1,0,86.0,1532.45,1,7.335275377871133,1,2,0.24747608717042807,0.38909391398122334,Mid-Tenure High Spenders,"{'Risk': 'High', 'Strategy': 'Value Enhancement', 'Offer': 'Upgrade to annual contract with 15% discount and free add-on services', 'Action': 'Send personalized email with tailored upgrade offer'}",High
0,0,1,1,3,1,0,1,0,0,0,0,0,2,0,1,2,80.3,250.05,1,5.5256521224807145,2,3,-0.7972259611812141,0.6846703429130311,New Price-Shocked Customers,"{'Risk': 'Very High', 'Strategy': 'Price Reduction', 'Offer': 'Immediately offer 25% price reduction or downgrade to affordable plan', 'Action': 'Trigger automated discount coupon within 48 hours of signup'}",Very High
1,0,0,0,24,1,2,1,0,2,0,0,2,0,0,1,1,90.55,2282.55,1,7.7334865285972905,1,2,0.7442742945851268,0.3543812913184228,Mid-Tenure High Spenders,"{'Risk': 'High', 'Strategy': 'Value Enhancement', 'Offer': 'Upgrade to annual contract with 15% discount and free add-on services', 'Action': 'Send personalized email with tailored upgrade offer'}",High
0,0,0,0,2,1,2,1,0,0,0,0,0,0,0,1,2,75.9,143.35,1,4.972240906108944,2,3,-0.9468299483071153,0.5623261452286804,New Price-Shocked Customers,"{'Risk': 'Very High', 'Strategy': 'Price Reduction', 'Offer': 'Immediately offer 25% price reduction or downgrade to affordable plan', 'Action': 'Trigger automated discount coupon within 48 hours of signup'}",Very High
1,0,1,1,1,1,0,0,0,0,0,0,0,0,0,1,3,45.85,45.85,1,3.846951008684431,2,0,-1.5708339702037863,-0.4740308247980795,New Low-Value Customers,"{'Risk': 'Medium', 'Strategy': 'Onboarding Support', 'Offer': 'Provide free onboarding assistance and offer a 10% discount on first 3 months', 'Action': 'Assign dedicated support agent for first 30 days'}",Medium
0,0,1,0,16,0,1,0,0,0,0,2,2,2,0,1,2,49.95,810.2,1,6.698514632836919,1,0,-0.7634715247609716,-0.7441463355106147,New Low-Value Customers,"{'Risk': 'Medium', 'Strategy': 'Onboarding Support', 'Offer': 'Provide free onboarding assistance and offer a 10% discount on first 3 months', 'Action': 'Assign dedicated support agent for first 30 days'}",Medium
1,0,1,1,34,1,0,1,0,0,0,0,2,0,0,0,2,78.3,2564.3,1,7.8498307098300195,1,2,0.9261098632875974,-0.33231786294930893,Mid-Tenure High Spenders,"{'Risk': 'High', 'Strategy': 'Value Enhancement', 'Offer': 'Upgrade to annual contract with 15% discount and free add-on services', 'Action': 'Send personalized email with tailored upgrade offer'}",High
1,0,0,0,3,1,2,1,0,0,0,0,0,0,0,1,2,76.95,228.4,1,5.435467204695271,2,3,-0.8669544172371902,0.5679710675968892,New Price-Shocked Customers,"{'Risk': 'Very High', 'Strategy': 'Price Reduction', 'Offer': 'Immediately offer 25% price reduction or downgrade to affordable plan', 'Action': 'Trigger automated discount coupon within 48 hours of signup'}",Very High
0,1,0,0,16,1,2,1,0,0,0,0,2,2,0,1,2,96.15,1529.2,1,7.333153724797752,1,2,0.34110539558539216,0.816049131094401,Mid-Tenure High Spenders,"{'Risk': 'High', 'Strategy': 'Value Enhancement', 'Offer': 'Upgrade to annual contract with 15% discount and free add-on services', 'Action': 'Send personalized email with tailored upgrade offer'}",High
1,0,0,0,1,1,0,0,0,0,0,0,0,0,0,0,2,45.3,45.3,1,3.835141961092188,2,0,-1.5812603708340438,-0.49354207319458493,New Low-Value Customers,"{'Risk': 'Medium', 'Strategy': 'Onboarding Support', 'Offer': 'Provide free onboarding assistance and offer a 10% discount on first 3 months', 'Action': 'Assign dedicated support agent for first 30 days'}",Medium
0,0,0,0,15,1,0,2,1,1,1,1,1,1,0,0,0,19.4,289.3,1,5.670914871030584,1,0,-1.5407446607372617,-1.7487415164595153,New Low-Value Customers,"{'Risk': 'Medium', 'Strategy': 'Onboarding Support', 'Offer': 'Provide free onboarding assistance and offer a 10% discount on first 3 months', 'Action': 'Assign dedicated support agent for first 30 days'}",Medium
0,0,0,0,11,1,2,1,0,0,0,2,2,0,0,0,2,90.15,987.95,1,6.896643774227418,2,3,-0.11167632370501113,0.7747079685272437,New Price-Shocked Customers,"{'Risk': 'Very High', 'Strategy': 'Price Reduction', 'Offer': 'Immediately offer 25% price reduction or downgrade to affordable plan', 'Action': 'Trigger automated discount coupon within 48 hours of signup'}",Very High
1,0,0,0,1,1,0,0,0,0,0,0,0,0,0,0,3,45.05,45.05,1,3.8297277627013155,2,0,-1.5859996438477975,-0.5024108224657235,New Low-Value Customers,"{'Risk': 'Medium', 'Strategy': 'Onboarding Support', 'Offer': 'Provide free onboarding assistance and offer a 10% discount on first 3 months', 'Action': 'Assign dedicated support agent for first 30 days'}",Medium
0,0,0,0,1,1,0,1,0,2,0,0,0,0,0,0,2,75.8,75.8,1,4.341204640153626,2,3,-1.003069063156127,0.588445337884335,New Price-Shocked Customers,"{'Risk': 'Very High', 'Strategy': 'Price Reduction', 'Offer': 'Immediately offer 25% price reduction or downgrade to affordable plan', 'Action': 'Trigger automated discount coupon within 48 hours of signup'}",Very High
0,0,0,0,7,1,0,1,0,0,0,0,0,2,0,1,2,79.3,523.15,1,6.261777902898582,2,3,-0.5973473842147443,0.5300252731401442,New Price-Shocked Customers,"{'Risk': 'Very High', 'Strategy': 'Price Reduction', 'Offer': 'Immediately offer 25% price reduction or downgrade to affordable plan', 'Action': 'Trigger automated discount coupon within 48 hours of signup'}",Very High
0,0,0,0,2,0,1,0,0,0,0,2,0,0,0,1,2,30.9,59.05,1,4.095177548525992,2,0,-1.8132615152907658,-1.029448766131329,New Low-Value Customers,"{'Risk': 'Medium', 'Strategy': 'Onboarding Support', 'Offer': 'Provide free onboarding assistance and offer a 10% discount on first 3 months', 'Action': 'Assign dedicated support agent for first 30 days'}",Medium
0,1,0,0,46,1,0,1,0,2,0,0,2,2,1,0,1,95.25,4424.2,1,8.395070754160756,0,1,2.2509716054714497,-0.2079911696472112,Loyal Premium Customers,"{'Risk': 'Very High', 'Strategy': 'Loyalty Reward', 'Offer': 'Offer exclusive VIP loyalty program with 20% discount and priority support', 'Action': 'Personal call from retention team within 24 hours'}",Very High
0,1,1,0,68,1,2,1,0,2,0,0,0,2,0,1,0,89.6,6127.6,1,8.72072161785459,0,1,3.415972391527613,-1.0874453265016988,Loyal Premium Customers,"{'Risk': 'Very High', 'Strategy': 'Loyalty Reward', 'Offer': 'Offer exclusive VIP loyalty program with 20% discount and priority support', 'Action': 'Personal call from retention team within 24 hours'}",Very High
1,0,1,0,59,1,2,1,2,2,2,0,2,2,1,1,2,110.15,6448.05,1,8.771688112120344,0,1,3.624822779096641,-0.1975899205239172,Loyal Premium Customers,"{'Risk': 'Very High', 'Strategy': 'Loyalty Reward', 'Offer': 'Offer exclusive VIP loyalty program with 20% discount and priority support', 'Action': 'Personal call from retention team within 24 hours'}",Very High
1,1,1,0,7,1,0,1,0,0,0,0,2,2,0,1,2,89.5,676.7,1,6.518704712142068,2,3,-0.3552444968254414,0.8750915182185247,New Price-Shocked Customers,"{'Risk': 'Very High', 'Strategy': 'Price Reduction', 'Offer': 'Immediately offer 25% price reduction or downgrade to affordable plan', 'Action': 'Trigger automated discount coupon within 48 hours of signup'}",Very High
1,0,1,0,8,1,0,1,2,0,0,0,0,0,0,0,2,75.0,632.95,1,6.451970086973957,2,3,-0.608657970507034,0.3423558384827503,New Price-Shocked Customers,"{'Risk': 'Very High', 'Strategy': 'Price Reduction', 'Offer': 'Immediately offer 25% price reduction or downgrade to affordable plan', 'Action': 'Trigger automated discount coupon within 48 hours of signup'}",Very High
1,0,0,0,6,1,0,0,0,0,0,0,0,0,0,0,2,44.75,270.95,1,5.6056182258689695,2,0,-1.3577279427789986,-0.6483886848299056,New Low-Value Customers,"{'Risk': 'Medium', 'Strategy': 'Onboarding Support', 'Offer': 'Provide free onboarding assistance and offer a 10% discount on first 3 months', 'Action': 'Assign dedicated support agent for first 30 days'}",Medium
0,0,1,0,11,1,0,0,0,0,0,0,0,0,0,1,2,44.05,483.7,1,6.18353014285133,2,0,-1.1413742162542777,-0.8070641934217222,New Low-Value Customers,"{'Risk': 'Medium', 'Strategy': 'Onboarding Support', 'Offer': 'Provide free onboarding assistance and offer a 10% discount on first 3 months', 'Action': 'Assign dedicated support agent for first 30 days'}",Medium
1,1,1,0,15,1,2,1,0,0,0,0,0,2,0,1,0,85.6,1345.55,1,7.205301044870807,1,3,0.050842527558589555,0.48382064757675025,New Price-Shocked Customers,"{'Risk': 'Very High', 'Strategy': 'Price Reduction', 'Offer': 'Immediately offer 25% price reduction or downgrade to affordable plan', 'Action': 'Trigger automated discount coupon within 48 hours of signup'}",Very High
0,0,0,0,70,1,2,1,2,2,2,2,2,2,1,0,1,115.55,8127.6,1,9.00314398599142,0,1,4.641926607646121,-0.44147001105591593,Loyal Premium Customers,"{'Risk': 'Very High', 'Strategy': 'Loyalty Reward', 'Offer': 'Offer exclusive VIP loyalty program with 20% discount and priority support', 'Action': 'Personal call from retention team within 24 hours'}",Very High
1,1,0,0,16,1,2,1,0,0,0,0,2,0,0,1,2,86.6,1281.0,1,7.156176637480615,1,3,0.07892158862686734,0.505196238306838,New Price-Shocked Customers,"{'Risk': 'Very High', 'Strategy': 'Price Reduction', 'Offer': 'Immediately offer 25% price reduction or downgrade to affordable plan', 'Action': 'Trigger automated discount coupon within 48 hours of signup'}",Very High
0,0,0,0,18,1,2,1,0,0,0,0,2,0,0,1,2,85.2,1553.9,1,7.3491665138637705,1,2,0.2084659767981934,0.379881469165923,Mid-Tenure High Spenders,"{'Risk': 'High', 'Strategy': 'Value Enhancement', 'Offer': 'Upgrade to annual contract with 15% discount and free add-on services', 'Action': 'Send personalized email with tailored upgrade offer'}",High
0,0,1,0,34,1,2,1,0,0,0,0,2,2,0,1,2,97.65,3207.55,1,8.073574400675193,1,2,1.5050623337521898,0.28109754310737844,Mid-Tenure High Spenders,"{'Risk': 'High', 'Strategy': 'Value Enhancement', 'Offer': 'Upgrade to annual contract with 15% discount and free add-on services', 'Action': 'Send personalized email with tailored upgrade offer'}",High
1,0,1,0,47,1,2,1,0,2,2,2,2,2,0,1,2,109.55,5124.55,1,8.541993115321715,0,1,2.7867321094525574,0.19722915926348508,Loyal Premium Customers,"{'Risk': 'Very High', 'Strategy': 'Loyalty Reward', 'Offer': 'Offer exclusive VIP loyalty program with 20% discount and priority support', 'Action': 'Personal call from retention team within 24 hours'}",Very High
0,0,1,1,39,1,2,1,0,2,2,2,0,0,1,1,2,89.55,3474.45,1,8.153479246017834,0,2,1.6020612439163626,-0.14729720296197454,Mid-Tenure High Spenders,"{'Risk': 'High', 'Strategy': 'Value Enhancement', 'Offer': 'Upgrade to annual contract with 15% discount and free add-on services', 'Action': 'Send personalized email with tailored upgrade offer'}",High
1,0,0,1,1,1,0,2,1,1,1,1,1,1,0,1,3,19.45,19.45,1,3.017982882488811,2,0,-2.071301200456147,-1.4105707478303249,New Low-Value Customers,"{'Risk': 'Medium', 'Strategy': 'Onboarding Support', 'Offer': 'Provide free onboarding assistance and offer a 10% discount on first 3 months', 'Action': 'Assign dedicated support agent for first 30 days'}",Medium
0,0,1,1,4,1,0,2,1,1,1,1,1,1,0,0,3,20.35,76.35,1,4.348340577019075,2,0,-1.940970181509462,-1.4505134605727874,New Low-Value Customers,"{'Risk': 'Medium', 'Strategy': 'Onboarding Support', 'Offer': 'Provide free onboarding assistance and offer a 10% discount on first 3 months', 'Action': 'Assign dedicated support agent for first 30 days'}",Medium
0,1,0,0,1,1,0,1,0,0,0,0,0,0,0,1,2,69.25,69.25,1,4.2520603082138555,2,3,-1.1272380161164663,0.35608410698050147,New Price-Shocked Customers,"{'Risk': 'Very High', 'Strategy': 'Price Reduction', 'Offer': 'Immediately offer 25% price reduction or downgrade to affordable plan', 'Action': 'Trigger automated discount coupon within 48 hours of signup'}",Very High
1,0,1,0,59,1,2,1,0,0,2,0,2,2,1,1,0,99.5,5961.1,1,8.693178046992355,0,1,3.2609826038461884,-0.5196490279977856,Loyal Premium Customers,"{'Risk': 'Very High', 'Strategy': 'Loyalty Reward', 'Offer': 'Offer exclusive VIP loyalty program with 20% discount and priority support', 'Action': 'Personal call from retention team within 24 hours'}",Very High
0,1,0,0,1,0,1,0,0,0,0,0,0,0,0,1,2,25.2,25.2,1,3.265759410767051,2,0,-1.9622979211398184,-1.2065895145941352,New Low-Value Customers,"{'Risk': 'Medium', 'Strategy': 'Onboarding Support', 'Offer': 'Provide free onboarding assistance and offer a 10% discount on first 3 months', 'Action': 'Assign dedicated support agent for first 30 days'}",Medium
1,0,0,0,2,1,0,0,0,0,0,0,0,0,0,1,3,45.0,96.45,1,4.57933942595357,2,0,-1.5380442656347366,-0.5319785084723752,New Low-Value Customers,"{'Risk': 'Medium', 'Strategy': 'Onboarding Support', 'Offer': 'Provide free onboarding assistance and offer a 10% discount on first 3 months', 'Action': 'Assign dedicated support agent for first 30 days'}",Medium
1,0,0,0,1,1,0,2,1,1,1,1,1,1,0,0,3,20.15,20.15,1,3.051639905492287,2,0,-2.0580312360176376,-1.3857382498711368,New Low-Value Customers,"{'Risk': 'Medium', 'Strategy': 'Onboarding Support', 'Offer': 'Provide free onboarding assistance and offer a 10% discount on first 3 months', 'Action': 'Assign dedicated support agent for first 30 days'}",Medium
1,0,1,0,66,1,2,1,0,2,2,0,2,2,0,1,1,105.0,7133.25,1,8.872662408758712,0,1,3.981787951455631,-0.6134927148950204,Loyal Premium Customers,"{'Risk': 'Very High', 'Strategy': 'Loyalty Reward', 'Offer': 'Offer exclusive VIP loyalty program with 20% discount and priority support', 'Action': 'Personal call from retention team within 24 hours'}",Very High
1,0,0,1,3,1,0,0,0,0,0,0,2,0,0,1,1,54.7,169.45,1,5.138441998583912,2,0,-1.3012281118847784,-0.2170519829738982,New Low-Value Customers,"{'Risk': 'Medium', 'Strategy': 'Onboarding Support', 'Offer': 'Provide free onboarding assistance and offer a 10% discount on first 3 months', 'Action': 'Assign dedicated support agent for first 30 days'}",Medium
0,0,1,1,14,1,2,1,0,0,2,0,0,2,0,1,2,87.25,1258.6,1,7.13854948922687,1,3,0.02058709534923806,0.5744966347476991,New Price-Shocked Customers,"{'Risk': 'Very High', 'Strategy': 'Price Reduction', 'Offer': 'Immediately offer 25% price reduction or downgrade to affordable plan', 'Action': 'Trigger automated discount coupon within 48 hours of signup'}",Very High
1,0,1,0,10,1,0,1,0,0,0,0,2,0,0,1,2,79.95,857.2,1,6.7548371725574246,2,3,-0.37743664188158565,0.44874490030642983,New Price-Shocked Customers,"{'Risk': 'Very High', 'Strategy': 'Price Reduction', 'Offer': 'Immediately offer 25% price reduction or downgrade to affordable plan', 'Action': 'Trigger automated discount coupon within 48 hours of signup'}",Very High
0,0,0,0,18,1,2,1,0,0,0,2,2,0,0,1,2,88.35,1639.3,1,7.40263443091844,1,2,0.2961467052138751,0.48200057258156964,Mid-Tenure High Spenders,"{'Risk': 'High', 'Strategy': 'Value Enhancement', 'Offer': 'Upgrade to annual contract with 15% discount and free add-on services', 'Action': 'Send personalized email with tailored upgrade offer'}",High
0,0,0,0,9,1,2,1,0,0,0,0,2,2,0,1,2,94.75,889.9,1,6.792232187726598,2,3,-0.1221951631831378,0.9934515656052357,New Price-Shocked Customers,"{'Risk': 'Very High', 'Strategy': 'Price Reduction', 'Offer': 'Immediately offer 25% price reduction or downgrade to affordable plan', 'Action': 'Trigger automated discount coupon within 48 hours of signup'}",Very High
0,1,0,0,13,1,2,1,0,0,0,0,2,2,0,1,2,95.05,1290.0,1,7.1631723908466425,1,3,0.14506699123245795,0.8702111510542083,New Price-Shocked Customers,"{'Risk': 'Very High', 'Strategy': 'Price Reduction', 'Offer': 'Immediately offer 25% price reduction or downgrade to affordable plan', 'Action': 'Trigger automated discount coupon within 48 hours of signup'}",Very High
1,0,0,0,4,1,2,1,0,2,0,0,0,0,0,0,2,78.45,330.05,1,5.802269421370855,2,3,-0.7730570202945505,0.5876894253519769,New Price-Shocked Customers,"{'Risk': 'Very High', 'Strategy': 'Price Reduction', 'Offer': 'Immediately offer 25% price reduction or downgrade to affordable plan', 'Action': 'Trigger automated discount coupon within 48 hours of signup'}",Very High
1,0,0,0,4,1,0,1,0,0,0,0,0,0,0,1,2,70.2,237.95,1,5.4762543250241675,2,3,-0.957962935473572,0.3048351124262694,New Price-Shocked Customers,"{'Risk': 'Very High', 'Strategy': 'Price Reduction', 'Offer': 'Immediately offer 25% price reduction or downgrade to affordable plan', 'Action': 'Trigger automated discount coupon within 48 hours of signup'}",Very High
1,0,1,0,59,0,1,0,0,2,0,0,0,2,0,1,0,41.05,2452.7,1,7.8053523684090385,0,4,0.9799203077981846,-2.189355401808288,Mid-Tenure Low Spenders,"{'Risk': 'Medium', 'Strategy': 'Upsell + Retain', 'Offer': 'Offer bundled services upgrade at same price point', 'Action': 'Send monthly value report showing benefits they are missing'}",Medium
1,0,1,0,10,1,2,1,0,0,0,0,2,0,0,1,2,85.6,813.85,1,6.703004047221998,2,3,-0.286989601055586,0.6549139497324535,New Price-Shocked Customers,"{'Risk': 'Very High', 'Strategy': 'Price Reduction', 'Offer': 'Immediately offer 25% price reduction or downgrade to affordable plan', 'Action': 'Trigger automated discount coupon within 48 hours of signup'}",Very High
0,1,0,0,1,1,0,1,0,0,0,0,2,0,0,1,2,79.2,79.2,1,4.384523514872469,2,3,-0.93861495016908,0.7090603279718213,New Price-Shocked Customers,"{'Risk': 'Very High', 'Strategy': 'Price Reduction', 'Offer': 'Immediately offer 25% price reduction or downgrade to affordable plan', 'Action': 'Trigger automated discount coupon within 48 hours of signup'}",Very High
1,0,0,0,5,1,0,0,0,0,2,0,2,2,1,1,3,70.0,347.4,1,5.853351244978348,2,3,-0.8930624924080095,0.26313402613692505,New Price-Shocked Customers,"{'Risk': 'Very High', 'Strategy': 'Price Reduction', 'Offer': 'Immediately offer 25% price reduction or downgrade to affordable plan', 'Action': 'Trigger automated discount coupon within 48 hours of signup'}",Very High
0,0,0,0,1,1,2,0,0,0,0,0,0,0,0,1,0,49.95,49.95,1,3.9308447596687337,2,0,-1.49310989277823,-0.32858333675140516,New Low-Value Customers,"{'Risk': 'Medium', 'Strategy': 'Onboarding Support', 'Offer': 'Provide free onboarding assistance and offer a 10% discount on first 3 months', 'Action': 'Assign dedicated support agent for first 30 days'}",Medium
0,0,1,0,22,1,0,1,0,0,0,0,0,0,0,1,2,69.25,1554.0,1,7.349230824613334,1,2,0.03719624015548,-0.2749107607444525,Mid-Tenure High Spenders,"{'Risk': 'High', 'Strategy': 'Value Enhancement', 'Offer': 'Upgrade to annual contract with 15% discount and free add-on services', 'Action': 'Send personalized email with tailored upgrade offer'}",High
0,1,1,0,34,1,2,1,0,2,2,0,0,2,0,1,2,94.25,3217.55,1,8.0766862265592,1,2,1.4451643655083408,0.15891411969260474,Mid-Tenure High Spenders,"{'Risk': 'High', 'Strategy': 'Value Enhancement', 'Offer': 'Upgrade to annual contract with 15% discount and free add-on services', 'Action': 'Send personalized email with tailored upgrade offer'}",High
1,0,1,0,41,1,2,0,0,0,2,0,2,2,1,1,2,73.0,3001.2,1,8.007100632226075,0,4,1.1958577913887452,-0.724496628512471,Mid-Tenure Low Spenders,"{'Risk': 'Medium', 'Strategy': 'Upsell + Retain', 'Offer': 'Offer bundled services upgrade at same price point', 'Action': 'Send monthly value report showing benefits they are missing'}",Medium
0,0,0,0,64,1,2,1,0,0,2,0,2,2,1,1,1,100.05,6254.2,1,8.741168396810304,0,1,3.5279275498566114,-0.6432392287554333,Loyal Premium Customers,"{'Risk': 'Very High', 'Strategy': 'Loyalty Reward', 'Offer': 'Offer exclusive VIP loyalty program with 20% discount and priority support', 'Action': 'Personal call from retention team within 24 hours'}",Very High
0,1,0,0,4,1,0,1,0,2,2,0,2,2,0,1,1,99.8,442.85,1,6.095486667514328,2,3,-0.3372291171016932,1.3343766408848003,New Price-Shocked Customers,"{'Risk': 'Very High', 'Strategy': 'Price Reduction', 'Offer': 'Immediately offer 25% price reduction or downgrade to affordable plan', 'Action': 'Trigger automated discount coupon within 48 hours of signup'}",Very High
0,0,0,1,18,0,1,0,0,0,0,0,0,2,0,1,2,35.0,553.0,1,6.317164686747284,1,0,-1.0664283135693178,-1.2896865513255833,New Low-Value Customers,"{'Risk': 'Medium', 'Strategy': 'Onboarding Support', 'Offer': 'Provide free onboarding assistance and offer a 10% discount on first 3 months', 'Action': 'Assign dedicated support agent for first 30 days'}",Medium
0,0,0,0,1,1,2,1,0,0,0,0,0,0,0,0,2,76.0,76.0,1,4.343805421853684,2,3,-0.9992776447451239,0.595540337301246,New Price-Shocked Customers,"{'Risk': 'Very High', 'Strategy': 'Price Reduction', 'Offer': 'Immediately offer 25% price reduction or downgrade to affordable plan', 'Action': 'Trigger automated discount coupon within 48 hours of signup'}",Very High
0,1,0,0,2,1,2,1,0,0,0,0,2,2,0,1,2,93.85,170.85,1,5.1466220032958425,2,3,-0.6033030427630874,1.1979845415325874,New Price-Shocked Customers,"{'Risk': 'Very High', 'Strategy': 'Price Reduction', 'Offer': 'Immediately offer 25% price reduction or downgrade to affordable plan', 'Action': 'Trigger automated discount coupon within 48 hours of signup'}",Very High
0,0,1,0,15,1,0,1,0,0,2,0,2,0,0,1,2,84.3,1308.4,1,7.177324296006991,1,3,0.01400892064500939,0.44189929575363907,New Price-Shocked Customers,"{'Risk': 'Very High', 'Strategy': 'Price Reduction', 'Offer': 'Immediately offer 25% price reduction or downgrade to affordable plan', 'Action': 'Trigger automated discount coupon within 48 hours of signup'}",Very High
1,1,0,0,9,1,2,1,0,0,0,0,0,2,0,1,1,84.4,732.5,1,6.597827597583036,2,3,-0.3683996543470979,0.6434971458381247,New Price-Shocked Customers,"{'Risk': 'Very High', 'Strategy': 'Price Reduction', 'Offer': 'Immediately offer 25% price reduction or downgrade to affordable plan', 'Action': 'Trigger automated discount coupon within 48 hours of signup'}",Very High
1,0,1,0,15,1,2,1,0,0,2,0,2,2,0,1,2,101.1,1504.05,1,7.31658139922248,1,2,0.393298999058859,1.0169453437454017,Mid-Tenure High Spenders,"{'Risk': 'High', 'Strategy': 'Value Enhancement', 'Offer': 'Upgrade to annual contract with 15% discount and free add-on services', 'Action': 'Send personalized email with tailored upgrade offer'}",High
1,0,0,0,1,1,2,0,0,0,0,0,0,0,0,1,2,50.45,50.45,1,3.9406104622800586,2,0,-1.4836313467507234,-0.3108458382091277,New Low-Value Customers,"{'Risk': 'Medium', 'Strategy': 'Onboarding Support', 'Offer': 'Provide free onboarding assistance and offer a 10% discount on first 3 months', 'Action': 'Assign dedicated support agent for first 30 days'}",Medium
1,0,0,0,12,1,2,1,0,0,0,2,2,2,0,1,3,99.95,1132.75,1,7.033286001429347,2,3,0.15141431373457323,1.0847897049605562,New Price-Shocked Customers,"{'Risk': 'Very High', 'Strategy': 'Price Reduction', 'Offer': 'Immediately offer 25% price reduction or downgrade to affordable plan', 'Action': 'Trigger automated discount coupon within 48 hours of signup'}",Very High
0,0,0,0,2,1,2,1,0,0,2,0,2,0,0,1,2,91.4,193.6,1,5.270946169751904,2,3,-0.6411796460942452,1.1081212076420226,New Price-Shocked Customers,"{'Risk': 'Very High', 'Strategy': 'Price Reduction', 'Offer': 'Immediately offer 25% price reduction or downgrade to affordable plan', 'Action': 'Trigger automated discount coupon within 48 hours of signup'}",Very High
0,1,0,0,5,1,0,1,0,0,2,0,0,0,0,1,1,75.55,349.65,1,5.859788574982919,2,3,-0.7889726671483966,0.4604065159248641,New Price-Shocked Customers,"{'Risk': 'Very High', 'Strategy': 'Price Reduction', 'Offer': 'Immediately offer 25% price reduction or downgrade to affordable plan', 'Action': 'Trigger automated discount coupon within 48 hours of signup'}",Very High
1,0,0,1,4,1,2,1,0,0,0,2,0,0,0,0,1,80.8,332.45,1,5.809492929078315,2,3,-0.7284908534251819,0.6710498161375188,New Price-Shocked Customers,"{'Risk': 'Very High', 'Strategy': 'Price Reduction', 'Offer': 'Immediately offer 25% price reduction or downgrade to affordable plan', 'Action': 'Trigger automated discount coupon within 48 hours of signup'}",Very High
0,0,1,0,16,1,2,1,0,2,0,0,2,2,0,1,2,100.0,1534.75,1,7.336774140044037,1,2,0.4146682183601376,0.9524288895224449,Mid-Tenure High Spenders,"{'Risk': 'High', 'Strategy': 'Value Enhancement', 'Offer': 'Upgrade to annual contract with 15% discount and free add-on services', 'Action': 'Send personalized email with tailored upgrade offer'}",High
1,0,0,0,1,1,0,2,1,1,1,1,1,1,0,0,2,20.55,20.55,1,3.070375816549757,2,0,-2.050448399195632,-1.3715482510373151,New Low-Value Customers,"{'Risk': 'Medium', 'Strategy': 'Onboarding Support', 'Offer': 'Provide free onboarding assistance and offer a 10% discount on first 3 months', 'Action': 'Assign dedicated support agent for first 30 days'}",Medium
1,0,0,0,5,1,2,1,0,2,2,0,0,0,0,1,2,85.3,424.15,1,6.052442047831802,2,3,-0.58212532019992,0.7987089272051044,New Price-Shocked Customers,"{'Risk': 'Very High', 'Strategy': 'Price Reduction', 'Offer': 'Immediately offer 25% price reduction or downgrade to affordable plan', 'Action': 'Trigger automated discount coupon within 48 hours of signup'}",Very High
0,0,0,0,4,1,0,1,0,0,0,0,0,0,0,0,2,70.4,281.0,1,5.641907070938114,2,3,-0.9396020542083886,0.30691463661375773,New Price-Shocked Customers,"{'Risk': 'Very High', 'Strategy': 'Price Reduction', 'Offer': 'Immediately offer 25% price reduction or downgrade to affordable plan', 'Action': 'Trigger automated discount coupon within 48 hours of signup'}",Very High
1,0,0,0,37,1,2,1,0,0,0,2,2,2,0,0,0,98.8,3475.55,1,8.153795701716678,0,2,1.7118239032576454,0.22534416418392425,Mid-Tenure High Spenders,"{'Risk': 'High', 'Strategy': 'Value Enhancement', 'Offer': 'Upgrade to annual contract with 15% discount and free add-on services', 'Action': 'Send personalized email with tailored upgrade offer'}",High
1,0,1,1,13,1,2,1,0,0,0,0,0,0,0,1,1,74.4,896.75,1,6.799891633106192,1,3,-0.3730849844286086,0.18126427153780061,New Price-Shocked Customers,"{'Risk': 'Very High', 'Strategy': 'Price Reduction', 'Offer': 'Immediately offer 25% price reduction or downgrade to affordable plan', 'Action': 'Trigger automated discount coupon within 48 hours of signup'}",Very High
0,0,0,0,24,1,2,1,0,0,2,0,2,2,0,1,2,98.75,2407.3,1,7.786676383386288,1,2,0.939350708378007,0.6316344088822685,Mid-Tenure High Spenders,"{'Risk': 'High', 'Strategy': 'Value Enhancement', 'Offer': 'Upgrade to annual contract with 15% discount and free add-on services', 'Action': 'Send personalized email with tailored upgrade offer'}",High
1,0,1,1,61,1,2,1,2,2,0,0,2,2,1,1,2,106.0,6547.7,1,8.787021835648426,0,1,3.6442633224215144,-0.4005043732665747,Loyal Premium Customers,"{'Risk': 'Very High', 'Strategy': 'Loyalty Reward', 'Offer': 'Offer exclusive VIP loyalty program with 20% discount and priority support', 'Action': 'Personal call from retention team within 24 hours'}",Very High
1,0,0,0,41,1,2,1,0,2,2,0,2,2,0,1,2,104.7,4346.4,1,8.377333244238764,0,1,2.2434017976065723,0.24631919881478284,Loyal Premium Customers,"{'Risk': 'Very High', 'Strategy': 'Loyalty Reward', 'Offer': 'Offer exclusive VIP loyalty program with 20% discount and priority support', 'Action': 'Personal call from retention team within 24 hours'}",Very High
1,1,0,0,22,1,2,1,0,0,0,0,2,2,0,1,2,96.7,2082.95,1,7.6420204102629805,1,2,0.7280838341337876,0.6401787067165293,Mid-Tenure High Spenders,"{'Risk': 'High', 'Strategy': 'Value Enhancement', 'Offer': 'Upgrade to annual contract with 15% discount and free add-on services', 'Action': 'Send personalized email with tailored upgrade offer'}",High
0,0,0,0,2,1,0,0,0,2,0,2,0,0,0,1,1,55.05,102.75,1,4.641984159110808,2,0,-1.348800530988341,-0.17501586053548604,New Low-Value Customers,"{'Risk': 'Medium', 'Strategy': 'Onboarding Support', 'Offer': 'Provide free onboarding assistance and offer a 10% discount on first 3 months', 'Action': 'Assign dedicated support agent for first 30 days'}",Medium
1,1,0,0,19,1,2,1,0,2,0,0,2,0,0,1,2,88.2,1775.8,1,7.482569272580218,1,2,0.37117529452893017,0.4389129600392327,Mid-Tenure High Spenders,"{'Risk': 'High', 'Strategy': 'Value Enhancement', 'Offer': 'Upgrade to annual contract with 15% discount and free add-on services', 'Action': 'Send personalized email with tailored upgrade offer'}",High
0,0,1,1,8,1,0,2,1,1,1,1,1,1,1,1,3,19.75,145.0,1,4.983606621708336,2,0,-1.8031599804556173,-1.566991399639105,New Low-Value Customers,"{'Risk': 'Medium', 'Strategy': 'Onboarding Support', 'Offer': 'Provide free onboarding assistance and offer a 10% discount on first 3 months', 'Action': 'Assign dedicated support agent for first 30 days'}",Medium
1,1,0,0,15,1,2,1,0,0,0,0,0,0,0,0,2,75.65,1146.65,1,7.045471652345971,1,3,-0.20202557937590102,0.15296050697281519,New Price-Shocked Customers,"{'Risk': 'Very High', 'Strategy': 'Price Reduction', 'Offer': 'Immediately offer 25% price reduction or downgrade to affordable plan', 'Action': 'Trigger automated discount coupon within 48 hours of signup'}",Very High
1,1,0,0,1,1,2,1,0,0,0,0,0,0,0,1,2,74.7,74.7,1,4.3267781604434035,2,3,-1.0239218644166417,0.5494228410913249,New Price-Shocked Customers,"{'Risk': 'Very High', 'Strategy': 'Price Reduction', 'Offer': 'Immediately offer 25% price reduction or downgrade to affordable plan', 'Action': 'Trigger automated discount coupon within 48 hours of signup'}",Very High
1,0,0,0,17,1,0,1,0,0,2,0,0,0,0,1,2,76.65,1313.55,1,7.181249680723068,1,3,-0.06384134118020136,0.1254736541690068,New Price-Shocked Customers,"{'Risk': 'Very High', 'Strategy': 'Price Reduction', 'Offer': 'Immediately offer 25% price reduction or downgrade to affordable plan', 'Action': 'Trigger automated discount coupon within 48 hours of signup'}",Very High
0,1,0,0,1,0,1,0,0,0,0,0,0,0,0,1,3,25.8,25.8,1,3.288401887516811,2,0,-1.9509236659068103,-1.1853045163434026,New Low-Value Customers,"{'Risk': 'Medium', 'Strategy': 'Onboarding Support', 'Offer': 'Provide free onboarding assistance and offer a 10% discount on first 3 months', 'Action': 'Assign dedicated support agent for first 30 days'}",Medium
0,0,0,0,2,0,1,0,2,2,0,0,0,2,0,1,2,42.6,72.4,1,4.29592393562047,2,0,-1.5909025204242493,-0.6145844282263685,New Low-Value Customers,"{'Risk': 'Medium', 'Strategy': 'Onboarding Support', 'Offer': 'Provide free onboarding assistance and offer a 10% discount on first 3 months', 'Action': 'Assign dedicated support agent for first 30 days'}",Medium
0,0,0,0,29,1,0,0,2,2,2,0,0,2,0,1,0,68.85,1970.5,1,7.5865499533176814,1,2,0.3912316460423963,-0.49030074483356745,Mid-Tenure High Spenders,"{'Risk': 'High', 'Strategy': 'Value Enhancement', 'Offer': 'Upgrade to annual contract with 15% discount and free add-on services', 'Action': 'Send personalized email with tailored upgrade offer'}",High
1,0,1,1,2,1,0,1,0,0,2,2,0,2,0,0,1,90.0,190.05,1,5.252535173892909,2,3,-0.6684505981949864,1.0587078633395912,New Price-Shocked Customers,"{'Risk': 'Very High', 'Strategy': 'Price Reduction', 'Offer': 'Immediately offer 25% price reduction or downgrade to affordable plan', 'Action': 'Trigger automated discount coupon within 48 hours of signup'}",Very High
0,0,0,0,14,1,0,1,0,0,2,0,0,0,0,0,2,75.35,1025.95,1,6.934348523251658,1,3,-0.28005968458758074,0.17818235279960848,New Price-Shocked Customers,"{'Risk': 'Very High', 'Strategy': 'Price Reduction', 'Offer': 'Immediately offer 25% price reduction or downgrade to affordable plan', 'Action': 'Trigger automated discount coupon within 48 hours of signup'}",Very High
1,0,0,0,8,1,2,1,0,2,0,0,2,2,0,0,2,100.85,819.55,1,6.709974847125637,2,3,-0.06396040450664492,1.2405691655542037,New Price-Shocked Customers,"{'Risk': 'Very High', 'Strategy': 'Price Reduction', 'Offer': 'Immediately offer 25% price reduction or downgrade to affordable plan', 'Action': 'Trigger automated discount coupon within 48 hours of signup'}",Very High
0,0,1,0,5,1,0,1,0,0,0,0,0,0,0,0,2,69.95,330.15,1,5.802571444930988,2,3,-0.8998585328005364,0.26337348921026027,New Price-Shocked Customers,"{'Risk': 'Very High', 'Strategy': 'Price Reduction', 'Offer': 'Immediately offer 25% price reduction or downgrade to affordable plan', 'Action': 'Trigger automated discount coupon within 48 hours of signup'}",Very High
0,0,1,0,63,1,2,1,0,2,2,0,2,2,1,1,2,107.5,6873.75,1,8.835610558237235,0,1,3.845868820339371,-0.428823275839609,Loyal Premium Customers,"{'Risk': 'Very High', 'Strategy': 'Loyalty Reward', 'Offer': 'Offer exclusive VIP loyalty program with 20% discount and priority support', 'Action': 'Personal call from retention team within 24 hours'}",Very High
1,0,0,0,1,1,0,0,0,0,0,0,0,0,0,1,3,45.85,45.85,1,3.846951008684431,2,0,-1.5708339702037863,-0.4740308247980795,New Low-Value Customers,"{'Risk': 'Medium', 'Strategy': 'Onboarding Support', 'Offer': 'Provide free onboarding assistance and offer a 10% discount on first 3 months', 'Action': 'Assign dedicated support agent for first 30 days'}",Medium
0,0,1,0,53,1,0,1,2,2,2,0,2,2,1,1,0,106.1,5769.75,1,8.660557333724107,0,1,3.130336210806139,-0.13171341472794745,Loyal Premium Customers,"{'Risk': 'Very High', 'Strategy': 'Loyalty Reward', 'Offer': 'Offer exclusive VIP loyalty program with 20% discount and priority support', 'Action': 'Personal call from retention team within 24 hours'}",Very High
0,0,0,0,1,1,0,1,0,2,0,2,2,0,0,0,2,91.7,91.7,1,4.529368472571809,2,3,-0.7016512994814093,1.1524977915287558,New Price-Shocked Customers,"{'Risk': 'Very High', 'Strategy': 'Price Reduction', 'Offer': 'Immediately offer 25% price reduction or downgrade to affordable plan', 'Action': 'Trigger automated discount coupon within 48 hours of signup'}",Very High
0,0,0,0,16,1,2,1,0,2,2,0,0,2,0,1,1,95.6,1555.65,1,7.350291355299401,1,2,0.3398592866018761,0.7933776065906746,Mid-Tenure High Spenders,"{'Risk': 'High', 'Strategy': 'Value Enhancement', 'Offer': 'Upgrade to annual contract with 15% discount and free add-on services', 'Action': 'Send personalized email with tailored upgrade offer'}",High
1,0,0,0,1,1,2,1,0,0,0,0,0,0,0,1,2,74.95,74.95,1,4.330075229041782,2,3,-1.0191825914028882,0.5582915903624637,New Price-Shocked Customers,"{'Risk': 'Very High', 'Strategy': 'Price Reduction', 'Offer': 'Immediately offer 25% price reduction or downgrade to affordable plan', 'Action': 'Trigger automated discount coupon within 48 hours of signup'}",Very High
1,1,0,0,10,1,2,1,0,0,0,0,2,2,0,1,2,95.35,898.35,1,6.80167228017398,2,3,-0.07674214608979768,0.9920458883803898,New Price-Shocked Customers,"{'Risk': 'Very High', 'Strategy': 'Price Reduction', 'Offer': 'Immediately offer 25% price reduction or downgrade to affordable plan', 'Action': 'Trigger automated discount coupon within 48 hours of signup'}",Very High
0,1,0,0,3,1,0,0,0,0,0,0,0,0,0,0,2,45.0,127.1,1,4.852811208902689,2,0,-1.496213257494934,-0.5573378615496067,New Low-Value Customers,"{'Risk': 'Medium', 'Strategy': 'Onboarding Support', 'Offer': 'Provide free onboarding assistance and offer a 10% discount on first 3 months', 'Action': 'Assign dedicated support agent for first 30 days'}",Medium
1,0,0,0,66,1,0,1,0,2,2,0,2,2,0,0,2,99.5,6710.5,1,8.811577751927691,0,1,3.7356544381307244,-0.7597672282771866,Loyal Premium Customers,"{'Risk': 'Very High', 'Strategy': 'Loyalty Reward', 'Offer': 'Offer exclusive VIP loyalty program with 20% discount and priority support', 'Action': 'Personal call from retention team within 24 hours'}",Very High
0,0,1,1,17,1,0,1,0,0,2,2,2,2,1,0,0,98.6,1704.95,1,7.441877419298563,1,2,0.4778838201269298,0.8609067287745115,Mid-Tenure High Spenders,"{'Risk': 'High', 'Strategy': 'Value Enhancement', 'Offer': 'Upgrade to annual contract with 15% discount and free add-on services', 'Action': 'Send personalized email with tailored upgrade offer'}",High
0,0,0,0,7,1,0,0,0,0,0,2,2,0,0,1,3,59.5,415.95,1,6.032966310532994,2,0,-1.0024147509753194,-0.1621497383277027,New Low-Value Customers,"{'Risk': 'Medium', 'Strategy': 'Onboarding Support', 'Offer': 'Provide free onboarding assistance and offer a 10% discount on first 3 months', 'Action': 'Assign dedicated support agent for first 30 days'}",Medium
1,1,1,0,12,1,0,1,0,0,0,0,0,2,0,1,2,80.45,950.2,1,6.857724345376572,2,3,-0.2736877425604608,0.4121118180814556,New Price-Shocked Customers,"{'Risk': 'Very High', 'Strategy': 'Price Reduction', 'Offer': 'Immediately offer 25% price reduction or downgrade to affordable plan', 'Action': 'Trigger automated discount coupon within 48 hours of signup'}",Very High
0,0,1,1,42,1,0,1,0,0,0,0,2,0,0,1,1,77.95,3384.0,1,8.127109185346375,0,2,1.4495781555619285,-0.6148935558147518,Mid-Tenure High Spenders,"{'Risk': 'High', 'Strategy': 'Value Enhancement', 'Offer': 'Upgrade to annual contract with 15% discount and free add-on services', 'Action': 'Send personalized email with tailored upgrade offer'}",High
1,1,0,0,2,1,0,1,0,2,0,0,0,0,0,1,2,74.7,165.4,1,5.114394528387108,2,3,-0.961673207632882,0.5170347998571078,New Price-Shocked Customers,"{'Risk': 'Very High', 'Strategy': 'Price Reduction', 'Offer': 'Immediately offer 25% price reduction or downgrade to affordable plan', 'Action': 'Trigger automated discount coupon within 48 hours of signup'}",Very High
1,1,0,0,1,1,2,1,0,0,2,0,2,0,0,1,2,88.8,88.8,1,4.497584975308154,2,3,-0.756626866440949,1.049620299983547,New Price-Shocked Customers,"{'Risk': 'Very High', 'Strategy': 'Price Reduction', 'Offer': 'Immediately offer 25% price reduction or downgrade to affordable plan', 'Action': 'Trigger automated discount coupon within 48 hours of signup'}",Very High
1,0,0,0,30,1,0,1,0,0,0,0,2,2,0,1,2,90.25,2755.35,1,7.921662619716148,1,2,1.0879043396680939,0.15773260520343477,Mid-Tenure High Spenders,"{'Risk': 'High', 'Strategy': 'Value Enhancement', 'Offer': 'Upgrade to annual contract with 15% discount and free add-on services', 'Action': 'Send personalized email with tailored upgrade offer'}",High
0,0,0,0,15,1,2,0,2,0,0,0,0,2,0,1,0,64.65,994.55,1,6.903295348260044,1,3,-0.4585291161053197,-0.22074909211547744,New Price-Shocked Customers,"{'Risk': 'Very High', 'Strategy': 'Price Reduction', 'Offer': 'Immediately offer 25% price reduction or downgrade to affordable plan', 'Action': 'Trigger automated discount coupon within 48 hours of signup'}",Very High
1,1,1,0,13,1,0,1,0,2,0,2,0,2,0,1,0,89.05,1169.35,1,7.065058128355913,1,3,-0.00765779951610287,0.6707806372762454,New Price-Shocked Customers,"{'Risk': 'Very High', 'Strategy': 'Price Reduction', 'Offer': 'Immediately offer 25% price reduction or downgrade to affordable plan', 'Action': 'Trigger automated discount coupon within 48 hours of signup'}",Very High
1,0,1,1,67,1,2,1,0,2,2,0,0,0,1,0,2,87.4,5918.8,1,8.686057943523583,0,1,3.2726108803021807,-1.1195365010450982,Loyal Premium Customers,"{'Risk': 'Very High', 'Strategy': 'Loyalty Reward', 'Offer': 'Offer exclusive VIP loyalty program with 20% discount and priority support', 'Action': 'Personal call from retention team within 24 hours'}",Very High
0,1,0,0,23,1,0,1,0,2,0,0,2,2,0,1,2,94.75,2293.6,1,7.738313815365043,1,2,0.7948134781413003,0.5243463597796444,Mid-Tenure High Spenders,"{'Risk': 'High', 'Strategy': 'Value Enhancement', 'Offer': 'Upgrade to annual contract with 15% discount and free add-on services', 'Action': 'Send personalized email with tailored upgrade offer'}",High
0,0,0,0,35,1,2,1,0,0,0,0,2,0,0,1,2,86.45,3029.1,1,8.016350901259148,1,2,1.2672857732132403,-0.11841812392356996,Mid-Tenure High Spenders,"{'Risk': 'High', 'Strategy': 'Value Enhancement', 'Offer': 'Upgrade to annual contract with 15% discount and free add-on services', 'Action': 'Send personalized email with tailored upgrade offer'}",High
0,0,1,0,56,1,2,1,0,2,0,0,2,2,1,1,2,98.25,5508.35,1,8.614201927856143,0,1,2.9895423305955706,-0.4458303716272934,Loyal Premium Customers,"{'Risk': 'Very High', 'Strategy': 'Loyalty Reward', 'Offer': 'Offer exclusive VIP loyalty program with 20% discount and priority support', 'Action': 'Personal call from retention team within 24 hours'}",Very High
0,0,1,0,9,1,0,1,0,0,2,0,0,0,0,1,0,75.75,655.9,1,6.487531799898427,2,3,-0.5554822346005994,0.3445917825932317,New Price-Shocked Customers,"{'Risk': 'Very High', 'Strategy': 'Price Reduction', 'Offer': 'Immediately offer 25% price reduction or downgrade to affordable plan', 'Action': 'Trigger automated discount coupon within 48 hours of signup'}",Very High
0,1,1,0,17,1,2,1,2,0,2,0,0,0,0,1,0,85.35,1463.45,1,7.28923502433979,1,3,0.1490948849028588,0.4175790552365001,New Price-Shocked Customers,"{'Risk': 'Very High', 'Strategy': 'Price Reduction', 'Offer': 'Immediately offer 25% price reduction or downgrade to affordable plan', 'Action': 'Trigger automated discount coupon within 48 hours of signup'}",Very High
1,0,0,0,48,1,2,1,0,2,2,0,2,2,1,1,1,106.1,5082.8,1,8.533814292432474,0,1,2.739717405223199,0.05755147504427556,Loyal Premium Customers,"{'Risk': 'Very High', 'Strategy': 'Loyalty Reward', 'Offer': 'Offer exclusive VIP loyalty program with 20% discount and priority support', 'Action': 'Personal call from retention team within 24 hours'}",Very High
1,1,0,0,17,1,0,0,0,0,0,0,0,0,0,1,2,45.05,770.6,1,6.648466281031574,1,0,-0.8367499735838679,-0.935684135650058,New Low-Value Customers,"{'Risk': 'Medium', 'Strategy': 'Onboarding Support', 'Offer': 'Provide free onboarding assistance and offer a 10% discount on first 3 months', 'Action': 'Assign dedicated support agent for first 30 days'}",Medium
0,0,0,0,34,1,2,1,2,2,2,0,2,2,0,1,3,109.8,3587.25,1,8.18541989745149,1,2,1.8603619723968976,0.6690980360843845,Mid-Tenure High Spenders,"{'Risk': 'High', 'Strategy': 'Value Enhancement', 'Offer': 'Upgrade to annual contract with 15% discount and free add-on services', 'Action': 'Send personalized email with tailored upgrade offer'}",High
0,1,0,0,42,1,2,1,0,0,0,0,2,0,0,1,2,84.65,3541.35,1,8.172545627690223,0,2,1.627813299611321,-0.39484424555389475,Mid-Tenure High Spenders,"{'Risk': 'High', 'Strategy': 'Value Enhancement', 'Offer': 'Upgrade to annual contract with 15% discount and free add-on services', 'Action': 'Send personalized email with tailored upgrade offer'}",High
1,0,1,1,11,1,0,1,0,0,0,0,2,0,0,1,0,79.5,868.5,1,6.767918333794338,2,3,-0.35056252931925824,0.4096339918162031,New Price-Shocked Customers,"{'Risk': 'Very High', 'Strategy': 'Price Reduction', 'Offer': 'Immediately offer 25% price reduction or downgrade to affordable plan', 'Action': 'Trigger automated discount coupon within 48 hours of signup'}",Very High
0,0,0,0,1,1,2,1,0,0,0,0,0,2,0,0,3,85.8,85.8,1,4.463606621666305,2,3,-0.8134981426059901,0.9431953087298824,New Price-Shocked Customers,"{'Risk': 'Very High', 'Strategy': 'Price Reduction', 'Offer': 'Immediately offer 25% price reduction or downgrade to affordable plan', 'Action': 'Trigger automated discount coupon within 48 hours of signup'}",Very High
1,1,0,0,1,1,0,1,0,0,0,0,2,0,0,1,2,79.1,79.1,1,4.383275854074314,2,3,-0.9405106593745817,0.7055128282633655,New Price-Shocked Customers,"{'Risk': 'Very High', 'Strategy': 'Price Reduction', 'Offer': 'Immediately offer 25% price reduction or downgrade to affordable plan', 'Action': 'Trigger automated discount coupon within 48 hours of signup'}",Very High
0,0,1,1,3,1,0,0,0,0,0,0,0,0,0,0,3,44.3,134.5,1,4.908971640319756,2,0,-1.506729134439421,-0.5831184423409614,New Low-Value Customers,"{'Risk': 'Medium', 'Strategy': 'Onboarding Support', 'Offer': 'Provide free onboarding assistance and offer a 10% discount on first 3 months', 'Action': 'Assign dedicated support agent for first 30 days'}",Medium
1,0,1,1,50,1,2,1,2,0,2,0,2,2,0,0,1,105.95,5341.8,1,8.58350513910295,0,1,2.887806994817065,-0.0216462817030055,Loyal Premium Customers,"{'Risk': 'Very High', 'Strategy': 'Loyalty Reward', 'Offer': 'Offer exclusive VIP loyalty program with 20% discount and priority support', 'Action': 'Personal call from retention team within 24 hours'}",Very High
1,0,0,0,5,1,0,1,0,0,0,0,0,0,0,1,2,69.75,324.6,1,5.785669634128386,2,3,-0.9054690090008009,0.25690469265163185,New Price-Shocked Customers,"{'Risk': 'Very High', 'Strategy': 'Price Reduction', 'Offer': 'Immediately offer 25% price reduction or downgrade to affordable plan', 'Action': 'Trigger automated discount coupon within 48 hours of signup'}",Very High
1,0,1,0,51,1,2,1,0,0,0,0,2,2,0,1,2,94.65,4812.75,1,8.479231685129118,0,1,2.5289609390658385,-0.38368438268015354,Loyal Premium Customers,"{'Risk': 'Very High', 'Strategy': 'Loyalty Reward', 'Offer': 'Offer exclusive VIP loyalty program with 20% discount and priority support', 'Action': 'Personal call from retention team within 24 hours'}",Very High
0,0,0,0,46,1,2,1,0,0,0,0,2,2,0,0,0,96.05,4399.5,1,8.389473449813867,0,1,2.257467003671316,-0.17662646676719226,Loyal Premium Customers,"{'Risk': 'Very High', 'Strategy': 'Loyalty Reward', 'Offer': 'Offer exclusive VIP loyalty program with 20% discount and priority support', 'Action': 'Personal call from retention team within 24 hours'}",Very High
1,1,0,1,1,1,0,0,0,0,2,0,0,0,0,1,3,50.15,50.15,1,3.9347624923976356,2,0,-1.4893184743672274,-0.3214883373344943,New Low-Value Customers,"{'Risk': 'Medium', 'Strategy': 'Onboarding Support', 'Offer': 'Provide free onboarding assistance and offer a 10% discount on first 3 months', 'Action': 'Assign dedicated support agent for first 30 days'}",Medium
0,0,1,0,41,1,2,1,2,2,2,2,2,2,0,1,0,113.6,4594.95,1,8.43293075988423,0,1,2.4936035055310692,0.5339962962341539,Loyal Premium Customers,"{'Risk': 'Very High', 'Strategy': 'Loyalty Reward', 'Offer': 'Offer exclusive VIP loyalty program with 20% discount and priority support', 'Action': 'Personal call from retention team within 24 hours'}",Very High
0,0,0,0,29,1,0,1,0,0,0,0,2,0,0,1,2,78.9,2384.15,1,7.777017294426516,1,2,0.7189787807739846,-0.18101729957358173,Mid-Tenure High Spenders,"{'Risk': 'High', 'Strategy': 'Value Enhancement', 'Offer': 'Upgrade to annual contract with 15% discount and free add-on services', 'Action': 'Send personalized email with tailored upgrade offer'}",High
0,0,1,1,26,1,2,0,0,2,0,2,0,0,0,1,2,60.05,1616.15,1,7.388420619653236,1,4,0.012689472219842705,-0.6967194739907246,Mid-Tenure Low Spenders,"{'Risk': 'Medium', 'Strategy': 'Upsell + Retain', 'Offer': 'Offer bundled services upgrade at same price point', 'Action': 'Send monthly value report showing benefits they are missing'}",Medium
0,0,0,0,1,0,1,0,0,0,0,0,2,0,0,1,2,34.7,34.7,1,3.5751506887855933,2,0,-1.7822055466171887,-0.8695770422908651,New Low-Value Customers,"{'Risk': 'Medium', 'Strategy': 'Onboarding Support', 'Offer': 'Provide free onboarding assistance and offer a 10% discount on first 3 months', 'Action': 'Assign dedicated support agent for first 30 days'}",Medium
1,0,0,0,3,1,2,1,0,0,0,0,0,2,0,1,2,85.3,264.8,1,5.582744146279145,2,3,-0.6991253955892669,0.8609041175193085,New Price-Shocked Customers,"{'Risk': 'Very High', 'Strategy': 'Price Reduction', 'Offer': 'Immediately offer 25% price reduction or downgrade to affordable plan', 'Action': 'Trigger automated discount coupon within 48 hours of signup'}",Very High
0,0,1,1,66,1,2,1,0,2,2,0,2,2,1,1,1,102.45,6615.15,1,8.797268908756067,0,1,3.7581547978828405,-0.6436102409022014,Loyal Premium Customers,"{'Risk': 'Very High', 'Strategy': 'Loyalty Reward', 'Offer': 'Offer exclusive VIP loyalty program with 20% discount and priority support', 'Action': 'Personal call from retention team within 24 hours'}",Very High
0,0,1,0,21,1,2,1,2,0,2,0,2,2,0,1,0,104.4,2200.25,1,7.696780659810416,1,2,0.8799089497603871,0.9222796586767689,Mid-Tenure High Spenders,"{'Risk': 'High', 'Strategy': 'Value Enhancement', 'Offer': 'Upgrade to annual contract with 15% discount and free add-on services', 'Action': 'Send personalized email with tailored upgrade offer'}",High
1,0,0,1,1,1,2,1,0,0,2,0,2,2,0,1,2,99.75,99.75,1,4.612642200826793,2,3,-0.5490467084385492,1.4380715180594215,New Price-Shocked Customers,"{'Risk': 'Very High', 'Strategy': 'Price Reduction', 'Offer': 'Immediately offer 25% price reduction or downgrade to affordable plan', 'Action': 'Trigger automated discount coupon within 48 hours of signup'}",Very High
1,0,0,0,4,1,0,0,0,0,2,2,2,2,0,1,2,74.4,299.7,1,5.706113089994483,2,3,-0.8587755272028856,0.44709403018248983,New Price-Shocked Customers,"{'Risk': 'Very High', 'Strategy': 'Price Reduction', 'Offer': 'Immediately offer 25% price reduction or downgrade to affordable plan', 'Action': 'Trigger automated discount coupon within 48 hours of signup'}",Very High
0,0,0,0,9,1,0,1,2,0,0,0,0,0,0,1,1,74.25,639.65,1,6.462483285955585,2,3,-0.5889330320086547,0.293105734099048,New Price-Shocked Customers,"{'Risk': 'Very High', 'Strategy': 'Price Reduction', 'Offer': 'Immediately offer 25% price reduction or downgrade to affordable plan', 'Action': 'Trigger automated discount coupon within 48 hours of signup'}",Very High
1,0,0,0,1,1,2,0,0,0,0,0,2,0,0,1,2,59.85,59.85,1,4.108411819433536,2,0,-1.3054346814335949,0.02261913438568691,New Low-Value Customers,"{'Risk': 'Medium', 'Strategy': 'Onboarding Support', 'Offer': 'Provide free onboarding assistance and offer a 10% discount on first 3 months', 'Action': 'Assign dedicated support agent for first 30 days'}",Medium
0,1,0,0,1,1,0,1,0,0,0,0,0,0,0,1,2,69.6,69.6,1,4.257030144499196,2,3,-1.1206030338972117,0.36850035596009545,New Price-Shocked Customers,"{'Risk': 'Very High', 'Strategy': 'Price Reduction', 'Offer': 'Immediately offer 25% price reduction or downgrade to affordable plan', 'Action': 'Trigger automated discount coupon within 48 hours of signup'}",Very High
1,0,0,0,9,0,1,0,0,0,0,0,2,2,0,1,2,45.4,418.8,1,6.039778407386533,2,0,-1.2011272117281842,-0.7078748572501196,New Low-Value Customers,"{'Risk': 'Medium', 'Strategy': 'Onboarding Support', 'Offer': 'Provide free onboarding assistance and offer a 10% discount on first 3 months', 'Action': 'Assign dedicated support agent for first 30 days'}",Medium
0,0,0,0,1,1,0,2,1,1,1,1,1,1,0,0,3,19.5,19.5,1,3.0204248861443626,2,0,-2.070353345853396,-1.4087969979760973,New Low-Value Customers,"{'Risk': 'Medium', 'Strategy': 'Onboarding Support', 'Offer': 'Provide free onboarding assistance and offer a 10% discount on first 3 months', 'Action': 'Assign dedicated support agent for first 30 days'}",Medium
1,0,0,0,1,1,0,1,0,0,0,0,0,0,0,1,2,69.9,69.9,1,4.2612704335380815,2,3,-1.1149159062807072,0.37914285508546225,New Price-Shocked Customers,"{'Risk': 'Very High', 'Strategy': 'Price Reduction', 'Offer': 'Immediately offer 25% price reduction or downgrade to affordable plan', 'Action': 'Trigger automated discount coupon within 48 hours of signup'}",Very High
0,0,0,0,2,1,0,1,0,2,0,0,2,0,0,1,0,87.15,183.75,1,5.2190035598283115,2,3,-0.7236513478177478,0.958007934706755,New Price-Shocked Customers,"{'Risk': 'Very High', 'Strategy': 'Price Reduction', 'Offer': 'Immediately offer 25% price reduction or downgrade to affordable plan', 'Action': 'Trigger automated discount coupon within 48 hours of signup'}",Very High
0,0,1,1,3,1,2,1,0,0,0,0,0,2,0,1,0,84.75,264.85,1,5.582932239950347,2,3,-0.7093477897384856,0.8413226407648652,New Price-Shocked Customers,"{'Risk': 'Very High', 'Strategy': 'Price Reduction', 'Offer': 'Immediately offer 25% price reduction or downgrade to affordable plan', 'Action': 'Trigger automated discount coupon within 48 hours of signup'}",Very High
1,0,0,0,14,1,2,1,0,0,0,2,2,0,0,1,2,89.95,1178.4,1,7.072761113566404,1,3,0.04358434843426098,0.6799823449977973,New Price-Shocked Customers,"{'Risk': 'Very High', 'Strategy': 'Price Reduction', 'Offer': 'Immediately offer 25% price reduction or downgrade to affordable plan', 'Action': 'Trigger automated discount coupon within 48 hours of signup'}",Very High
0,1,0,0,41,1,2,1,2,2,2,0,2,2,0,1,2,113.2,4689.5,1,8.453294465566005,0,1,2.5183046943334384,0.5086926597566058,Loyal Premium Customers,"{'Risk': 'Very High', 'Strategy': 'Loyalty Reward', 'Offer': 'Offer exclusive VIP loyalty program with 20% discount and priority support', 'Action': 'Personal call from retention team within 24 hours'}",Very High
1,1,0,0,13,1,0,1,0,0,0,0,2,2,0,1,2,90.5,1201.15,1,7.091866899322588,1,3,0.03014931179620811,0.7186669986098072,New Price-Shocked Customers,"{'Risk': 'Very High', 'Strategy': 'Price Reduction', 'Offer': 'Immediately offer 25% price reduction or downgrade to affordable plan', 'Action': 'Trigger automated discount coupon within 48 hours of signup'}",Very High
1,0,0,0,2,1,0,1,0,0,0,0,2,0,0,0,2,79.0,143.65,1,4.974317031422144,2,3,-0.8890149931814202,0.672626368527845,New Price-Shocked Customers,"{'Risk': 'Very High', 'Strategy': 'Price Reduction', 'Offer': 'Immediately offer 25% price reduction or downgrade to affordable plan', 'Action': 'Trigger automated discount coupon within 48 hours of signup'}",Very High
0,0,0,1,18,1,0,2,1,1,1,1,1,1,1,0,0,20.15,390.85,1,5.9708791134988735,1,0,-1.398024721681272,-1.7992491961573833,New Low-Value Customers,"{'Risk': 'Medium', 'Strategy': 'Onboarding Support', 'Offer': 'Provide free onboarding assistance and offer a 10% discount on first 3 months', 'Action': 'Assign dedicated support agent for first 30 days'}",Medium
1,0,0,1,1,1,0,1,0,0,0,0,0,0,0,1,2,71.65,71.65,1,4.285653390016292,2,3,-1.0817409951844335,0.4412240999834331,New Price-Shocked Customers,"{'Risk': 'Very High', 'Strategy': 'Price Reduction', 'Offer': 'Immediately offer 25% price reduction or downgrade to affordable plan', 'Action': 'Trigger automated discount coupon within 48 hours of signup'}",Very High
0,0,0,0,4,1,0,2,1,1,1,1,1,1,0,0,3,20.35,77.5,1,4.363098624788362,2,0,-1.9405791690874712,-1.4506480649255025,New Low-Value Customers,"{'Risk': 'Medium', 'Strategy': 'Onboarding Support', 'Offer': 'Provide free onboarding assistance and offer a 10% discount on first 3 months', 'Action': 'Assign dedicated support agent for first 30 days'}",Medium
0,0,0,0,38,1,0,1,0,2,2,2,0,0,0,1,1,84.25,3264.5,1,8.091168169342712,0,2,1.4005957683837638,-0.2895891106307933,Mid-Tenure High Spenders,"{'Risk': 'High', 'Strategy': 'Value Enhancement', 'Offer': 'Upgrade to annual contract with 15% discount and free add-on services', 'Action': 'Send personalized email with tailored upgrade offer'}",High
0,0,0,0,12,1,0,1,0,0,0,0,0,2,0,0,0,78.1,947.3,1,6.854670907889681,2,3,-0.31842391483069526,0.3288099509275283,New Price-Shocked Customers,"{'Risk': 'Very High', 'Strategy': 'Price Reduction', 'Offer': 'Immediately offer 25% price reduction or downgrade to affordable plan', 'Action': 'Trigger automated discount coupon within 48 hours of signup'}",Very High
0,0,1,0,19,1,2,1,0,0,2,0,0,2,0,0,3,89.65,1761.05,1,7.474233182938004,1,2,0.3931549030206551,0.4922478714761697,Mid-Tenure High Spenders,"{'Risk': 'High', 'Strategy': 'Value Enhancement', 'Offer': 'Upgrade to annual contract with 15% discount and free add-on services', 'Action': 'Send personalized email with tailored upgrade offer'}",High
0,0,0,0,10,1,2,1,2,0,0,0,2,2,0,1,2,98.7,973.25,1,6.881667944218819,2,3,0.011091885158363584,1.1025123969295134,New Price-Shocked Customers,"{'Risk': 'Very High', 'Strategy': 'Price Reduction', 'Offer': 'Immediately offer 25% price reduction or downgrade to affordable plan', 'Action': 'Trigger automated discount coupon within 48 hours of signup'}",Very High
0,0,0,0,1,1,0,1,0,0,2,0,0,0,0,0,2,76.35,76.35,1,4.348340577019075,2,3,-0.9926426625258693,0.60795658628084,New Price-Shocked Customers,"{'Risk': 'Very High', 'Strategy': 'Price Reduction', 'Offer': 'Immediately offer 25% price reduction or downgrade to affordable plan', 'Action': 'Trigger automated discount coupon within 48 hours of signup'}",Very High
0,0,0,0,23,1,2,1,0,2,0,0,0,0,0,1,2,79.15,1676.95,1,7.42532808920537,1,2,0.29471934970256675,0.04128766282522307,Mid-Tenure High Spenders,"{'Risk': 'High', 'Strategy': 'Value Enhancement', 'Offer': 'Upgrade to annual contract with 15% discount and free add-on services', 'Action': 'Send personalized email with tailored upgrade offer'}",High
1,1,1,0,32,1,2,1,0,0,0,0,0,2,0,1,2,85.0,2642.05,1,7.879688832321678,1,2,1.014460793385704,-0.059407881616872375,Mid-Tenure High Spenders,"{'Risk': 'High', 'Strategy': 'Value Enhancement', 'Offer': 'Upgrade to annual contract with 15% discount and free add-on services', 'Action': 'Send personalized email with tailored upgrade offer'}",High
1,1,1,0,32,1,2,1,0,0,0,0,0,2,0,0,2,85.3,2661.1,1,7.886870563989527,1,2,1.0265231235346672,-0.05096001867707603,Mid-Tenure High Spenders,"{'Risk': 'High', 'Strategy': 'Value Enhancement', 'Offer': 'Upgrade to annual contract with 15% discount and free add-on services', 'Action': 'Send personalized email with tailored upgrade offer'}",High
0,0,0,1,31,1,2,1,0,0,0,0,2,0,0,1,1,86.55,2697.4,1,7.90041428374744,1,2,1.0307271901373696,0.011053075561611544,Mid-Tenure High Spenders,"{'Risk': 'High', 'Strategy': 'Value Enhancement', 'Offer': 'Upgrade to annual contract with 15% discount and free add-on services', 'Action': 'Send personalized email with tailored upgrade offer'}",High
1,0,0,0,19,1,0,1,0,2,0,0,0,0,0,1,1,73.85,1424.5,1,7.2622779083527265,1,3,-0.015425616103834371,-0.030714172778644654,New Price-Shocked Customers,"{'Risk': 'Very High', 'Strategy': 'Price Reduction', 'Offer': 'Immediately offer 25% price reduction or downgrade to affordable plan', 'Action': 'Trigger automated discount coupon within 48 hours of signup'}",Very High
1,1,1,0,57,0,1,0,0,0,0,0,2,2,0,1,2,44.85,2572.95,1,7.853196962947979,0,4,1.0287321613353464,-2.0246368577717204,Mid-Tenure Low Spenders,"{'Risk': 'Medium', 'Strategy': 'Upsell + Retain', 'Offer': 'Offer bundled services upgrade at same price point', 'Action': 'Send monthly value report showing benefits they are missing'}",Medium
1,1,0,0,1,1,0,0,0,0,0,0,0,0,0,0,2,45.1,45.1,1,3.8308129500026027,2,0,-1.5850517892450466,-0.5006370726114958,New Low-Value Customers,"{'Risk': 'Medium', 'Strategy': 'Onboarding Support', 'Offer': 'Provide free onboarding assistance and offer a 10% discount on first 3 months', 'Action': 'Assign dedicated support agent for first 30 days'}",Medium
1,0,0,0,24,1,0,1,0,0,0,2,2,2,0,1,2,96.0,2122.45,1,7.66079740344362,1,2,0.791301658058356,0.5670971998570391,Mid-Tenure High Spenders,"{'Risk': 'High', 'Strategy': 'Value Enhancement', 'Offer': 'Upgrade to annual contract with 15% discount and free add-on services', 'Action': 'Send personalized email with tailored upgrade offer'}",High
1,0,0,0,1,1,0,2,1,1,1,1,1,1,0,0,0,20.05,20.05,1,3.0469005601283903,2,0,-2.059926945223139,-1.3892857495795925,New Low-Value Customers,"{'Risk': 'Medium', 'Strategy': 'Onboarding Support', 'Offer': 'Provide free onboarding assistance and offer a 10% discount on first 3 months', 'Action': 'Assign dedicated support agent for first 30 days'}",Medium
1,0,1,1,65,1,2,1,2,0,2,2,2,2,2,0,0,108.65,6937.95,1,8.84490574522436,0,1,3.951926511385272,-0.4389505680574872,Loyal Premium Customers,"{'Risk': 'Very High', 'Strategy': 'Loyalty Reward', 'Offer': 'Offer exclusive VIP loyalty program with 20% discount and priority support', 'Action': 'Personal call from retention team within 24 hours'}",Very High
1,0,0,0,10,1,0,0,0,0,0,0,0,0,0,1,2,45.55,402.6,1,6.000424288479454,2,0,-1.1724331474614944,-0.7224117393928393,New Low-Value Customers,"{'Risk': 'Medium', 'Strategy': 'Onboarding Support', 'Offer': 'Provide free onboarding assistance and offer a 10% discount on first 3 months', 'Action': 'Assign dedicated support agent for first 30 days'}",Medium
0,0,1,0,2,0,1,0,0,0,0,0,0,2,0,1,2,35.1,68.75,1,4.244917420701475,2,0,-1.7317716692501868,-0.8810975383239661,New Low-Value Customers,"{'Risk': 'Medium', 'Strategy': 'Onboarding Support', 'Offer': 'Provide free onboarding assistance and offer a 10% discount on first 3 months', 'Action': 'Assign dedicated support agent for first 30 days'}",Medium
1,0,0,0,1,1,0,0,0,0,0,0,0,0,0,0,1,46.2,46.2,1,3.85439389259151,2,0,-1.5641989879845315,-0.4616145758184854,New Low-Value Customers,"{'Risk': 'Medium', 'Strategy': 'Onboarding Support', 'Offer': 'Provide free onboarding assistance and offer a 10% discount on first 3 months', 'Action': 'Assign dedicated support agent for first 30 days'}",Medium
0,0,0,0,1,1,0,0,0,0,0,0,0,0,0,0,2,45.15,45.15,1,3.8318969609488613,2,0,-1.5841039346422958,-0.4988633227572682,New Low-Value Customers,"{'Risk': 'Medium', 'Strategy': 'Onboarding Support', 'Offer': 'Provide free onboarding assistance and offer a 10% discount on first 3 months', 'Action': 'Assign dedicated support agent for first 30 days'}",Medium
1,1,0,0,1,0,1,0,0,2,2,0,0,2,0,1,2,43.3,43.3,1,3.7909846770510898,2,0,-1.6191745549440713,-0.5644920673636945,New Low-Value Customers,"{'Risk': 'Medium', 'Strategy': 'Onboarding Support', 'Offer': 'Provide free onboarding assistance and offer a 10% discount on first 3 months', 'Action': 'Assign dedicated support agent for first 30 days'}",Medium
0,1,0,0,38,1,0,0,2,2,0,0,0,0,0,1,1,57.15,2250.65,1,7.719418559774295,0,4,0.5513529150846601,-1.1354651446296287,Mid-Tenure Low Spenders,"{'Risk': 'Medium', 'Strategy': 'Upsell + Retain', 'Offer': 'Offer bundled services upgrade at same price point', 'Action': 'Send monthly value report showing benefits they are missing'}",Medium
0,0,1,0,19,1,0,1,2,0,0,0,0,0,0,1,2,73.2,1441.1,1,7.273855663568025,1,3,-0.02188253960973043,-0.05579198617432935,New Price-Shocked Customers,"{'Risk': 'Very High', 'Strategy': 'Price Reduction', 'Offer': 'Immediately offer 25% price reduction or downgrade to affordable plan', 'Action': 'Trigger automated discount coupon within 48 hours of signup'}",Very High
1,0,0,0,52,1,0,1,0,2,0,0,0,2,0,1,2,85.35,4338.6,1,8.375537456948296,0,1,2.226015638836219,-0.6809642897130811,Loyal Premium Customers,"{'Risk': 'Very High', 'Strategy': 'Loyalty Reward', 'Offer': 'Offer exclusive VIP loyalty program with 20% discount and priority support', 'Action': 'Personal call from retention team within 24 hours'}",Very High
0,0,0,0,1,1,0,0,0,0,0,0,0,0,0,0,3,45.95,45.95,1,3.849083205654272,2,0,-1.568938260998285,-0.47048332508962415,New Low-Value Customers,"{'Risk': 'Medium', 'Strategy': 'Onboarding Support', 'Offer': 'Provide free onboarding assistance and offer a 10% discount on first 3 months', 'Action': 'Assign dedicated support agent for first 30 days'}",Medium
0,0,0,0,3,1,0,1,0,2,0,0,2,0,0,0,2,83.75,247.25,1,5.514436302925282,2,3,-0.7339490611022368,0.8077906282499352,New Price-Shocked Customers,"{'Risk': 'Very High', 'Strategy': 'Price Reduction', 'Offer': 'Immediately offer 25% price reduction or downgrade to affordable plan', 'Action': 'Trigger automated discount coupon within 48 hours of signup'}",Very High
1,0,0,0,1,1,0,1,0,0,0,0,0,0,0,1,2,70.05,70.05,1,4.263383854543109,2,3,-1.1120723424724555,0.3844641046481452,New Price-Shocked Customers,"{'Risk': 'Very High', 'Strategy': 'Price Reduction', 'Offer': 'Immediately offer 25% price reduction or downgrade to affordable plan', 'Action': 'Trigger automated discount coupon within 48 hours of signup'}",Very High
1,0,0,0,2,1,2,1,0,0,0,0,0,2,0,1,2,86.0,165.45,1,5.114694964021034,2,3,-0.7512831889307032,0.9192190486239183,New Price-Shocked Customers,"{'Risk': 'Very High', 'Strategy': 'Price Reduction', 'Offer': 'Immediately offer 25% price reduction or downgrade to affordable plan', 'Action': 'Trigger automated discount coupon within 48 hours of signup'}",Very High
0,1,1,0,35,1,2,1,2,2,0,2,2,0,0,1,0,100.5,3653.35,1,8.203673517791433,1,2,1.7411075078025429,0.30858334509123325,Mid-Tenure High Spenders,"{'Risk': 'High', 'Strategy': 'Value Enhancement', 'Offer': 'Upgrade to annual contract with 15% discount and free add-on services', 'Action': 'Send personalized email with tailored upgrade offer'}",High
0,0,0,0,16,1,2,1,0,0,0,0,0,0,0,0,2,72.65,1194.3,1,7.086152478883935,1,3,-0.21026563136651588,0.018835217377311322,New Price-Shocked Customers,"{'Risk': 'Very High', 'Strategy': 'Price Reduction', 'Offer': 'Immediately offer 25% price reduction or downgrade to affordable plan', 'Action': 'Trigger automated discount coupon within 48 hours of signup'}",Very High
0,0,1,1,1,1,0,2,1,1,1,1,1,1,0,1,2,21.0,21.0,1,3.091042453358316,2,0,-2.041917707770876,-1.3555845023492652,New Low-Value Customers,"{'Risk': 'Medium', 'Strategy': 'Onboarding Support', 'Offer': 'Provide free onboarding assistance and offer a 10% discount on first 3 months', 'Action': 'Assign dedicated support agent for first 30 days'}",Medium
0,1,0,0,1,1,0,0,0,0,0,0,0,0,0,0,3,45.1,45.1,1,3.8308129500026027,2,0,-1.5850517892450466,-0.5006370726114958,New Low-Value Customers,"{'Risk': 'Medium', 'Strategy': 'Onboarding Support', 'Offer': 'Provide free onboarding assistance and offer a 10% discount on first 3 months', 'Action': 'Assign dedicated support agent for first 30 days'}",Medium
1,1,1,0,30,1,0,0,0,2,0,0,0,0,0,1,0,50.4,1527.5,1,7.33204214133089,1,4,-0.07146861118083221,-1.1168938798983554,Mid-Tenure Low Spenders,"{'Risk': 'Medium', 'Strategy': 'Upsell + Retain', 'Offer': 'Offer bundled services upgrade at same price point', 'Action': 'Send monthly value report showing benefits they are missing'}",Medium
0,1,0,0,5,1,0,1,0,0,0,0,0,2,0,0,2,78.95,378.4,1,5.938591057500914,2,3,-0.7158992803374649,0.5780543578894598,New Price-Shocked Customers,"{'Risk': 'Very High', 'Strategy': 'Price Reduction', 'Offer': 'Immediately offer 25% price reduction or downgrade to affordable plan', 'Action': 'Trigger automated discount coupon within 48 hours of signup'}",Very High
1,0,0,0,56,1,2,1,0,2,0,2,0,2,0,1,2,94.45,5124.6,1,8.542002870324811,0,1,2.7883182766687598,-0.5361632528842104,Loyal Premium Customers,"{'Risk': 'Very High', 'Strategy': 'Loyalty Reward', 'Offer': 'Offer exclusive VIP loyalty program with 20% discount and priority support', 'Action': 'Personal call from retention team within 24 hours'}",Very High
0,0,0,0,44,1,2,1,0,2,2,0,0,0,0,1,0,84.8,3862.55,1,8.25934172892313,0,2,1.8026366854488503,-0.4706447287697718,Mid-Tenure High Spenders,"{'Risk': 'High', 'Strategy': 'Value Enhancement', 'Offer': 'Upgrade to annual contract with 15% discount and free add-on services', 'Action': 'Send personalized email with tailored upgrade offer'}",High
1,0,0,0,1,1,0,0,0,0,2,0,0,0,0,0,3,50.9,50.9,1,3.949318790171843,2,0,-1.4751006553259671,-0.2948820895210783,New Low-Value Customers,"{'Risk': 'Medium', 'Strategy': 'Onboarding Support', 'Offer': 'Provide free onboarding assistance and offer a 10% discount on first 3 months', 'Action': 'Assign dedicated support agent for first 30 days'}",Medium
1,0,1,1,49,1,2,1,0,0,2,0,2,2,0,1,2,99.8,4872.45,1,8.491557384157588,0,1,2.58231819825011,-0.1638293669854758,Loyal Premium Customers,"{'Risk': 'Very High', 'Strategy': 'Loyalty Reward', 'Offer': 'Offer exclusive VIP loyalty program with 20% discount and priority support', 'Action': 'Personal call from retention team within 24 hours'}",Very High
1,0,1,1,47,1,2,1,0,0,2,2,2,2,0,1,0,107.35,5118.95,1,8.540899952360869,0,1,2.7438704702056413,0.11958212637244786,Loyal Premium Customers,"{'Risk': 'Very High', 'Strategy': 'Loyalty Reward', 'Offer': 'Offer exclusive VIP loyalty program with 20% discount and priority support', 'Action': 'Personal call from retention team within 24 hours'}",Very High
0,0,1,1,31,1,0,2,1,1,1,1,1,1,0,1,3,19.55,658.95,1,6.492164074574964,1,0,-0.9097122726214639,-2.135018902007982,New Low-Value Customers,"{'Risk': 'Medium', 'Strategy': 'Onboarding Support', 'Offer': 'Provide free onboarding assistance and offer a 10% discount on first 3 months', 'Action': 'Assign dedicated support agent for first 30 days'}",Medium
0,0,0,0,3,1,0,1,2,2,0,0,0,0,0,1,2,79.1,246.5,1,5.511410582008745,2,3,-0.8207734970312988,0.6423754074801568,New Price-Shocked Customers,"{'Risk': 'Very High', 'Strategy': 'Price Reduction', 'Offer': 'Immediately offer 25% price reduction or downgrade to affordable plan', 'Action': 'Trigger automated discount coupon within 48 hours of signup'}",Very High
1,0,0,1,8,0,1,0,0,0,0,0,0,0,0,0,3,25.5,215.2,1,5.376203905205108,2,0,-1.6722430049677148,-1.3705538625181146,New Low-Value Customers,"{'Risk': 'Medium', 'Strategy': 'Onboarding Support', 'Offer': 'Provide free onboarding assistance and offer a 10% discount on first 3 months', 'Action': 'Assign dedicated support agent for first 30 days'}",Medium
0,0,0,0,2,1,0,1,0,0,0,0,0,2,0,0,2,80.75,159.45,1,5.077982367555866,2,3,-0.8510629303208234,0.7330630993774286,New Price-Shocked Customers,"{'Risk': 'Very High', 'Strategy': 'Price Reduction', 'Offer': 'Immediately offer 25% price reduction or downgrade to affordable plan', 'Action': 'Trigger automated discount coupon within 48 hours of signup'}",Very High
1,0,1,0,65,1,2,1,0,2,0,0,2,0,0,1,0,91.85,5940.85,1,8.689775811678336,0,1,3.3001347759239748,-0.9201890869332451,Loyal Premium Customers,"{'Risk': 'Very High', 'Strategy': 'Loyalty Reward', 'Offer': 'Offer exclusive VIP loyalty program with 20% discount and priority support', 'Action': 'Personal call from retention team within 24 hours'}",Very High
1,0,0,1,1,1,0,1,0,2,0,0,0,0,0,1,2,75.35,75.35,1,4.335328031664641,2,3,-1.011599754580883,0.5724815891962852,New Price-Shocked Customers,"{'Risk': 'Very High', 'Strategy': 'Price Reduction', 'Offer': 'Immediately offer 25% price reduction or downgrade to affordable plan', 'Action': 'Trigger automated discount coupon within 48 hours of signup'}",Very High
1,0,0,0,1,1,2,1,0,0,0,0,0,0,0,1,2,75.45,75.45,1,4.336636932375072,2,3,-1.0097040453753814,0.5760290889047409,New Price-Shocked Customers,"{'Risk': 'Very High', 'Strategy': 'Price Reduction', 'Offer': 'Immediately offer 25% price reduction or downgrade to affordable plan', 'Action': 'Trigger automated discount coupon within 48 hours of signup'}",Very High
1,0,0,0,24,1,0,0,2,0,0,0,0,0,0,1,0,49.55,1210.4,1,7.0995319945468465,1,4,-0.3835686178755309,-0.9794003036682938,Mid-Tenure Low Spenders,"{'Risk': 'Medium', 'Strategy': 'Upsell + Retain', 'Offer': 'Offer bundled services upgrade at same price point', 'Action': 'Send monthly value report showing benefits they are missing'}",Medium
1,0,0,0,69,1,2,0,2,2,2,2,0,2,1,1,1,78.6,5356.45,1,8.58624339459303,0,1,2.980394845053255,-1.4104686717464312,Loyal Premium Customers,"{'Risk': 'Very High', 'Strategy': 'Loyalty Reward', 'Offer': 'Offer exclusive VIP loyalty program with 20% discount and priority support', 'Action': 'Personal call from retention team within 24 hours'}",Very High
0,0,1,0,7,1,0,1,0,0,0,0,2,0,0,1,2,81.1,576.65,1,6.358968148929027,2,3,-0.5456460600662182,0.5878289243833309,New Price-Shocked Customers,"{'Risk': 'Very High', 'Strategy': 'Price Reduction', 'Offer': 'Immediately offer 25% price reduction or downgrade to affordable plan', 'Action': 'Trigger automated discount coupon within 48 hours of signup'}",Very High
1,0,1,0,11,1,2,1,0,0,0,0,0,0,0,1,2,74.95,825.7,1,6.71744187225863,2,3,-0.4498227113357877,0.25269981290004195,New Price-Shocked Customers,"{'Risk': 'Very High', 'Strategy': 'Price Reduction', 'Offer': 'Immediately offer 25% price reduction or downgrade to affordable plan', 'Action': 'Trigger automated discount coupon within 48 hours of signup'}",Very High
1,1,0,0,1,1,2,1,0,0,0,0,2,2,0,1,2,93.55,93.55,1,4.549128795104466,2,3,-0.666580679179634,1.2181265361351818,New Price-Shocked Customers,"{'Risk': 'Very High', 'Strategy': 'Price Reduction', 'Offer': 'Immediately offer 25% price reduction or downgrade to affordable plan', 'Action': 'Trigger automated discount coupon within 48 hours of signup'}",Very High
0,0,1,0,58,1,2,1,0,0,2,2,2,2,0,1,1,102.1,5885.4,1,8.68039988435051,0,1,3.25223852034693,-0.396477380407783,Loyal Premium Customers,"{'Risk': 'Very High', 'Strategy': 'Loyalty Reward', 'Offer': 'Offer exclusive VIP loyalty program with 20% discount and priority support', 'Action': 'Personal call from retention team within 24 hours'}",Very High
0,0,1,1,14,1,2,1,0,2,0,0,0,2,0,1,0,90.9,1259.0,1,7.138866999945524,1,3,0.08867544624441176,0.7043607777118229,New Price-Shocked Customers,"{'Risk': 'Very High', 'Strategy': 'Price Reduction', 'Offer': 'Immediately offer 25% price reduction or downgrade to affordable plan', 'Action': 'Trigger automated discount coupon within 48 hours of signup'}",Very High
0,0,1,1,12,0,1,0,0,2,0,0,0,0,0,0,3,29.2,309.1,1,5.736894826106403,2,0,-1.4457940817810429,-1.3369414542855234,New Low-Value Customers,"{'Risk': 'Medium', 'Strategy': 'Onboarding Support', 'Offer': 'Provide free onboarding assistance and offer a 10% discount on first 3 months', 'Action': 'Assign dedicated support agent for first 30 days'}",Medium
0,0,1,1,25,1,0,1,0,2,2,0,2,0,0,1,0,89.15,2257.75,1,7.722566841906438,1,2,0.7411877900143408,0.28568334690041797,Mid-Tenure High Spenders,"{'Risk': 'High', 'Strategy': 'Value Enhancement', 'Offer': 'Upgrade to annual contract with 15% discount and free add-on services', 'Action': 'Send personalized email with tailored upgrade offer'}",High
1,1,1,0,58,1,2,1,2,2,2,0,2,2,1,1,2,108.85,6287.25,1,8.746438091588423,0,1,3.5145371594822588,-0.20326652378936994,Loyal Premium Customers,"{'Risk': 'Very High', 'Strategy': 'Loyalty Reward', 'Offer': 'Offer exclusive VIP loyalty program with 20% discount and priority support', 'Action': 'Personal call from retention team within 24 hours'}",Very High
0,1,0,0,16,1,2,1,0,0,0,0,2,0,0,1,2,84.75,1350.15,1,7.208711360664456,1,3,0.06799173524800532,0.43125713801105336,New Price-Shocked Customers,"{'Risk': 'Very High', 'Strategy': 'Price Reduction', 'Offer': 'Immediately offer 25% price reduction or downgrade to affordable plan', 'Action': 'Trigger automated discount coupon within 48 hours of signup'}",Very High
0,0,1,1,1,1,0,0,0,0,0,0,0,0,0,1,2,45.7,45.7,1,3.8437441646748516,2,0,-1.5736775340120381,-0.4793520743607629,New Low-Value Customers,"{'Risk': 'Medium', 'Strategy': 'Onboarding Support', 'Offer': 'Provide free onboarding assistance and offer a 10% discount on first 3 months', 'Action': 'Assign dedicated support agent for first 30 days'}",Medium
0,1,0,0,1,1,0,1,0,0,0,0,0,0,0,1,2,69.95,69.95,1,4.261975403606051,2,3,-1.1139680516779569,0.38091660493968993,New Price-Shocked Customers,"{'Risk': 'Very High', 'Strategy': 'Price Reduction', 'Offer': 'Immediately offer 25% price reduction or downgrade to affordable plan', 'Action': 'Trigger automated discount coupon within 48 hours of signup'}",Very High
0,0,1,0,2,0,1,0,0,0,0,0,2,2,0,0,2,44.6,97.1,1,4.585987366571318,2,0,-1.5452700911149244,-0.546291406932589,New Low-Value Customers,"{'Risk': 'Medium', 'Strategy': 'Onboarding Support', 'Offer': 'Provide free onboarding assistance and offer a 10% discount on first 3 months', 'Action': 'Assign dedicated support agent for first 30 days'}",Medium
1,0,0,0,23,1,2,1,0,0,0,0,0,0,0,1,2,74.95,1710.45,1,7.445096243403855,1,2,0.22791797029677444,-0.11212000675369312,Mid-Tenure High Spenders,"{'Risk': 'High', 'Strategy': 'Value Enhancement', 'Offer': 'Upgrade to annual contract with 15% discount and free add-on services', 'Action': 'Send personalized email with tailored upgrade offer'}",High
0,0,0,0,57,1,0,1,0,0,2,0,2,2,2,1,2,95.25,5464.65,1,8.606238332238815,0,1,2.9502422918668127,-0.5692633937267001,Loyal Premium Customers,"{'Risk': 'Very High', 'Strategy': 'Loyalty Reward', 'Offer': 'Offer exclusive VIP loyalty program with 20% discount and priority support', 'Action': 'Personal call from retention team within 24 hours'}",Very High
1,0,0,0,24,1,2,1,0,0,2,0,2,0,0,1,3,89.85,2165.05,1,7.680660511320358,1,2,0.6912910685044165,0.34321991370454513,Mid-Tenure High Spenders,"{'Risk': 'High', 'Strategy': 'Value Enhancement', 'Offer': 'Upgrade to annual contract with 15% discount and free add-on services', 'Action': 'Send personalized email with tailored upgrade offer'}",High
0,0,1,1,49,1,2,1,0,2,0,0,2,2,1,0,3,100.45,4941.8,1,8.505687251230036,0,1,2.6179990501648,-0.14881176586444364,Loyal Premium Customers,"{'Risk': 'Very High', 'Strategy': 'Loyalty Reward', 'Offer': 'Offer exclusive VIP loyalty program with 20% discount and priority support', 'Action': 'Personal call from retention team within 24 hours'}",Very High
1,0,0,0,5,1,2,0,0,0,0,0,0,0,0,0,2,47.15,223.15,1,5.412315470601449,2,0,-1.3607091411606127,-0.5356010647535885,New Low-Value Customers,"{'Risk': 'Medium', 'Strategy': 'Onboarding Support', 'Offer': 'Provide free onboarding assistance and offer a 10% discount on first 3 months', 'Action': 'Assign dedicated support agent for first 30 days'}",Medium
1,0,0,0,2,1,0,1,0,0,0,0,0,2,0,1,2,80.2,181.1,1,5.2045559867335625,2,3,-0.8539410911526488,0.7109534017372088,New Price-Shocked Customers,"{'Risk': 'Very High', 'Strategy': 'Price Reduction', 'Offer': 'Immediately offer 25% price reduction or downgrade to affordable plan', 'Action': 'Trigger automated discount coupon within 48 hours of signup'}",Very High
0,0,0,1,4,1,2,1,0,0,2,2,0,0,0,1,3,87.1,341.45,1,5.836125661643914,2,3,-0.6081431443139217,0.8942262701594915,New Price-Shocked Customers,"{'Risk': 'Very High', 'Strategy': 'Price Reduction', 'Offer': 'Immediately offer 25% price reduction or downgrade to affordable plan', 'Action': 'Trigger automated discount coupon within 48 hours of signup'}",Very High
1,0,0,0,5,1,2,1,0,0,0,0,0,0,0,1,0,75.9,357.75,1,5.882625767073831,2,3,-0.7797026012157251,0.471915648614423,New Price-Shocked Customers,"{'Risk': 'Very High', 'Strategy': 'Price Reduction', 'Offer': 'Immediately offer 25% price reduction or downgrade to affordable plan', 'Action': 'Trigger automated discount coupon within 48 hours of signup'}",Very High
0,0,1,0,47,1,2,1,2,2,2,0,2,0,0,1,2,98.75,4533.7,1,8.419514208211142,0,1,2.3847722497142443,-0.11800754421291186,Loyal Premium Customers,"{'Risk': 'Very High', 'Strategy': 'Loyalty Reward', 'Offer': 'Offer exclusive VIP loyalty program with 20% discount and priority support', 'Action': 'Personal call from retention team within 24 hours'}",Very High
0,0,0,0,10,1,2,1,0,0,0,0,0,2,0,0,2,86.45,830.85,1,6.723652136105752,2,3,-0.26538489836086576,0.6831773839531544,New Price-Shocked Customers,"{'Risk': 'Very High', 'Strategy': 'Price Reduction', 'Offer': 'Immediately offer 25% price reduction or downgrade to affordable plan', 'Action': 'Trigger automated discount coupon within 48 hours of signup'}",Very High
0,0,0,0,1,1,0,0,0,0,0,0,0,0,0,1,3,45.3,45.3,1,3.835141961092188,2,0,-1.5812603708340438,-0.49354207319458493,New Low-Value Customers,"{'Risk': 'Medium', 'Strategy': 'Onboarding Support', 'Offer': 'Provide free onboarding assistance and offer a 10% discount on first 3 months', 'Action': 'Assign dedicated support agent for first 30 days'}",Medium
1,0,1,0,67,1,2,1,0,2,2,0,2,2,1,0,2,104.1,7040.85,1,8.859626198721307,0,1,3.965025257314459,-0.6564822421447581,Loyal Premium Customers,"{'Risk': 'Very High', 'Strategy': 'Loyalty Reward', 'Offer': 'Offer exclusive VIP loyalty program with 20% discount and priority support', 'Action': 'Personal call from retention team within 24 hours'}",Very High
0,1,1,0,5,1,2,1,0,2,0,0,0,0,0,1,2,81.0,371.65,1,5.9206396413277025,2,3,-0.6800293366799212,0.6518081178292244,New Price-Shocked Customers,"{'Risk': 'Very High', 'Strategy': 'Price Reduction', 'Offer': 'Immediately offer 25% price reduction or downgrade to affordable plan', 'Action': 'Trigger automated discount coupon within 48 hours of signup'}",Very High
1,0,1,0,67,1,0,1,2,2,0,0,0,2,1,1,1,90.6,6056.15,1,8.708994671409323,0,1,3.3788860239304603,-1.0217184007368814,Loyal Premium Customers,"{'Risk': 'Very High', 'Strategy': 'Loyalty Reward', 'Offer': 'Offer exclusive VIP loyalty program with 20% discount and priority support', 'Action': 'Personal call from retention team within 24 hours'}",Very High
0,0,1,0,15,1,0,1,0,0,0,0,2,2,0,0,2,88.15,1390.6,1,7.238209443277787,1,3,0.11363357137244937,0.5693073814550731,New Price-Shocked Customers,"{'Risk': 'Very High', 'Strategy': 'Price Reduction', 'Offer': 'Immediately offer 25% price reduction or downgrade to affordable plan', 'Action': 'Trigger automated discount coupon within 48 hours of signup'}",Very High
1,0,0,0,1,1,0,2,1,1,1,1,1,1,0,1,3,20.2,20.2,1,3.054001181677967,2,0,-2.057083381414887,-1.383964500016909,New Low-Value Customers,"{'Risk': 'Medium', 'Strategy': 'Onboarding Support', 'Offer': 'Provide free onboarding assistance and offer a 10% discount on first 3 months', 'Action': 'Assign dedicated support agent for first 30 days'}",Medium
0,0,1,1,26,1,0,1,0,0,0,0,2,2,0,1,2,90.8,2361.8,1,7.7676026354330805,1,2,0.8386937750691275,0.31045959787592015,Mid-Tenure High Spenders,"{'Risk': 'High', 'Strategy': 'Value Enhancement', 'Offer': 'Upgrade to annual contract with 15% discount and free add-on services', 'Action': 'Send personalized email with tailored upgrade offer'}",High
1,0,0,0,22,1,2,1,0,2,0,0,0,0,0,1,2,79.35,1730.35,1,7.456656730000356,1,2,0.2851896656989252,0.06392760229749608,Mid-Tenure High Spenders,"{'Risk': 'High', 'Strategy': 'Value Enhancement', 'Offer': 'Upgrade to annual contract with 15% discount and free add-on services', 'Action': 'Send personalized email with tailored upgrade offer'}",High
1,1,0,0,21,1,0,1,0,0,2,0,2,2,0,1,0,96.8,2030.3,1,7.616431261159709,1,2,0.6806342964812274,0.6716723040196079,Mid-Tenure High Spenders,"{'Risk': 'High', 'Strategy': 'Value Enhancement', 'Offer': 'Upgrade to annual contract with 15% discount and free add-on services', 'Action': 'Send personalized email with tailored upgrade offer'}",High
1,0,1,0,47,1,2,1,0,2,2,0,0,0,0,1,0,83.35,4065.0,1,8.310414994188292,0,1,1.9387061356422934,-0.6112649748927145,Loyal Premium Customers,"{'Risk': 'Very High', 'Strategy': 'Loyalty Reward', 'Offer': 'Offer exclusive VIP loyalty program with 20% discount and priority support', 'Action': 'Personal call from retention team within 24 hours'}",Very High
0,0,0,0,2,1,2,0,0,0,0,0,0,0,0,1,2,49.4,106.55,1,4.677955855713739,2,0,-1.4526949990228089,-0.37655569070074757,New Low-Value Customers,"{'Risk': 'Medium', 'Strategy': 'Onboarding Support', 'Offer': 'Provide free onboarding assistance and offer a 10% discount on first 3 months', 'Action': 'Assign dedicated support agent for first 30 days'}",Medium
0,0,1,0,22,1,2,0,2,0,0,2,2,2,0,1,2,79.2,1742.75,1,7.463793245569676,1,2,0.2866132374523995,0.05713740958127164,Mid-Tenure High Spenders,"{'Risk': 'High', 'Strategy': 'Value Enhancement', 'Offer': 'Upgrade to annual contract with 15% discount and free add-on services', 'Action': 'Send personalized email with tailored upgrade offer'}",High
1,0,1,1,7,1,0,0,0,0,2,0,0,0,0,0,2,48.7,340.25,1,5.8326153464991695,2,0,-1.22921804620182,-0.5376833394572409,New Low-Value Customers,"{'Risk': 'Medium', 'Strategy': 'Onboarding Support', 'Offer': 'Provide free onboarding assistance and offer a 10% discount on first 3 months', 'Action': 'Assign dedicated support agent for first 30 days'}",Medium
0,0,0,0,1,1,0,1,2,0,0,0,2,2,0,1,2,95.6,95.6,1,4.570578741218473,2,3,-0.6277186404668561,1.290850280158519,New Price-Shocked Customers,"{'Risk': 'Very High', 'Strategy': 'Price Reduction', 'Offer': 'Immediately offer 25% price reduction or downgrade to affordable plan', 'Action': 'Trigger automated discount coupon within 48 hours of signup'}",Very High
0,0,0,0,49,1,2,0,2,2,0,0,0,0,0,1,1,59.75,2934.3,1,7.984564941689402,0,4,1.1777121586808759,-1.3624355898842688,Mid-Tenure Low Spenders,"{'Risk': 'Medium', 'Strategy': 'Upsell + Retain', 'Offer': 'Offer bundled services upgrade at same price point', 'Action': 'Send monthly value report showing benefits they are missing'}",Medium
0,1,0,0,43,1,0,1,2,2,0,2,2,2,0,1,1,108.15,4600.7,1,8.434181079422173,0,1,2.456914828944119,0.2958029238567109,Loyal Premium Customers,"{'Risk': 'Very High', 'Strategy': 'Loyalty Reward', 'Offer': 'Offer exclusive VIP loyalty program with 20% discount and priority support', 'Action': 'Personal call from retention team within 24 hours'}",Very High
0,0,0,0,1,1,0,1,0,0,0,0,0,0,0,0,2,71.35,71.35,1,4.281515453077493,2,3,-1.0874281228009377,0.43058160085806624,New Price-Shocked Customers,"{'Risk': 'Very High', 'Strategy': 'Price Reduction', 'Offer': 'Immediately offer 25% price reduction or downgrade to affordable plan', 'Action': 'Trigger automated discount coupon within 48 hours of signup'}",Very High
0,0,0,0,1,1,0,2,1,1,1,1,1,1,0,1,3,20.15,20.15,1,3.051639905492287,2,0,-2.0580312360176376,-1.3857382498711368,New Low-Value Customers,"{'Risk': 'Medium', 'Strategy': 'Onboarding Support', 'Offer': 'Provide free onboarding assistance and offer a 10% discount on first 3 months', 'Action': 'Assign dedicated support agent for first 30 days'}",Medium
1,0,0,1,1,1,0,1,0,0,0,0,0,0,0,0,0,69.75,69.75,1,4.259152536523347,2,3,-1.1177594700889595,0.3738216055227788,New Price-Shocked Customers,"{'Risk': 'Very High', 'Strategy': 'Price Reduction', 'Offer': 'Immediately offer 25% price reduction or downgrade to affordable plan', 'Action': 'Trigger automated discount coupon within 48 hours of signup'}",Very High
0,1,1,0,32,1,2,1,0,0,0,0,2,2,0,1,2,93.2,2931.0,1,7.983440063006542,1,2,1.2653669808228423,0.19862607532454155,Mid-Tenure High Spenders,"{'Risk': 'High', 'Strategy': 'Value Enhancement', 'Offer': 'Upgrade to annual contract with 15% discount and free add-on services', 'Action': 'Send personalized email with tailored upgrade offer'}",High
1,0,1,1,17,1,0,1,0,0,0,0,2,0,0,0,2,80.85,1400.85,1,7.2455480718564305,1,3,0.044033343074716166,0.26474201434968997,New Price-Shocked Customers,"{'Risk': 'Very High', 'Strategy': 'Price Reduction', 'Offer': 'Immediately offer 25% price reduction or downgrade to affordable plan', 'Action': 'Trigger automated discount coupon within 48 hours of signup'}",Very High
0,0,0,0,4,0,1,0,2,2,0,0,0,0,0,1,2,33.65,137.85,1,4.933394213752808,2,0,-1.6724523365343378,-0.9843376774359152,New Low-Value Customers,"{'Risk': 'Medium', 'Strategy': 'Onboarding Support', 'Offer': 'Provide free onboarding assistance and offer a 10% discount on first 3 months', 'Action': 'Assign dedicated support agent for first 30 days'}",Medium
1,0,0,0,1,1,0,1,0,0,0,0,2,0,0,1,2,79.95,79.95,1,4.393831680123644,2,3,-0.92439713112782,0.7356665757852373,New Price-Shocked Customers,"{'Risk': 'Very High', 'Strategy': 'Price Reduction', 'Offer': 'Immediately offer 25% price reduction or downgrade to affordable plan', 'Action': 'Trigger automated discount coupon within 48 hours of signup'}",Very High
0,0,0,0,1,1,0,2,1,1,1,1,1,1,0,0,2,19.3,19.3,1,3.0106208860477417,2,0,-2.0741447642643993,-1.4158919973930084,New Low-Value Customers,"{'Risk': 'Medium', 'Strategy': 'Onboarding Support', 'Offer': 'Provide free onboarding assistance and offer a 10% discount on first 3 months', 'Action': 'Assign dedicated support agent for first 30 days'}",Medium
0,0,1,0,37,1,2,1,2,0,2,2,0,2,1,1,2,99.2,3754.6,1,8.231003338384392,0,2,1.8141507499820417,0.20691894311859513,Mid-Tenure High Spenders,"{'Risk': 'High', 'Strategy': 'Value Enhancement', 'Offer': 'Upgrade to annual contract with 15% discount and free add-on services', 'Action': 'Send personalized email with tailored upgrade offer'}",High
0,0,1,0,8,1,2,1,0,0,0,0,0,2,0,1,1,85.2,627.4,1,6.443176906381466,2,3,-0.42065080167316043,0.7060443031410877,New Price-Shocked Customers,"{'Risk': 'Very High', 'Strategy': 'Price Reduction', 'Offer': 'Immediately offer 25% price reduction or downgrade to affordable plan', 'Action': 'Trigger automated discount coupon within 48 hours of signup'}",Very High
0,0,0,0,3,1,2,1,0,0,0,0,0,0,0,0,2,75.25,242.0,1,5.493061443340548,2,3,-0.8939793084642267,0.5058727494257209,New Price-Shocked Customers,"{'Risk': 'Very High', 'Strategy': 'Price Reduction', 'Offer': 'Immediately offer 25% price reduction or downgrade to affordable plan', 'Action': 'Trigger automated discount coupon within 48 hours of signup'}",Very High
1,0,0,0,1,1,2,0,0,0,2,0,0,0,0,0,2,54.35,54.35,1,4.013676659154646,2,0,-1.40969868773617,-0.17249334957936419,New Low-Value Customers,"{'Risk': 'Medium', 'Strategy': 'Onboarding Support', 'Offer': 'Provide free onboarding assistance and offer a 10% discount on first 3 months', 'Action': 'Assign dedicated support agent for first 30 days'}",Medium
1,0,1,0,5,0,1,0,0,0,0,0,0,0,0,1,2,24.95,100.4,1,4.619073091157083,2,0,-1.8157446708959855,-1.311376897712887,New Low-Value Customers,"{'Risk': 'Medium', 'Strategy': 'Onboarding Support', 'Offer': 'Provide free onboarding assistance and offer a 10% discount on first 3 months', 'Action': 'Assign dedicated support agent for first 30 days'}",Medium
1,0,1,0,40,0,1,0,2,2,2,0,0,0,1,1,2,42.35,1716.45,1,7.448595911591226,0,4,0.15700569638477208,-1.643244461877608,Mid-Tenure Low Spenders,"{'Risk': 'Medium', 'Strategy': 'Upsell + Retain', 'Offer': 'Offer bundled services upgrade at same price point', 'Action': 'Send monthly value report showing benefits they are missing'}",Medium
1,0,0,0,1,1,2,1,0,0,0,0,0,0,0,1,2,75.3,75.3,1,4.334672938290411,2,3,-1.0125476091836336,0.5707078393420576,New Price-Shocked Customers,"{'Risk': 'Very High', 'Strategy': 'Price Reduction', 'Offer': 'Immediately offer 25% price reduction or downgrade to affordable plan', 'Action': 'Trigger automated discount coupon within 48 hours of signup'}",Very High
1,0,0,0,51,1,2,1,2,2,0,0,2,0,1,1,2,94.8,4837.6,1,8.484380701669687,0,1,2.5402027696768505,-0.38125420051926157,Loyal Premium Customers,"{'Risk': 'Very High', 'Strategy': 'Loyalty Reward', 'Offer': 'Offer exclusive VIP loyalty program with 20% discount and priority support', 'Action': 'Personal call from retention team within 24 hours'}",Very High
0,1,0,0,1,1,0,1,0,0,0,0,0,0,0,1,2,70.55,70.55,1,4.27039650600246,2,3,-1.1025937964449486,0.40220160319042253,New Price-Shocked Customers,"{'Risk': 'Very High', 'Strategy': 'Price Reduction', 'Offer': 'Immediately offer 25% price reduction or downgrade to affordable plan', 'Action': 'Trigger automated discount coupon within 48 hours of signup'}",Very High
0,0,1,1,33,1,2,1,0,0,0,0,0,2,0,0,1,86.15,2745.7,1,7.918155470084098,1,2,1.102522233493157,-0.05238083390997009,Mid-Tenure High Spenders,"{'Risk': 'High', 'Strategy': 'Value Enhancement', 'Offer': 'Upgrade to annual contract with 15% discount and free add-on services', 'Action': 'Send personalized email with tailored upgrade offer'}",High
0,0,1,0,30,1,2,1,0,0,0,0,0,2,0,1,2,85.0,2624.25,1,7.872931408586103,1,2,0.9455892469814043,-0.013780731412931641,Mid-Tenure High Spenders,"{'Risk': 'High', 'Strategy': 'Value Enhancement', 'Offer': 'Upgrade to annual contract with 15% discount and free add-on services', 'Action': 'Send personalized email with tailored upgrade offer'}",High
0,0,0,0,2,1,0,1,0,0,0,0,0,2,0,0,2,80.55,184.1,1,5.220896219579452,2,3,-0.8464050803088066,0.7230594754692422,New Price-Shocked Customers,"{'Risk': 'Very High', 'Strategy': 'Price Reduction', 'Offer': 'Immediately offer 25% price reduction or downgrade to affordable plan', 'Action': 'Trigger automated discount coupon within 48 hours of signup'}",Very High
0,0,0,0,2,1,0,1,0,0,2,0,0,0,0,1,2,75.8,160.75,1,5.08605193338101,2,3,-0.9427754684823213,0.5567303184136926,New Price-Shocked Customers,"{'Risk': 'Very High', 'Strategy': 'Price Reduction', 'Offer': 'Immediately offer 25% price reduction or downgrade to affordable plan', 'Action': 'Trigger automated discount coupon within 48 hours of signup'}",Very High
1,1,1,0,29,1,2,1,0,0,2,0,2,2,0,1,2,98.5,3004.15,1,8.00808276252883,1,2,1.2946802704116476,0.44401746644015827,Mid-Tenure High Spenders,"{'Risk': 'High', 'Strategy': 'Value Enhancement', 'Offer': 'Upgrade to annual contract with 15% discount and free add-on services', 'Action': 'Send personalized email with tailored upgrade offer'}",High
1,1,1,0,13,1,2,1,0,0,0,0,2,2,0,1,2,95.25,1233.65,1,7.1185428080867625,1,3,0.12963079880556305,0.8839251732067986,New Price-Shocked Customers,"{'Risk': 'Very High', 'Strategy': 'Price Reduction', 'Offer': 'Immediately offer 25% price reduction or downgrade to affordable plan', 'Action': 'Trigger automated discount coupon within 48 hours of signup'}",Very High
1,1,1,0,7,1,2,1,0,0,0,0,0,0,0,1,3,74.4,527.9,1,6.270799378071934,2,3,-0.6869560310476054,0.35506828133565294,New Price-Shocked Customers,"{'Risk': 'Very High', 'Strategy': 'Price Reduction', 'Offer': 'Immediately offer 25% price reduction or downgrade to affordable plan', 'Action': 'Trigger automated discount coupon within 48 hours of signup'}",Very High
0,0,0,0,30,1,0,1,0,0,0,2,2,0,0,0,2,85.15,2555.9,1,7.846550866196361,1,2,0.9251420708710714,-0.0004417443189657956,Mid-Tenure High Spenders,"{'Risk': 'High', 'Strategy': 'Value Enhancement', 'Offer': 'Upgrade to annual contract with 15% discount and free add-on services', 'Action': 'Send personalized email with tailored upgrade offer'}",High
0,1,0,0,2,1,2,1,0,0,2,0,0,2,0,1,2,88.55,179.25,1,5.1943447761650585,2,3,-0.6991174826709428,1.0083635094781909,New Price-Shocked Customers,"{'Risk': 'Very High', 'Strategy': 'Price Reduction', 'Offer': 'Immediately offer 25% price reduction or downgrade to affordable plan', 'Action': 'Trigger automated discount coupon within 48 hours of signup'}",Very High
1,0,1,1,24,1,2,0,2,0,0,0,0,0,0,0,2,54.75,1338.15,1,7.199790363315396,1,4,-0.24332341543730476,-0.8092744609374948,Mid-Tenure Low Spenders,"{'Risk': 'Medium', 'Strategy': 'Upsell + Retain', 'Offer': 'Offer bundled services upgrade at same price point', 'Action': 'Send monthly value report showing benefits they are missing'}",Medium
0,1,0,0,1,1,0,1,0,0,0,0,2,2,0,1,2,91.3,91.3,1,4.525044141508807,2,3,-0.7092341363034148,1.1383077926949337,New Price-Shocked Customers,"{'Risk': 'Very High', 'Strategy': 'Price Reduction', 'Offer': 'Immediately offer 25% price reduction or downgrade to affordable plan', 'Action': 'Trigger automated discount coupon within 48 hours of signup'}",Very High
1,0,0,0,1,1,0,1,0,0,0,0,2,0,0,1,2,79.5,79.5,1,4.388257184424518,2,3,-0.9329278225525761,0.7197028270971877,New Price-Shocked Customers,"{'Risk': 'Very High', 'Strategy': 'Price Reduction', 'Offer': 'Immediately offer 25% price reduction or downgrade to affordable plan', 'Action': 'Trigger automated discount coupon within 48 hours of signup'}",Very High
1,1,1,0,7,1,0,1,0,0,0,0,0,0,0,1,3,70.1,467.55,1,6.1496428195698325,2,3,-0.7875291323211965,0.20908629297613107,New Price-Shocked Customers,"{'Risk': 'Very High', 'Strategy': 'Price Reduction', 'Offer': 'Immediately offer 25% price reduction or downgrade to affordable plan', 'Action': 'Trigger automated discount coupon within 48 hours of signup'}",Very High
1,0,1,1,67,1,2,1,2,2,2,0,2,2,1,1,2,111.3,7482.1,1,8.92040242361528,0,1,4.2490980086019725,-0.4518666277411194,Loyal Premium Customers,"{'Risk': 'Very High', 'Strategy': 'Loyalty Reward', 'Offer': 'Offer exclusive VIP loyalty program with 20% discount and priority support', 'Action': 'Personal call from retention team within 24 hours'}",Very High
1,1,1,0,57,1,2,1,0,2,2,0,0,2,0,1,0,95.25,5427.05,1,8.599335232408281,0,1,2.937457885721721,-0.5648624166292371,Loyal Premium Customers,"{'Risk': 'Very High', 'Strategy': 'Loyalty Reward', 'Offer': 'Offer exclusive VIP loyalty program with 20% discount and priority support', 'Action': 'Personal call from retention team within 24 hours'}",Very High
0,0,1,0,7,1,0,1,0,0,2,0,2,0,0,1,2,86.25,587.1,1,6.3768970014659105,2,3,-0.44621497873372246,0.769904808873667,New Price-Shocked Customers,"{'Risk': 'Very High', 'Strategy': 'Price Reduction', 'Offer': 'Immediately offer 25% price reduction or downgrade to affordable plan', 'Action': 'Trigger automated discount coupon within 48 hours of signup'}",Very High
0,1,1,0,1,1,2,1,0,0,2,0,2,2,0,1,2,100.8,100.8,1,4.623010104116422,2,3,-0.5291417617807849,1.4753202649982038,New Price-Shocked Customers,"{'Risk': 'Very High', 'Strategy': 'Price Reduction', 'Offer': 'Immediately offer 25% price reduction or downgrade to affordable plan', 'Action': 'Trigger automated discount coupon within 48 hours of signup'}",Very High
0,0,0,0,14,1,0,1,0,2,0,0,0,2,0,1,2,86.3,1180.95,1,7.07492089588689,1,3,-0.02350097059580579,0.5497729126071437,New Price-Shocked Customers,"{'Risk': 'Very High', 'Strategy': 'Price Reduction', 'Offer': 'Immediately offer 25% price reduction or downgrade to affordable plan', 'Action': 'Trigger automated discount coupon within 48 hours of signup'}",Very High
0,0,0,0,28,1,2,1,0,2,0,0,0,2,0,1,2,89.95,2625.55,1,7.87342647695373,1,2,0.9753664590939187,0.20579143558484506,Mid-Tenure High Spenders,"{'Risk': 'High', 'Strategy': 'Value Enhancement', 'Offer': 'Upgrade to annual contract with 15% discount and free add-on services', 'Action': 'Send personalized email with tailored upgrade offer'}",High
1,1,1,0,17,1,0,1,0,2,0,0,0,0,0,1,2,76.45,1233.4,1,7.118340301048951,1,3,-0.09481662318961125,0.1277365834473663,New Price-Shocked Customers,"{'Risk': 'Very High', 'Strategy': 'Price Reduction', 'Offer': 'Immediately offer 25% price reduction or downgrade to affordable plan', 'Action': 'Trigger automated discount coupon within 48 hours of signup'}",Very High
1,0,0,0,10,1,0,1,0,0,0,0,0,0,0,1,2,70.0,740.0,1,6.608000625296087,2,3,-0.6025258663146399,0.10832199829657052,New Price-Shocked Customers,"{'Risk': 'Very High', 'Strategy': 'Price Reduction', 'Offer': 'Immediately offer 25% price reduction or downgrade to affordable plan', 'Action': 'Trigger automated discount coupon within 48 hours of signup'}",Very High
0,0,0,0,34,1,2,0,2,2,0,2,0,0,1,1,3,64.4,2088.75,1,7.6447997205792655,1,4,0.5056402971037123,-0.771385453354305,Mid-Tenure Low Spenders,"{'Risk': 'Medium', 'Strategy': 'Upsell + Retain', 'Offer': 'Offer bundled services upgrade at same price point', 'Action': 'Send monthly value report showing benefits they are missing'}",Medium
0,0,1,1,1,1,2,1,2,0,2,0,2,2,0,1,2,102.45,102.45,1,4.639088404191552,2,3,-0.4978625598900122,1.5338540101877194,New Price-Shocked Customers,"{'Risk': 'Very High', 'Strategy': 'Price Reduction', 'Offer': 'Immediately offer 25% price reduction or downgrade to affordable plan', 'Action': 'Trigger automated discount coupon within 48 hours of signup'}",Very High
0,0,0,0,3,1,0,1,0,0,2,2,0,0,0,0,1,80.1,217.55,1,5.387014821309323,2,3,-0.8119997284881337,0.6813559700984619,New Price-Shocked Customers,"{'Risk': 'Very High', 'Strategy': 'Price Reduction', 'Offer': 'Immediately offer 25% price reduction or downgrade to affordable plan', 'Action': 'Trigger automated discount coupon within 48 hours of signup'}",Very High
0,0,0,0,2,1,0,1,0,0,0,0,2,0,0,1,2,80.2,146.05,1,4.990772665000004,2,3,-0.8658584697533264,0.7150559083134344,New Price-Shocked Customers,"{'Risk': 'Very High', 'Strategy': 'Price Reduction', 'Offer': 'Immediately offer 25% price reduction or downgrade to affordable plan', 'Action': 'Trigger automated discount coupon within 48 hours of signup'}",Very High
0,0,0,0,6,1,0,1,2,2,2,2,0,2,0,1,0,98.15,567.45,1,6.342913358575116,2,3,-0.26276260114042044,1.2175219697940078,New Price-Shocked Customers,"{'Risk': 'Very High', 'Strategy': 'Price Reduction', 'Offer': 'Immediately offer 25% price reduction or downgrade to affordable plan', 'Action': 'Trigger automated discount coupon within 48 hours of signup'}",Very High
1,0,0,0,12,1,2,1,0,2,2,2,2,2,0,1,3,112.95,1384.75,1,7.233996788299914,2,2,0.47911909206350095,1.517990371147702,Mid-Tenure High Spenders,"{'Risk': 'High', 'Strategy': 'Value Enhancement', 'Offer': 'Upgrade to annual contract with 15% discount and free add-on services', 'Action': 'Send personalized email with tailored upgrade offer'}",High
0,0,0,0,1,1,0,1,0,0,0,0,0,0,0,0,3,70.9,70.9,1,4.275276264727001,2,3,-1.0959588142256937,0.414617852170017,New Price-Shocked Customers,"{'Risk': 'Very High', 'Strategy': 'Price Reduction', 'Offer': 'Immediately offer 25% price reduction or downgrade to affordable plan', 'Action': 'Trigger automated discount coupon within 48 hours of signup'}",Very High
0,1,0,0,3,1,0,1,0,0,2,0,2,0,0,1,2,86.85,220.95,1,5.402452131280044,2,3,-0.6851783933025909,0.9212043087510284,New Price-Shocked Customers,"{'Risk': 'Very High', 'Strategy': 'Price Reduction', 'Offer': 'Immediately offer 25% price reduction or downgrade to affordable plan', 'Action': 'Trigger automated discount coupon within 48 hours of signup'}",Very High
1,0,1,1,23,1,0,1,2,0,0,2,2,2,0,1,2,99.85,2331.3,1,7.754610184136298,1,2,0.9025789997583062,0.7014531041295622,Mid-Tenure High Spenders,"{'Risk': 'High', 'Strategy': 'Value Enhancement', 'Offer': 'Upgrade to annual contract with 15% discount and free add-on services', 'Action': 'Send personalized email with tailored upgrade offer'}",High
1,0,1,1,1,1,2,1,0,0,0,0,0,0,0,1,2,74.5,74.5,1,4.324132656254979,2,3,-1.0277132828276445,0.5423278416744138,New Price-Shocked Customers,"{'Risk': 'Very High', 'Strategy': 'Price Reduction', 'Offer': 'Immediately offer 25% price reduction or downgrade to affordable plan', 'Action': 'Trigger automated discount coupon within 48 hours of signup'}",Very High
1,0,0,0,65,1,2,1,0,2,2,2,2,2,0,1,2,109.15,6941.2,1,8.845374006147898,0,1,3.962340087117539,-0.4215349494890932,Loyal Premium Customers,"{'Risk': 'Very High', 'Strategy': 'Loyalty Reward', 'Offer': 'Offer exclusive VIP loyalty program with 20% discount and priority support', 'Action': 'Personal call from retention team within 24 hours'}",Very High
0,0,0,0,16,1,2,0,0,0,2,0,0,2,0,1,1,65.2,1043.35,1,6.951149961301326,1,3,-0.4002875172247909,-0.22865722862905907,New Price-Shocked Customers,"{'Risk': 'Very High', 'Strategy': 'Price Reduction', 'Offer': 'Immediately offer 25% price reduction or downgrade to affordable plan', 'Action': 'Trigger automated discount coupon within 48 hours of signup'}",Very High
1,1,1,1,66,1,2,1,0,0,2,0,2,2,0,1,1,99.5,6822.15,1,8.828076521038081,0,1,3.7736166441440093,-0.7728355552168609,Loyal Premium Customers,"{'Risk': 'Very High', 'Strategy': 'Loyalty Reward', 'Offer': 'Offer exclusive VIP loyalty program with 20% discount and priority support', 'Action': 'Personal call from retention team within 24 hours'}",Very High
1,0,0,0,1,1,0,1,0,0,0,0,0,0,0,1,3,71.55,71.55,1,4.2842759793301965,2,3,-1.083636704389935,0.4376766002749773,New Price-Shocked Customers,"{'Risk': 'Very High', 'Strategy': 'Price Reduction', 'Offer': 'Immediately offer 25% price reduction or downgrade to affordable plan', 'Action': 'Trigger automated discount coupon within 48 hours of signup'}",Very High
1,0,1,0,53,1,2,1,2,0,2,0,0,2,0,0,2,93.9,5029.2,1,8.523215023734732,0,1,2.6514128202940737,-0.4792570049856523,Loyal Premium Customers,"{'Risk': 'Very High', 'Strategy': 'Loyalty Reward', 'Offer': 'Offer exclusive VIP loyalty program with 20% discount and priority support', 'Action': 'Personal call from retention team within 24 hours'}",Very High
1,1,1,0,69,1,2,1,0,2,2,2,2,2,2,1,0,108.4,7318.2,1,8.898256311365326,0,1,4.202200056697198,-0.579443218824673,Loyal Premium Customers,"{'Risk': 'Very High', 'Strategy': 'Loyalty Reward', 'Offer': 'Offer exclusive VIP loyalty program with 20% discount and priority support', 'Action': 'Personal call from retention team within 24 hours'}",Very High
0,0,1,0,13,0,1,0,0,0,2,0,2,2,0,1,0,48.75,633.4,1,6.452679670320638,1,0,-0.9401549632112088,-0.7008472692111627,New Low-Value Customers,"{'Risk': 'Medium', 'Strategy': 'Onboarding Support', 'Offer': 'Provide free onboarding assistance and offer a 10% discount on first 3 months', 'Action': 'Assign dedicated support agent for first 30 days'}",Medium
0,0,0,0,4,1,2,1,0,0,0,0,2,0,0,1,2,85.65,321.65,1,5.776568144381849,2,3,-0.6418701260054585,0.8449353416671654,New Price-Shocked Customers,"{'Risk': 'Very High', 'Strategy': 'Price Reduction', 'Offer': 'Immediately offer 25% price reduction or downgrade to affordable plan', 'Action': 'Trigger automated discount coupon within 48 hours of signup'}",Very High
1,0,0,0,12,1,2,1,0,2,2,0,2,2,0,1,2,106.7,1253.9,1,7.134811167116262,2,3,0.3182719208239616,1.3108557283677431,New Price-Shocked Customers,"{'Risk': 'Very High', 'Strategy': 'Price Reduction', 'Offer': 'Immediately offer 25% price reduction or downgrade to affordable plan', 'Action': 'Trigger automated discount coupon within 48 hours of signup'}",Very High
1,0,0,0,1,0,1,0,0,0,0,0,0,0,0,1,2,25.15,25.15,1,3.263849190510932,2,0,-1.9632457757425692,-1.208363264448363,New Low-Value Customers,"{'Risk': 'Medium', 'Strategy': 'Onboarding Support', 'Offer': 'Provide free onboarding assistance and offer a 10% discount on first 3 months', 'Action': 'Assign dedicated support agent for first 30 days'}",Medium
0,0,1,0,54,1,2,1,0,2,2,2,2,2,1,0,2,110.35,5893.15,1,8.681715612583577,0,1,3.282825816132958,-0.016662712991711928,Loyal Premium Customers,"{'Risk': 'Very High', 'Strategy': 'Loyalty Reward', 'Offer': 'Offer exclusive VIP loyalty program with 20% discount and priority support', 'Action': 'Personal call from retention team within 24 hours'}",Very High
0,0,1,1,48,1,2,1,2,2,0,0,2,2,1,1,1,103.25,5037.55,1,8.524873621259589,0,1,2.6712732348730084,-0.0385894626857364,Loyal Premium Customers,"{'Risk': 'Very High', 'Strategy': 'Loyalty Reward', 'Offer': 'Offer exclusive VIP loyalty program with 20% discount and priority support', 'Action': 'Personal call from retention team within 24 hours'}",Very High
1,0,0,0,2,1,0,0,2,0,0,0,0,0,0,1,2,47.8,92.45,1,4.537426533901572,2,0,-1.4872764813324704,-0.4318525952456553,New Low-Value Customers,"{'Risk': 'Medium', 'Strategy': 'Onboarding Support', 'Offer': 'Provide free onboarding assistance and offer a 10% discount on first 3 months', 'Action': 'Assign dedicated support agent for first 30 days'}",Medium
0,0,0,0,29,1,2,1,0,0,2,0,2,2,0,1,1,98.6,2933.2,1,7.984190122705543,1,2,1.272418212154149,0.45588117420113367,Mid-Tenure High Spenders,"{'Risk': 'High', 'Strategy': 'Value Enhancement', 'Offer': 'Upgrade to annual contract with 15% discount and free add-on services', 'Action': 'Send personalized email with tailored upgrade offer'}",High
0,1,1,0,15,1,2,1,0,0,2,2,0,0,0,1,2,83.05,1258.3,1,7.138311290011801,1,3,-0.026296972088325453,0.4032733082067507,New Price-Shocked Customers,"{'Risk': 'Very High', 'Strategy': 'Price Reduction', 'Offer': 'Immediately offer 25% price reduction or downgrade to affordable plan', 'Action': 'Trigger automated discount coupon within 48 hours of signup'}",Very High
1,0,1,0,17,1,0,1,0,0,0,0,0,0,0,1,0,70.4,1214.05,1,7.102540507191292,1,3,-0.2140291737854685,-0.08533042031322548,New Price-Shocked Customers,"{'Risk': 'Very High', 'Strategy': 'Price Reduction', 'Offer': 'Immediately offer 25% price reduction or downgrade to affordable plan', 'Action': 'Trigger automated discount coupon within 48 hours of signup'}",Very High
0,1,0,0,56,1,2,1,0,2,2,0,2,2,1,1,0,104.75,5510.65,1,8.61461931285449,0,1,3.111335383585888,-0.21475129207211968,Loyal Premium Customers,"{'Risk': 'Very High', 'Strategy': 'Loyalty Reward', 'Offer': 'Offer exclusive VIP loyalty program with 20% discount and priority support', 'Action': 'Personal call from retention team within 24 hours'}",Very High
0,1,0,0,21,1,2,1,0,0,0,0,2,2,0,1,2,94.25,1973.75,1,7.588197087044528,1,2,0.6139331284474593,0.5875316136684352,Mid-Tenure High Spenders,"{'Risk': 'High', 'Strategy': 'Value Enhancement', 'Offer': 'Upgrade to annual contract with 15% discount and free add-on services', 'Action': 'Send personalized email with tailored upgrade offer'}",High
0,0,0,1,1,1,0,0,0,0,0,0,0,0,0,0,3,45.95,45.95,1,3.849083205654272,2,0,-1.568938260998285,-0.47048332508962415,New Low-Value Customers,"{'Risk': 'Medium', 'Strategy': 'Onboarding Support', 'Offer': 'Provide free onboarding assistance and offer a 10% discount on first 3 months', 'Action': 'Assign dedicated support agent for first 30 days'}",Medium
0,1,0,0,1,1,0,1,0,0,0,0,0,0,0,1,2,70.15,70.15,1,4.264790324535862,2,3,-1.1101766332669538,0.3880116043566009,New Price-Shocked Customers,"{'Risk': 'Very High', 'Strategy': 'Price Reduction', 'Offer': 'Immediately offer 25% price reduction or downgrade to affordable plan', 'Action': 'Trigger automated discount coupon within 48 hours of signup'}",Very High
0,0,0,0,1,1,0,1,0,0,2,0,2,0,0,1,1,85.55,85.55,1,4.4607222816222185,2,3,-0.8182374156197434,0.9343265594587438,New Price-Shocked Customers,"{'Risk': 'Very High', 'Strategy': 'Price Reduction', 'Offer': 'Immediately offer 25% price reduction or downgrade to affordable plan', 'Action': 'Trigger automated discount coupon within 48 hours of signup'}",Very High
0,0,1,0,35,1,0,1,0,0,0,0,0,0,0,1,2,70.3,2416.55,1,7.790509909636837,1,4,0.7583462943722992,-0.6215323390485182,Mid-Tenure Low Spenders,"{'Risk': 'Medium', 'Strategy': 'Upsell + Retain', 'Offer': 'Offer bundled services upgrade at same price point', 'Action': 'Send monthly value report showing benefits they are missing'}",Medium
1,1,1,0,32,1,2,1,0,2,2,0,2,2,0,0,0,106.35,3520.75,1,8.166713304140416,1,2,1.710702969624465,0.597632835007787,Mid-Tenure High Spenders,"{'Risk': 'High', 'Strategy': 'Value Enhancement', 'Offer': 'Upgrade to annual contract with 15% discount and free add-on services', 'Action': 'Send personalized email with tailored upgrade offer'}",High
0,0,1,1,33,1,2,1,2,0,2,0,2,2,1,1,3,103.7,3467.0,1,8.151333337900432,1,2,1.6745018007769588,0.4878333534255709,Mid-Tenure High Spenders,"{'Risk': 'High', 'Strategy': 'Value Enhancement', 'Offer': 'Upgrade to annual contract with 15% discount and free add-on services', 'Action': 'Send personalized email with tailored upgrade offer'}",High
1,0,0,0,1,1,0,1,0,0,0,0,2,2,0,1,2,88.35,88.35,1,4.492561241605437,2,3,-0.7651575578657053,1.0336565512954972,New Price-Shocked Customers,"{'Risk': 'Very High', 'Strategy': 'Price Reduction', 'Offer': 'Immediately offer 25% price reduction or downgrade to affordable plan', 'Action': 'Trigger automated discount coupon within 48 hours of signup'}",Very High
0,0,1,1,8,1,0,1,0,0,2,0,2,2,0,1,2,94.2,777.3,1,6.657112053965342,2,3,-0.2021294512141154,1.008827317512917,New Price-Shocked Customers,"{'Risk': 'Very High', 'Strategy': 'Price Reduction', 'Offer': 'Immediately offer 25% price reduction or downgrade to affordable plan', 'Action': 'Trigger automated discount coupon within 48 hours of signup'}",Very High
0,0,0,0,5,1,0,1,0,2,0,0,2,2,0,1,2,96.25,512.45,1,6.2411526536443045,2,3,-0.348245326683614,1.1781065394701076,New Price-Shocked Customers,"{'Risk': 'Very High', 'Strategy': 'Price Reduction', 'Offer': 'Immediately offer 25% price reduction or downgrade to affordable plan', 'Action': 'Trigger automated discount coupon within 48 hours of signup'}",Very High
0,0,1,0,2,1,0,1,0,0,0,0,0,0,0,1,2,70.7,141.45,1,4.958991060943918,2,3,-1.0442847913474735,0.3774699044203353,New Price-Shocked Customers,"{'Risk': 'Very High', 'Strategy': 'Price Reduction', 'Offer': 'Immediately offer 25% price reduction or downgrade to affordable plan', 'Action': 'Trigger automated discount coupon within 48 hours of signup'}",Very High
0,0,1,0,42,0,1,0,0,2,0,2,0,0,1,0,3,33.55,1445.3,1,7.2767638500796865,0,4,-0.03619919340003623,-1.9682607956316338,Mid-Tenure Low Spenders,"{'Risk': 'Medium', 'Strategy': 'Upsell + Retain', 'Offer': 'Offer bundled services upgrade at same price point', 'Action': 'Send monthly value report showing benefits they are missing'}",Medium
0,1,1,1,40,1,2,1,0,0,0,0,2,2,0,1,1,94.55,3640.45,1,8.200137232958184,0,2,1.7829981203368919,-0.010538681378515213,Mid-Tenure High Spenders,"{'Risk': 'High', 'Strategy': 'Value Enhancement', 'Offer': 'Upgrade to annual contract with 15% discount and free add-on services', 'Action': 'Send personalized email with tailored upgrade offer'}",High
0,0,0,0,57,1,2,1,2,2,2,0,2,2,2,1,0,112.95,6465.0,1,8.774312958285378,0,1,3.61989443556169,-0.05637243854343462,Loyal Premium Customers,"{'Risk': 'Very High', 'Strategy': 'Loyalty Reward', 'Offer': 'Offer exclusive VIP loyalty program with 20% discount and priority support', 'Action': 'Personal call from retention team within 24 hours'}",Very High
1,0,0,0,1,0,1,0,0,0,0,0,0,2,0,0,2,35.9,35.9,1,3.6082115510464816,2,0,-1.7594570361511723,-0.8270070457893997,New Low-Value Customers,"{'Risk': 'Medium', 'Strategy': 'Onboarding Support', 'Offer': 'Provide free onboarding assistance and offer a 10% discount on first 3 months', 'Action': 'Assign dedicated support agent for first 30 days'}",Medium
1,0,0,1,38,1,2,1,0,0,2,0,2,2,0,1,0,99.25,3777.15,1,8.23698975082014,0,2,1.8541585246904861,0.18428727509091886,Mid-Tenure High Spenders,"{'Risk': 'High', 'Strategy': 'Value Enhancement', 'Offer': 'Upgrade to annual contract with 15% discount and free add-on services', 'Action': 'Send personalized email with tailored upgrade offer'}",High
1,1,0,0,2,0,1,0,0,0,0,0,0,0,0,1,3,24.45,47.5,1,3.8815637979434374,2,0,-1.9372688141344327,-1.2576655562842318,New Low-Value Customers,"{'Risk': 'Medium', 'Strategy': 'Onboarding Support', 'Offer': 'Provide free onboarding assistance and offer a 10% discount on first 3 months', 'Action': 'Assign dedicated support agent for first 30 days'}",Medium
0,0,0,0,8,1,2,1,2,0,0,2,2,2,0,1,0,103.35,847.3,1,6.743234346813689,2,3,-0.00798240162539867,1.3263012148690227,New Price-Shocked Customers,"{'Risk': 'Very High', 'Strategy': 'Price Reduction', 'Offer': 'Immediately offer 25% price reduction or downgrade to affordable plan', 'Action': 'Trigger automated discount coupon within 48 hours of signup'}",Very High
1,1,0,0,7,1,2,1,0,0,0,0,2,0,0,1,2,84.8,546.95,1,6.306184041909401,2,3,-0.48686118024048863,0.722995792188079,New Price-Shocked Customers,"{'Risk': 'Very High', 'Strategy': 'Price Reduction', 'Offer': 'Immediately offer 25% price reduction or downgrade to affordable plan', 'Action': 'Trigger automated discount coupon within 48 hours of signup'}",Very High
0,1,0,0,31,1,2,1,0,2,0,0,2,2,0,1,2,99.95,3186.65,1,8.06703924718298,1,2,1.446546363678331,0.430721096286459,Mid-Tenure High Spenders,"{'Risk': 'High', 'Strategy': 'Value Enhancement', 'Offer': 'Upgrade to annual contract with 15% discount and free add-on services', 'Action': 'Send personalized email with tailored upgrade offer'}",High
0,0,0,0,18,1,2,1,0,2,0,0,2,0,0,1,1,90.0,1527.35,1,7.331944001088404,1,2,0.2888006800279867,0.5538308868740588,Mid-Tenure High Spenders,"{'Risk': 'High', 'Strategy': 'Value Enhancement', 'Offer': 'Upgrade to annual contract with 15% discount and free add-on services', 'Action': 'Send personalized email with tailored upgrade offer'}",High
0,1,0,0,14,1,2,1,0,2,2,0,2,2,0,1,2,104.85,1531.4,1,7.334590412826494,1,2,0.4410026721192735,1.1689861218594642,Mid-Tenure High Spenders,"{'Risk': 'High', 'Strategy': 'Value Enhancement', 'Offer': 'Upgrade to annual contract with 15% discount and free add-on services', 'Action': 'Send personalized email with tailored upgrade offer'}",High
1,0,1,1,28,1,2,1,2,2,0,0,2,2,1,0,2,106.1,2847.4,1,7.95451271210797,1,2,1.3514637176984912,0.7546360164539104,Mid-Tenure High Spenders,"{'Risk': 'High', 'Strategy': 'Value Enhancement', 'Offer': 'Upgrade to annual contract with 15% discount and free add-on services', 'Action': 'Send personalized email with tailored upgrade offer'}",High
1,1,0,0,15,1,2,1,0,0,0,0,0,0,0,1,1,74.2,1133.9,1,7.034299820307093,1,3,-0.2333554849152331,0.10284439527471423,New Price-Shocked Customers,"{'Risk': 'Very High', 'Strategy': 'Price Reduction', 'Offer': 'Immediately offer 25% price reduction or downgrade to affordable plan', 'Action': 'Trigger automated discount coupon within 48 hours of signup'}",Very High
0,0,0,0,5,1,0,1,0,2,0,2,0,2,0,1,2,89.35,461.7,1,6.137078895912954,2,3,-0.49395873551912034,0.9384615820793326,New Price-Shocked Customers,"{'Risk': 'Very High', 'Strategy': 'Price Reduction', 'Offer': 'Immediately offer 25% price reduction or downgrade to affordable plan', 'Action': 'Trigger automated discount coupon within 48 hours of signup'}",Very High
0,0,0,0,1,1,2,1,0,0,0,0,0,0,0,1,2,77.15,77.15,1,4.358630056867486,2,3,-0.9774769888818581,0.6363365839484841,New Price-Shocked Customers,"{'Risk': 'Very High', 'Strategy': 'Price Reduction', 'Offer': 'Immediately offer 25% price reduction or downgrade to affordable plan', 'Action': 'Trigger automated discount coupon within 48 hours of signup'}",Very High
1,0,0,0,1,0,1,0,0,0,0,0,0,2,0,1,0,35.25,35.25,1,3.590439381300684,2,0,-1.7717791459869312,-0.8500657938943601,New Low-Value Customers,"{'Risk': 'Medium', 'Strategy': 'Onboarding Support', 'Offer': 'Provide free onboarding assistance and offer a 10% discount on first 3 months', 'Action': 'Assign dedicated support agent for first 30 days'}",Medium
1,0,1,0,4,0,1,0,0,2,0,0,2,2,0,1,2,48.55,201.0,1,5.308267697401205,2,0,-1.3735861437311052,-0.4614077513269161,New Low-Value Customers,"{'Risk': 'Medium', 'Strategy': 'Onboarding Support', 'Offer': 'Provide free onboarding assistance and offer a 10% discount on first 3 months', 'Action': 'Assign dedicated support agent for first 30 days'}",Medium
0,0,1,0,53,1,2,1,0,2,0,0,2,2,0,1,1,98.4,5149.5,1,8.546849076323747,0,1,2.776092985382105,-0.33317359118723644,Loyal Premium Customers,"{'Risk': 'Very High', 'Strategy': 'Loyalty Reward', 'Offer': 'Offer exclusive VIP loyalty program with 20% discount and priority support', 'Action': 'Personal call from retention team within 24 hours'}",Very High
1,1,1,0,59,1,2,1,0,0,0,0,2,2,0,1,0,93.85,5574.75,1,8.626182116428067,0,1,3.024432921516304,-0.6755228684137063,Loyal Premium Customers,"{'Risk': 'Very High', 'Strategy': 'Loyalty Reward', 'Offer': 'Offer exclusive VIP loyalty program with 20% discount and priority support', 'Action': 'Personal call from retention team within 24 hours'}",Very High
1,1,1,1,46,1,2,1,2,2,2,0,2,0,0,1,2,100.7,4541.2,1,8.421166755161494,0,1,2.392215962104386,-0.027709057749739065,Loyal Premium Customers,"{'Risk': 'Very High', 'Strategy': 'Loyalty Reward', 'Offer': 'Offer exclusive VIP loyalty program with 20% discount and priority support', 'Action': 'Personal call from retention team within 24 hours'}",Very High
0,0,0,0,14,1,2,1,0,0,2,0,0,0,0,1,2,80.45,1072.0,1,6.9782137426306985,1,3,-0.1694550727761194,0.3543117525015531,New Price-Shocked Customers,"{'Risk': 'Very High', 'Strategy': 'Price Reduction', 'Offer': 'Immediately offer 25% price reduction or downgrade to affordable plan', 'Action': 'Trigger automated discount coupon within 48 hours of signup'}",Very High
1,0,0,0,31,1,0,0,0,0,2,2,0,0,0,1,2,55.25,1715.65,1,7.448129996204678,1,4,0.11420694231005012,-0.9880667618476172,Mid-Tenure Low Spenders,"{'Risk': 'Medium', 'Strategy': 'Upsell + Retain', 'Offer': 'Offer bundled services upgrade at same price point', 'Action': 'Send monthly value report showing benefits they are missing'}",Medium
1,0,1,0,13,0,1,0,2,0,0,2,2,2,0,1,2,54.45,706.85,1,6.562232206840506,1,0,-0.8090638066803439,-0.50656973791306,New Low-Value Customers,"{'Risk': 'Medium', 'Strategy': 'Onboarding Support', 'Offer': 'Provide free onboarding assistance and offer a 10% discount on first 3 months', 'Action': 'Assign dedicated support agent for first 30 days'}",Medium
1,0,0,0,35,1,2,1,0,0,0,0,0,0,0,0,1,75.35,2636.05,1,7.877416147113993,1,2,0.9269949256813679,-0.46748438937127634,Mid-Tenure High Spenders,"{'Risk': 'High', 'Strategy': 'Value Enhancement', 'Offer': 'Upgrade to annual contract with 15% discount and free add-on services', 'Action': 'Send personalized email with tailored upgrade offer'}",High
1,0,0,0,2,1,0,1,2,0,0,0,0,0,0,1,2,75.7,189.2,1,5.24807615011129,2,3,-0.9349638692983976,0.5498411193400093,New Price-Shocked Customers,"{'Risk': 'Very High', 'Strategy': 'Price Reduction', 'Offer': 'Immediately offer 25% price reduction or downgrade to affordable plan', 'Action': 'Trigger automated discount coupon within 48 hours of signup'}",Very High
1,0,0,0,1,1,2,1,0,0,0,0,0,0,0,1,3,74.25,74.25,1,4.3208159036289855,2,3,-1.032452555841398,0.5334590924032752,New Price-Shocked Customers,"{'Risk': 'Very High', 'Strategy': 'Price Reduction', 'Offer': 'Immediately offer 25% price reduction or downgrade to affordable plan', 'Action': 'Trigger automated discount coupon within 48 hours of signup'}",Very High
0,1,0,0,25,1,2,1,0,2,0,0,0,2,0,1,2,89.7,2187.55,1,7.69099450306862,1,2,0.727558426422118,0.3134756891704739,Mid-Tenure High Spenders,"{'Risk': 'High', 'Strategy': 'Value Enhancement', 'Offer': 'Upgrade to annual contract with 15% discount and free add-on services', 'Action': 'Send personalized email with tailored upgrade offer'}",High
0,1,0,0,16,1,2,1,0,0,0,0,2,2,0,1,2,96.4,1581.2,1,7.366571562587296,1,2,0.36344022758873373,0.8188606844933665,Mid-Tenure High Spenders,"{'Risk': 'High', 'Strategy': 'Value Enhancement', 'Offer': 'Upgrade to annual contract with 15% discount and free add-on services', 'Action': 'Send personalized email with tailored upgrade offer'}",High
1,1,0,0,1,1,0,1,0,0,0,0,0,0,0,1,0,69.5,69.5,1,4.255612709818223,2,3,-1.122498743102713,0.3649528562516402,New Price-Shocked Customers,"{'Risk': 'Very High', 'Strategy': 'Price Reduction', 'Offer': 'Immediately offer 25% price reduction or downgrade to affordable plan', 'Action': 'Trigger automated discount coupon within 48 hours of signup'}",Very High
1,1,1,0,36,1,2,1,0,0,0,0,0,2,0,1,1,85.25,3132.75,1,8.049985649472504,1,2,1.3115970723754797,-0.19503238043396318,Mid-Tenure High Spenders,"{'Risk': 'High', 'Strategy': 'Value Enhancement', 'Offer': 'Upgrade to annual contract with 15% discount and free add-on services', 'Action': 'Send personalized email with tailored upgrade offer'}",High
1,0,0,0,1,1,0,2,1,1,1,1,1,1,0,0,3,19.4,19.4,1,3.0155349008501706,2,0,-2.0722490550588977,-1.412344497684553,New Low-Value Customers,"{'Risk': 'Medium', 'Strategy': 'Onboarding Support', 'Offer': 'Provide free onboarding assistance and offer a 10% discount on first 3 months', 'Action': 'Assign dedicated support agent for first 30 days'}",Medium
0,0,0,0,9,1,2,1,0,0,0,0,0,2,0,1,2,83.3,803.3,1,6.689972333910023,2,3,-0.3648056789631419,0.5960589508188483,New Price-Shocked Customers,"{'Risk': 'Very High', 'Strategy': 'Price Reduction', 'Offer': 'Immediately offer 25% price reduction or downgrade to affordable plan', 'Action': 'Trigger automated discount coupon within 48 hours of signup'}",Very High
0,0,0,0,8,1,0,1,0,0,0,0,2,0,0,1,0,80.1,679.3,1,6.522533877351015,2,3,-0.4979513554550536,0.5184501240057252,New Price-Shocked Customers,"{'Risk': 'Very High', 'Strategy': 'Price Reduction', 'Offer': 'Immediately offer 25% price reduction or downgrade to affordable plan', 'Action': 'Trigger automated discount coupon within 48 hours of signup'}",Very High
1,1,0,0,45,1,0,0,2,0,2,0,0,2,1,0,1,62.7,2791.5,1,7.934692530943356,0,4,1.0584402976238785,-1.153637292032122,Mid-Tenure Low Spenders,"{'Risk': 'Medium', 'Strategy': 'Upsell + Retain', 'Offer': 'Offer bundled services upgrade at same price point', 'Action': 'Send monthly value report showing benefits they are missing'}",Medium
1,0,0,0,25,1,2,2,1,1,1,1,1,1,1,0,0,25.3,676.35,1,6.518188126026746,1,0,-0.9852059298654212,-1.8017701426331076,New Low-Value Customers,"{'Risk': 'Medium', 'Strategy': 'Onboarding Support', 'Offer': 'Provide free onboarding assistance and offer a 10% discount on first 3 months', 'Action': 'Assign dedicated support agent for first 30 days'}",Medium
1,0,0,0,13,1,2,1,2,0,0,0,2,2,0,0,3,98.15,1230.25,1,7.115785192486299,1,3,0.1824642977141964,0.9875400625103591,New Price-Shocked Customers,"{'Risk': 'Very High', 'Strategy': 'Price Reduction', 'Offer': 'Immediately offer 25% price reduction or downgrade to affordable plan', 'Action': 'Trigger automated discount coupon within 48 hours of signup'}",Very High
1,0,0,0,46,1,2,1,2,2,0,0,0,2,0,1,2,93.7,4154.8,1,8.33226022786578,0,1,2.1305162195424847,-0.231626305672008,Loyal Premium Customers,"{'Risk': 'Very High', 'Strategy': 'Loyalty Reward', 'Offer': 'Offer exclusive VIP loyalty program with 20% discount and priority support', 'Action': 'Personal call from retention team within 24 hours'}",Very High
1,1,0,0,25,1,2,1,0,2,2,0,2,2,0,0,3,105.95,2655.25,1,7.8846706326727265,1,2,1.1891090487576272,0.8371034048091238,Mid-Tenure High Spenders,"{'Risk': 'High', 'Strategy': 'Value Enhancement', 'Offer': 'Upgrade to annual contract with 15% discount and free add-on services', 'Action': 'Send personalized email with tailored upgrade offer'}",High
1,0,0,0,18,1,2,0,0,0,2,2,2,2,1,1,1,82.0,1425.45,1,7.2629441192155655,1,3,0.10521692930532037,0.2810216482149554,New Price-Shocked Customers,"{'Risk': 'Very High', 'Strategy': 'Price Reduction', 'Offer': 'Immediately offer 25% price reduction or downgrade to affordable plan', 'Action': 'Trigger automated discount coupon within 48 hours of signup'}",Very High
1,0,1,0,60,1,2,1,0,2,2,0,2,0,0,1,2,95.75,5742.9,1,8.65589370110576,0,1,3.1483878692753793,-0.649351335924326,Loyal Premium Customers,"{'Risk': 'Very High', 'Strategy': 'Loyalty Reward', 'Offer': 'Offer exclusive VIP loyalty program with 20% discount and priority support', 'Action': 'Personal call from retention team within 24 hours'}",Very High
1,0,1,0,30,1,2,1,0,0,0,0,2,2,0,1,1,94.05,2866.45,1,7.961178412059873,1,2,1.1964244485029003,0.2799784227801207,Mid-Tenure High Spenders,"{'Risk': 'High', 'Strategy': 'Value Enhancement', 'Offer': 'Upgrade to annual contract with 15% discount and free add-on services', 'Action': 'Send personalized email with tailored upgrade offer'}",High
0,0,0,0,1,1,0,0,0,0,0,0,0,2,0,1,3,54.75,54.75,1,4.020877410340228,2,0,-1.4021158509141645,-0.1583033507455424,New Low-Value Customers,"{'Risk': 'Medium', 'Strategy': 'Onboarding Support', 'Offer': 'Provide free onboarding assistance and offer a 10% discount on first 3 months', 'Action': 'Assign dedicated support agent for first 30 days'}",Medium
1,1,0,0,39,1,2,1,0,0,0,0,2,2,0,1,0,95.65,3759.05,1,8.232187534167865,0,2,1.8123925137340775,0.03650261644414294,Mid-Tenure High Spenders,"{'Risk': 'High', 'Strategy': 'Value Enhancement', 'Offer': 'Upgrade to annual contract with 15% discount and free add-on services', 'Action': 'Send personalized email with tailored upgrade offer'}",High
0,0,0,0,1,1,2,1,0,0,0,0,2,2,0,1,2,94.6,94.6,1,4.560172820057356,2,3,-0.6466757325218697,1.2553752830739642,New Price-Shocked Customers,"{'Risk': 'Very High', 'Strategy': 'Price Reduction', 'Offer': 'Immediately offer 25% price reduction or downgrade to affordable plan', 'Action': 'Trigger automated discount coupon within 48 hours of signup'}",Very High
0,1,1,1,31,1,0,1,0,0,2,2,2,2,0,1,2,98.9,2911.3,1,7.976698425988199,1,2,1.3333764541057063,0.4255784136517756,Mid-Tenure High Spenders,"{'Risk': 'High', 'Strategy': 'Value Enhancement', 'Offer': 'Upgrade to annual contract with 15% discount and free add-on services', 'Action': 'Send personalized email with tailored upgrade offer'}",High
1,1,0,0,3,1,2,1,0,0,0,0,0,0,0,1,2,76.05,231.8,1,5.450179715857283,2,3,-0.8825537536392586,0.535540266988899,New Price-Shocked Customers,"{'Risk': 'Very High', 'Strategy': 'Price Reduction', 'Offer': 'Immediately offer 25% price reduction or downgrade to affordable plan', 'Action': 'Trigger automated discount coupon within 48 hours of signup'}",Very High
1,1,0,0,1,1,0,1,0,0,0,0,0,0,0,1,2,69.75,69.75,1,4.259152536523347,2,3,-1.1177594700889595,0.3738216055227788,New Price-Shocked Customers,"{'Risk': 'Very High', 'Strategy': 'Price Reduction', 'Offer': 'Immediately offer 25% price reduction or downgrade to affordable plan', 'Action': 'Trigger automated discount coupon within 48 hours of signup'}",Very High
1,0,1,1,7,0,1,0,2,0,0,2,0,0,0,1,2,34.5,279.25,1,5.635682061952269,2,0,-1.5143212589040331,-1.0359504861387354,New Low-Value Customers,"{'Risk': 'Medium', 'Strategy': 'Onboarding Support', 'Offer': 'Provide free onboarding assistance and offer a 10% discount on first 3 months', 'Action': 'Assign dedicated support agent for first 30 days'}",Medium
1,0,1,0,61,1,2,1,0,2,2,0,2,2,0,1,2,105.55,6281.45,1,8.745515310770877,0,1,3.545357759896613,-0.385356959387984,Loyal Premium Customers,"{'Risk': 'Very High', 'Strategy': 'Loyalty Reward', 'Offer': 'Offer exclusive VIP loyalty program with 20% discount and priority support', 'Action': 'Personal call from retention team within 24 hours'}",Very High
0,0,0,1,39,0,1,0,0,0,2,0,0,0,0,0,1,30.1,1131.3,1,7.032006241319994,0,4,-0.30142054666767576,-1.9889849445994872,Mid-Tenure Low Spenders,"{'Risk': 'Medium', 'Strategy': 'Upsell + Retain', 'Offer': 'Offer bundled services upgrade at same price point', 'Action': 'Send monthly value report showing benefits they are missing'}",Medium
1,0,1,0,10,1,0,1,0,0,0,0,0,0,0,1,2,70.3,738.2,1,6.605568520327474,2,3,-0.5975527613817713,0.11921029667472069,New Price-Shocked Customers,"{'Risk': 'Very High', 'Strategy': 'Price Reduction', 'Offer': 'Immediately offer 25% price reduction or downgrade to affordable plan', 'Action': 'Trigger automated discount coupon within 48 hours of signup'}",Very High
0,0,0,0,1,1,2,1,0,2,0,0,0,0,0,1,3,80.2,80.2,1,4.396915247167632,2,3,-0.9196578581140664,0.7445353250563761,New Price-Shocked Customers,"{'Risk': 'Very High', 'Strategy': 'Price Reduction', 'Offer': 'Immediately offer 25% price reduction or downgrade to affordable plan', 'Action': 'Trigger automated discount coupon within 48 hours of signup'}",Very High
0,0,1,1,67,1,2,1,2,0,0,2,0,2,1,1,1,94.35,6341.45,1,8.7550204081156,0,1,3.5457051603641734,-0.9216418186323208,Loyal Premium Customers,"{'Risk': 'Very High', 'Strategy': 'Loyalty Reward', 'Offer': 'Offer exclusive VIP loyalty program with 20% discount and priority support', 'Action': 'Personal call from retention team within 24 hours'}",Very High
1,0,1,1,6,1,0,0,0,0,0,0,0,0,0,1,0,44.6,260.8,1,5.5675808534758,2,0,-1.3639716146045622,-0.6525394617602849,New Low-Value Customers,"{'Risk': 'Medium', 'Strategy': 'Onboarding Support', 'Offer': 'Provide free onboarding assistance and offer a 10% discount on first 3 months', 'Action': 'Assign dedicated support agent for first 30 days'}",Medium
0,0,0,0,1,1,0,2,1,1,1,1,1,1,0,1,3,19.6,19.6,1,3.0252910757955354,2,0,-2.068457636647895,-1.405249498267642,New Low-Value Customers,"{'Risk': 'Medium', 'Strategy': 'Onboarding Support', 'Offer': 'Provide free onboarding assistance and offer a 10% discount on first 3 months', 'Action': 'Assign dedicated support agent for first 30 days'}",Medium
0,1,0,0,33,1,2,1,0,2,2,2,2,2,0,1,2,110.45,3655.45,1,8.20424801033883,1,2,1.8642421348228546,0.7060220960173514,Mid-Tenure High Spenders,"{'Risk': 'High', 'Strategy': 'Value Enhancement', 'Offer': 'Upgrade to annual contract with 15% discount and free add-on services', 'Action': 'Send personalized email with tailored upgrade offer'}",High
1,0,0,0,2,1,0,1,0,0,0,0,0,0,0,0,1,70.7,140.7,1,4.953712146696635,2,3,-1.044539799448772,0.3775576898677581,New Price-Shocked Customers,"{'Risk': 'Very High', 'Strategy': 'Price Reduction', 'Offer': 'Immediately offer 25% price reduction or downgrade to affordable plan', 'Action': 'Trigger automated discount coupon within 48 hours of signup'}",Very High
1,1,1,0,7,1,2,1,0,0,2,0,2,2,0,1,2,99.25,665.45,1,6.501965118050027,2,3,-0.1775530761254127,1.223430732320772,New Price-Shocked Customers,"{'Risk': 'Very High', 'Strategy': 'Price Reduction', 'Offer': 'Immediately offer 25% price reduction or downgrade to affordable plan', 'Action': 'Trigger automated discount coupon within 48 hours of signup'}",Very High
1,0,1,0,1,1,0,1,0,0,0,2,2,0,0,1,2,84.8,84.8,1,4.4520190064939165,2,3,-0.8324552346610037,0.9077203116453276,New Price-Shocked Customers,"{'Risk': 'Very High', 'Strategy': 'Price Reduction', 'Offer': 'Immediately offer 25% price reduction or downgrade to affordable plan', 'Action': 'Trigger automated discount coupon within 48 hours of signup'}",Very High
1,0,0,0,52,1,0,1,0,2,2,2,2,2,1,1,0,105.0,5426.85,1,8.59929838608508,0,1,2.9618580404471673,-0.10895730248958667,Loyal Premium Customers,"{'Risk': 'Very High', 'Strategy': 'Loyalty Reward', 'Offer': 'Offer exclusive VIP loyalty program with 20% discount and priority support', 'Action': 'Personal call from retention team within 24 hours'}",Very High
1,0,0,0,22,1,2,0,2,0,0,0,0,0,0,1,2,54.45,1127.35,1,7.028511667617919,1,4,-0.38340217095170515,-0.7517348022344219,Mid-Tenure Low Spenders,"{'Risk': 'Medium', 'Strategy': 'Upsell + Retain', 'Offer': 'Offer bundled services upgrade at same price point', 'Action': 'Send monthly value report showing benefits they are missing'}",Medium
0,0,1,0,47,1,0,1,0,0,2,0,0,2,0,1,2,85.3,4045.65,1,8.305644657320753,0,1,1.9684302350726959,-0.539595623871025,Loyal Premium Customers,"{'Risk': 'Very High', 'Strategy': 'Loyalty Reward', 'Offer': 'Offer exclusive VIP loyalty program with 20% discount and priority support', 'Action': 'Personal call from retention team within 24 hours'}",Very High
0,0,0,0,33,1,2,1,0,0,0,0,0,2,0,1,2,83.35,2757.85,1,7.922569205214853,1,2,1.0545255372249995,-0.15346068233201832,Mid-Tenure High Spenders,"{'Risk': 'High', 'Strategy': 'Value Enhancement', 'Offer': 'Upgrade to annual contract with 15% discount and free add-on services', 'Action': 'Send personalized email with tailored upgrade offer'}",High
1,0,0,0,18,0,1,0,0,2,2,0,0,0,0,1,1,33.5,600.0,1,6.398594934535208,1,0,-1.0783734277678763,-1.3485758392190896,New Low-Value Customers,"{'Risk': 'Medium', 'Strategy': 'Onboarding Support', 'Offer': 'Provide free onboarding assistance and offer a 10% discount on first 3 months', 'Action': 'Assign dedicated support agent for first 30 days'}",Medium
1,0,0,0,24,1,0,1,0,0,0,0,2,2,0,1,2,90.35,2238.5,1,7.714007905647355,1,2,0.7255734025182121,0.35241881439416484,Mid-Tenure High Spenders,"{'Risk': 'High', 'Strategy': 'Value Enhancement', 'Offer': 'Upgrade to annual contract with 15% discount and free add-on services', 'Action': 'Send personalized email with tailored upgrade offer'}",High
1,0,1,0,1,1,0,1,0,0,0,0,2,2,0,1,2,90.75,90.75,1,4.51906748693468,2,3,-0.7196605369336723,1.1187965442984287,New Price-Shocked Customers,"{'Risk': 'Very High', 'Strategy': 'Price Reduction', 'Offer': 'Immediately offer 25% price reduction or downgrade to affordable plan', 'Action': 'Trigger automated discount coupon within 48 hours of signup'}",Very High
0,0,0,1,4,1,2,1,0,2,0,0,2,0,0,0,3,89.6,365.65,1,5.904407714539809,2,3,-0.5533721797788212,0.9803738372587787,New Price-Shocked Customers,"{'Risk': 'Very High', 'Strategy': 'Price Reduction', 'Offer': 'Immediately offer 25% price reduction or downgrade to affordable plan', 'Action': 'Trigger automated discount coupon within 48 hours of signup'}",Very High
1,0,0,0,2,0,1,0,0,0,2,0,2,2,0,1,2,49.25,90.35,1,4.514698282824016,2,0,-1.4609957361988462,-0.379998331688583,New Low-Value Customers,"{'Risk': 'Medium', 'Strategy': 'Onboarding Support', 'Offer': 'Provide free onboarding assistance and offer a 10% discount on first 3 months', 'Action': 'Assign dedicated support agent for first 30 days'}",Medium
1,0,0,1,1,1,0,2,1,1,1,1,1,1,0,0,3,19.75,19.75,1,3.0325462466767075,2,0,-2.065614072839643,-1.3999282487049585,New Low-Value Customers,"{'Risk': 'Medium', 'Strategy': 'Onboarding Support', 'Offer': 'Provide free onboarding assistance and offer a 10% discount on first 3 months', 'Action': 'Assign dedicated support agent for first 30 days'}",Medium
0,0,0,0,19,1,2,1,2,2,0,0,0,2,0,1,2,95.15,1789.25,1,7.49011055388705,1,2,0.5051371545225278,0.6847033825658907,Mid-Tenure High Spenders,"{'Risk': 'High', 'Strategy': 'Value Enhancement', 'Offer': 'Upgrade to annual contract with 15% discount and free add-on services', 'Action': 'Send personalized email with tailored upgrade offer'}",High
1,0,0,0,22,1,2,1,2,0,0,0,2,2,0,1,0,101.35,2317.1,1,7.748503163607648,1,2,0.8942667911869049,0.7782750962483315,Mid-Tenure High Spenders,"{'Risk': 'High', 'Strategy': 'Value Enhancement', 'Offer': 'Upgrade to annual contract with 15% discount and free add-on services', 'Action': 'Send personalized email with tailored upgrade offer'}",High
0,0,0,0,4,1,0,1,0,0,0,0,0,0,0,1,1,70.05,266.9,1,5.590613776550563,2,3,-0.9509121849514471,0.2961077875035813,New Price-Shocked Customers,"{'Risk': 'Very High', 'Strategy': 'Price Reduction', 'Offer': 'Immediately offer 25% price reduction or downgrade to affordable plan', 'Action': 'Trigger automated discount coupon within 48 hours of signup'}",Very High
1,0,1,0,4,1,2,1,0,0,0,0,0,0,0,1,2,74.65,301.4,1,5.711750644305378,2,3,-0.8535432385266221,0.45579306092194444,New Price-Shocked Customers,"{'Risk': 'Very High', 'Strategy': 'Price Reduction', 'Offer': 'Immediately offer 25% price reduction or downgrade to affordable plan', 'Action': 'Trigger automated discount coupon within 48 hours of signup'}",Very High
1,0,0,0,4,1,2,0,0,0,0,0,0,0,0,0,3,50.4,206.6,1,5.335613151291733,2,0,-1.3372404829228381,-0.39621793395760363,New Low-Value Customers,"{'Risk': 'Medium', 'Strategy': 'Onboarding Support', 'Offer': 'Provide free onboarding assistance and offer a 10% discount on first 3 months', 'Action': 'Assign dedicated support agent for first 30 days'}",Medium
0,0,0,0,7,1,2,1,2,0,0,0,0,0,0,1,3,79.65,604.7,1,6.406384813986902,2,3,-0.5631035248949182,0.5329372843454301,New Price-Shocked Customers,"{'Risk': 'Very High', 'Strategy': 'Price Reduction', 'Offer': 'Immediately offer 25% price reduction or downgrade to affordable plan', 'Action': 'Trigger automated discount coupon within 48 hours of signup'}",Very High
1,1,0,0,19,1,2,1,0,0,2,0,0,0,0,1,2,79.85,1471.75,1,7.294886680401797,1,2,0.11234238179765849,0.1773076101204298,Mid-Tenure High Spenders,"{'Risk': 'High', 'Strategy': 'Value Enhancement', 'Offer': 'Upgrade to annual contract with 15% discount and free add-on services', 'Action': 'Send personalized email with tailored upgrade offer'}",High
1,0,1,0,5,1,2,1,0,2,0,0,0,0,0,1,2,78.75,412.1,1,6.0236896944027185,2,3,-0.7081643325697808,0.566991456249038,New Price-Shocked Customers,"{'Risk': 'Very High', 'Strategy': 'Price Reduction', 'Offer': 'Immediately offer 25% price reduction or downgrade to affordable plan', 'Action': 'Trigger automated discount coupon within 48 hours of signup'}",Very High
1,1,1,1,8,1,0,1,0,0,0,0,2,0,0,1,1,80.45,583.45,1,6.37067123405378,2,3,-0.5240254123623372,0.5421263197080843,New Price-Shocked Customers,"{'Risk': 'Very High', 'Strategy': 'Price Reduction', 'Offer': 'Immediately offer 25% price reduction or downgrade to affordable plan', 'Action': 'Trigger automated discount coupon within 48 hours of signup'}",Very High
0,0,0,0,1,1,2,0,0,0,0,0,0,0,0,1,3,50.1,50.1,1,3.933784497209659,2,0,-1.4902663289699782,-0.32326208718872196,New Low-Value Customers,"{'Risk': 'Medium', 'Strategy': 'Onboarding Support', 'Offer': 'Provide free onboarding assistance and offer a 10% discount on first 3 months', 'Action': 'Assign dedicated support agent for first 30 days'}",Medium
1,0,1,0,2,1,0,1,0,0,2,0,0,0,0,0,2,76.4,151.8,1,5.02912987673242,2,3,-0.9346483164058457,0.579133118028276,New Price-Shocked Customers,"{'Risk': 'Very High', 'Strategy': 'Price Reduction', 'Offer': 'Immediately offer 25% price reduction or downgrade to affordable plan', 'Action': 'Trigger automated discount coupon within 48 hours of signup'}",Very High
1,0,0,0,3,1,0,1,0,0,2,2,2,2,0,1,2,98.7,293.65,1,5.685788211283922,2,3,-0.43984719516533705,1.3344606982354328,New Price-Shocked Customers,"{'Risk': 'Very High', 'Strategy': 'Price Reduction', 'Offer': 'Immediately offer 25% price reduction or downgrade to affordable plan', 'Action': 'Trigger automated discount coupon within 48 hours of signup'}",Very High
0,1,0,0,13,1,2,1,2,0,0,0,2,2,0,1,2,100.8,1308.1,1,7.177095157186053,1,3,0.25826940395016657,1.0727468505895028,New Price-Shocked Customers,"{'Risk': 'Very High', 'Strategy': 'Price Reduction', 'Offer': 'Immediately offer 25% price reduction or downgrade to affordable plan', 'Action': 'Trigger automated discount coupon within 48 hours of signup'}",Very High
0,0,1,1,28,1,0,1,0,0,0,0,2,2,1,1,0,90.1,2598.95,1,7.863247493055429,1,2,0.9691147339558616,0.21424369943894123,Mid-Tenure High Spenders,"{'Risk': 'High', 'Strategy': 'Value Enhancement', 'Offer': 'Upgrade to annual contract with 15% discount and free add-on services', 'Action': 'Send personalized email with tailored upgrade offer'}",High
1,0,0,0,15,1,2,0,0,0,0,0,0,0,0,0,2,51.55,765.5,1,6.641834698311869,1,0,-0.7802923546598454,-0.6601951974285398,New Low-Value Customers,"{'Risk': 'Medium', 'Strategy': 'Onboarding Support', 'Offer': 'Provide free onboarding assistance and offer a 10% discount on first 3 months', 'Action': 'Assign dedicated support agent for first 30 days'}",Medium
1,1,0,0,10,1,0,1,0,0,0,0,0,2,0,1,2,79.25,793.55,1,6.6777759166586454,2,3,-0.41211028628907254,0.4312805275675952,New Price-Shocked Customers,"{'Risk': 'Very High', 'Strategy': 'Price Reduction', 'Offer': 'Immediately offer 25% price reduction or downgrade to affordable plan', 'Action': 'Trigger automated discount coupon within 48 hours of signup'}",Very High
1,0,0,0,5,1,2,1,0,0,0,0,2,2,0,1,0,94.85,462.8,1,6.139453424821431,2,3,-0.39119077674416236,1.1340890740025977,New Price-Shocked Customers,"{'Risk': 'Very High', 'Strategy': 'Price Reduction', 'Offer': 'Immediately offer 25% price reduction or downgrade to affordable plan', 'Action': 'Trigger automated discount coupon within 48 hours of signup'}",Very High
0,0,0,0,2,1,2,1,0,0,0,0,0,2,0,1,2,85.7,169.8,1,5.14049328135447,2,3,-0.7553892663191573,0.9080322797245306,New Price-Shocked Customers,"{'Risk': 'Very High', 'Strategy': 'Price Reduction', 'Offer': 'Immediately offer 25% price reduction or downgrade to affordable plan', 'Action': 'Trigger automated discount coupon within 48 hours of signup'}",Very High
0,0,0,0,1,1,0,0,0,0,0,0,0,0,0,0,3,44.4,44.4,1,3.8155121050473024,2,0,-1.5983217536835561,-0.5254695705706843,New Low-Value Customers,"{'Risk': 'Medium', 'Strategy': 'Onboarding Support', 'Offer': 'Provide free onboarding assistance and offer a 10% discount on first 3 months', 'Action': 'Assign dedicated support agent for first 30 days'}",Medium
1,1,0,0,5,1,0,1,0,0,0,0,2,2,0,1,2,89.5,477.7,1,6.171074096398463,2,3,-0.4857260005034291,0.9419276325198143,New Price-Shocked Customers,"{'Risk': 'Very High', 'Strategy': 'Price Reduction', 'Offer': 'Immediately offer 25% price reduction or downgrade to affordable plan', 'Action': 'Trigger automated discount coupon within 48 hours of signup'}",Very High
1,1,1,0,1,1,2,1,0,0,0,0,2,0,0,1,2,86.05,86.05,1,4.466482666214198,2,3,-0.8087588695922365,0.9520640580010211,New Price-Shocked Customers,"{'Risk': 'Very High', 'Strategy': 'Price Reduction', 'Offer': 'Immediately offer 25% price reduction or downgrade to affordable plan', 'Action': 'Trigger automated discount coupon within 48 hours of signup'}",Very High
1,0,0,0,4,0,1,0,0,0,0,0,2,2,0,1,2,44.55,174.3,1,5.1664987919271885,2,0,-1.4571327571504575,-0.6006507667898049,New Low-Value Customers,"{'Risk': 'Medium', 'Strategy': 'Onboarding Support', 'Offer': 'Provide free onboarding assistance and offer a 10% discount on first 3 months', 'Action': 'Assign dedicated support agent for first 30 days'}",Medium
1,0,1,1,31,0,1,0,2,0,0,2,0,0,0,0,0,35.4,1077.5,1,6.983326465829211,1,4,-0.47232001369235443,-1.6198751311206718,Mid-Tenure Low Spenders,"{'Risk': 'Medium', 'Strategy': 'Upsell + Retain', 'Offer': 'Offer bundled services upgrade at same price point', 'Action': 'Send monthly value report showing benefits they are missing'}",Medium
0,0,0,0,1,1,2,1,0,0,0,0,2,2,0,0,3,95.65,95.65,1,4.57109620565434,2,3,-0.6267707858641052,1.2926240300127472,New Price-Shocked Customers,"{'Risk': 'Very High', 'Strategy': 'Price Reduction', 'Offer': 'Immediately offer 25% price reduction or downgrade to affordable plan', 'Action': 'Trigger automated discount coupon within 48 hours of signup'}",Very High
0,0,0,0,1,1,0,2,1,1,1,1,1,1,0,0,3,20.95,20.95,1,3.08876713952118,2,0,-2.0428655623736263,-1.357358252203493,New Low-Value Customers,"{'Risk': 'Medium', 'Strategy': 'Onboarding Support', 'Offer': 'Provide free onboarding assistance and offer a 10% discount on first 3 months', 'Action': 'Assign dedicated support agent for first 30 days'}",Medium
0,1,0,0,10,0,1,0,0,0,0,0,0,2,0,1,2,34.7,329.8,1,5.801513963149536,2,0,-1.3991812654256386,-1.1000643798031347,New Low-Value Customers,"{'Risk': 'Medium', 'Strategy': 'Onboarding Support', 'Offer': 'Provide free onboarding assistance and offer a 10% discount on first 3 months', 'Action': 'Assign dedicated support agent for first 30 days'}",Medium
0,0,0,0,15,1,0,2,1,1,1,1,1,1,0,0,0,19.75,297.3,1,5.698099691520703,1,0,-1.5315085958847632,-1.7372206790436338,New Low-Value Customers,"{'Risk': 'Medium', 'Strategy': 'Onboarding Support', 'Offer': 'Provide free onboarding assistance and offer a 10% discount on first 3 months', 'Action': 'Assign dedicated support agent for first 30 days'}",Medium
1,0,1,1,17,1,2,1,0,0,0,0,2,2,0,1,2,92.55,1515.1,1,7.323896527087536,1,2,0.3006994278359078,0.667796283394703,Mid-Tenure High Spenders,"{'Risk': 'High', 'Strategy': 'Value Enhancement', 'Offer': 'Upgrade to annual contract with 15% discount and free add-on services', 'Action': 'Send personalized email with tailored upgrade offer'}",High
1,1,1,0,53,1,2,0,2,0,0,2,0,0,1,1,2,60.05,3229.65,1,8.080438634361066,0,4,1.4093581816151315,-1.4734153036119115,Mid-Tenure Low Spenders,"{'Risk': 'Medium', 'Strategy': 'Upsell + Retain', 'Offer': 'Offer bundled services upgrade at same price point', 'Action': 'Send monthly value report showing benefits they are missing'}",Medium
1,1,1,0,16,1,0,1,0,2,0,0,0,0,0,1,1,74.3,1178.25,1,7.072633922164371,1,3,-0.1850046206663852,0.07944069912600446,New Price-Shocked Customers,"{'Risk': 'Very High', 'Strategy': 'Price Reduction', 'Offer': 'Immediately offer 25% price reduction or downgrade to affordable plan', 'Action': 'Trigger automated discount coupon within 48 hours of signup'}",Very High
1,0,0,0,9,1,2,1,0,0,0,0,2,0,0,1,2,85.35,758.6,1,6.632791978938131,2,3,-0.3418391452312962,0.6742546543982066,New Price-Shocked Customers,"{'Risk': 'Very High', 'Strategy': 'Price Reduction', 'Offer': 'Immediately offer 25% price reduction or downgrade to affordable plan', 'Action': 'Trigger automated discount coupon within 48 hours of signup'}",Very High
0,0,0,0,25,1,0,0,2,2,2,2,2,0,1,0,3,74.3,1863.8,1,7.530909087721548,1,2,0.33077687806110057,-0.19674774231457529,Mid-Tenure High Spenders,"{'Risk': 'High', 'Strategy': 'Value Enhancement', 'Offer': 'Upgrade to annual contract with 15% discount and free add-on services', 'Action': 'Send personalized email with tailored upgrade offer'}",High
0,0,0,1,4,1,0,1,0,0,2,2,2,2,0,1,0,98.1,396.3,1,5.984691662820554,2,3,-0.38470565805285956,1.2793187155969408,New Price-Shocked Customers,"{'Risk': 'Very High', 'Strategy': 'Price Reduction', 'Offer': 'Immediately offer 25% price reduction or downgrade to affordable plan', 'Action': 'Trigger automated discount coupon within 48 hours of signup'}",Very High
0,0,0,0,50,1,2,1,2,2,0,2,2,2,2,1,2,109.65,5551.15,1,8.621940519112746,0,1,3.0278714567966305,0.08554043782651548,Loyal Premium Customers,"{'Risk': 'Very High', 'Strategy': 'Loyalty Reward', 'Offer': 'Offer exclusive VIP loyalty program with 20% discount and priority support', 'Action': 'Personal call from retention team within 24 hours'}",Very High
0,1,0,0,9,1,2,1,0,0,0,0,0,0,0,1,2,74.55,622.9,1,6.435990099116741,2,3,-0.5890430885616671,0.30574388906249267,New Price-Shocked Customers,"{'Risk': 'Very High', 'Strategy': 'Price Reduction', 'Offer': 'Immediately offer 25% price reduction or downgrade to affordable plan', 'Action': 'Trigger automated discount coupon within 48 hours of signup'}",Very High
1,0,0,0,3,1,2,1,0,0,2,0,2,2,0,1,2,100.95,329.95,1,5.801967306564932,2,3,-0.3856163702426097,1.4102939823626859,New Price-Shocked Customers,"{'Risk': 'Very High', 'Strategy': 'Price Reduction', 'Offer': 'Immediately offer 25% price reduction or downgrade to affordable plan', 'Action': 'Trigger automated discount coupon within 48 hours of signup'}",Very High
1,0,0,0,10,1,0,1,0,0,2,0,2,2,0,1,2,94.9,1048.85,1,6.956402575803658,2,3,-0.03394820699323336,0.9584138553077115,New Price-Shocked Customers,"{'Risk': 'Very High', 'Strategy': 'Price Reduction', 'Offer': 'Immediately offer 25% price reduction or downgrade to affordable plan', 'Action': 'Trigger automated discount coupon within 48 hours of signup'}",Very High
1,1,1,0,32,1,2,1,0,0,2,2,2,2,0,1,2,104.9,3351.55,1,8.11747652928772,1,2,1.6261783741542917,0.5658287676420827,Mid-Tenure High Spenders,"{'Risk': 'High', 'Strategy': 'Value Enhancement', 'Offer': 'Upgrade to annual contract with 15% discount and free add-on services', 'Action': 'Send personalized email with tailored upgrade offer'}",High
1,0,1,0,9,0,1,0,0,0,0,0,0,0,1,0,0,24.1,259.8,1,5.563753830052498,2,0,-1.6517327598983575,-1.4473748870043095,New Low-Value Customers,"{'Risk': 'Medium', 'Strategy': 'Onboarding Support', 'Offer': 'Provide free onboarding assistance and offer a 10% discount on first 3 months', 'Action': 'Assign dedicated support agent for first 30 days'}",Medium
1,0,1,0,66,1,2,1,0,2,0,2,2,2,1,1,2,104.05,6890.0,1,8.837971491357209,0,1,3.881394096743905,-0.6188334102446212,Loyal Premium Customers,"{'Risk': 'Very High', 'Strategy': 'Loyalty Reward', 'Offer': 'Offer exclusive VIP loyalty program with 20% discount and priority support', 'Action': 'Personal call from retention team within 24 hours'}",Very High
1,0,0,0,3,1,0,1,0,0,2,2,2,0,0,1,3,88.35,262.05,1,5.572344128176816,2,3,-0.643278327471516,0.9697817327539366,New Price-Shocked Customers,"{'Risk': 'Very High', 'Strategy': 'Price Reduction', 'Offer': 'Immediately offer 25% price reduction or downgrade to affordable plan', 'Action': 'Trigger automated discount coupon within 48 hours of signup'}",Very High
1,0,1,1,29,1,0,1,2,0,0,0,2,2,0,0,1,94.65,2649.15,1,7.88237152115192,1,2,1.1023006729719442,0.3485398741479781,Mid-Tenure High Spenders,"{'Risk': 'High', 'Strategy': 'Value Enhancement', 'Offer': 'Upgrade to annual contract with 15% discount and free add-on services', 'Action': 'Send personalized email with tailored upgrade offer'}",High
1,1,1,0,1,1,2,1,0,0,0,0,0,0,0,1,2,74.4,74.4,1,4.32280727501391,2,3,-1.0296089920331457,0.5387803419659586,New Price-Shocked Customers,"{'Risk': 'Very High', 'Strategy': 'Price Reduction', 'Offer': 'Immediately offer 25% price reduction or downgrade to affordable plan', 'Action': 'Trigger automated discount coupon within 48 hours of signup'}",Very High
0,0,1,1,41,1,2,0,2,2,2,2,0,2,0,0,1,79.9,3326.2,1,8.109886388428702,0,2,1.4348191625990252,-0.5169518830626336,Mid-Tenure High Spenders,"{'Risk': 'High', 'Strategy': 'Value Enhancement', 'Offer': 'Upgrade to annual contract with 15% discount and free add-on services', 'Action': 'Send personalized email with tailored upgrade offer'}",High
1,1,0,0,8,1,0,1,0,0,0,0,0,0,0,1,2,69.7,560.85,1,6.331234910353912,2,3,-0.7318432799542486,0.16215711111840106,New Price-Shocked Customers,"{'Risk': 'Very High', 'Strategy': 'Price Reduction', 'Offer': 'Immediately offer 25% price reduction or downgrade to affordable plan', 'Action': 'Trigger automated discount coupon within 48 hours of signup'}",Very High
0,1,1,0,12,1,2,1,0,2,2,0,2,0,0,1,2,98.1,1060.2,1,6.967155622263585,2,3,0.092304929750404,1.0274362018645191,New Price-Shocked Customers,"{'Risk': 'Very High', 'Strategy': 'Price Reduction', 'Offer': 'Immediately offer 25% price reduction or downgrade to affordable plan', 'Action': 'Trigger automated discount coupon within 48 hours of signup'}",Very High
0,0,0,0,1,1,0,2,1,1,1,1,1,1,0,0,3,20.5,20.5,1,3.068052935133617,2,0,-2.0513962537983828,-1.3733220008915425,New Low-Value Customers,"{'Risk': 'Medium', 'Strategy': 'Onboarding Support', 'Offer': 'Provide free onboarding assistance and offer a 10% discount on first 3 months', 'Action': 'Assign dedicated support agent for first 30 days'}",Medium
0,1,1,0,4,1,2,1,2,0,0,0,2,2,0,1,2,99.6,347.65,1,5.85406855366702,2,3,-0.3733215616771573,1.3384011314747777,New Price-Shocked Customers,"{'Risk': 'Very High', 'Strategy': 'Price Reduction', 'Offer': 'Immediately offer 25% price reduction or downgrade to affordable plan', 'Action': 'Trigger automated discount coupon within 48 hours of signup'}",Very High
0,0,0,0,1,1,0,1,0,0,0,0,0,2,0,1,2,81.95,81.95,1,4.418238016636454,2,3,-0.8864829470177925,0.8066165699543469,New Price-Shocked Customers,"{'Risk': 'Very High', 'Strategy': 'Price Reduction', 'Offer': 'Immediately offer 25% price reduction or downgrade to affordable plan', 'Action': 'Trigger automated discount coupon within 48 hours of signup'}",Very High
1,0,1,0,7,1,0,1,0,0,0,0,0,0,0,1,2,69.35,451.1,1,6.11390339430056,2,3,-0.8070851209496361,0.1843176871954323,New Price-Shocked Customers,"{'Risk': 'Very High', 'Strategy': 'Price Reduction', 'Offer': 'Immediately offer 25% price reduction or downgrade to affordable plan', 'Action': 'Trigger automated discount coupon within 48 hours of signup'}",Very High
0,0,0,0,6,1,0,1,0,0,0,0,2,2,0,1,2,91.1,455.3,1,6.123150487933357,2,3,-0.43214523539021327,0.9797249077134115,New Price-Shocked Customers,"{'Risk': 'Very High', 'Strategy': 'Price Reduction', 'Offer': 'Immediately offer 25% price reduction or downgrade to affordable plan', 'Action': 'Trigger automated discount coupon within 48 hours of signup'}",Very High
1,0,1,0,14,1,2,1,0,0,0,0,2,0,0,1,2,86.1,1235.55,1,7.1200805228604676,1,3,-0.008659797071940398,0.5362637231652068,New Price-Shocked Customers,"{'Risk': 'Very High', 'Strategy': 'Price Reduction', 'Offer': 'Immediately offer 25% price reduction or downgrade to affordable plan', 'Action': 'Trigger automated discount coupon within 48 hours of signup'}",Very High
1,0,0,0,25,1,2,1,0,0,0,0,2,2,0,1,0,94.7,2362.1,1,7.767729595377388,1,2,0.8799927181307063,0.4710053111125331,Mid-Tenure High Spenders,"{'Risk': 'High', 'Strategy': 'Value Enhancement', 'Offer': 'Upgrade to annual contract with 15% discount and free add-on services', 'Action': 'Send personalized email with tailored upgrade offer'}",High
1,0,1,0,22,1,2,1,0,0,0,0,0,2,0,1,2,85.1,1873.7,1,7.536203925603146,1,2,0.44097843133346304,0.25180313211318267,Mid-Tenure High Spenders,"{'Risk': 'High', 'Strategy': 'Value Enhancement', 'Offer': 'Upgrade to annual contract with 15% discount and free add-on services', 'Action': 'Send personalized email with tailored upgrade offer'}",High
0,0,1,1,61,1,2,1,0,2,0,0,2,2,0,1,2,99.15,6010.05,1,8.70135472108808,0,1,3.3339295082857654,-0.5813794159730777,Loyal Premium Customers,"{'Risk': 'Very High', 'Strategy': 'Loyalty Reward', 'Offer': 'Offer exclusive VIP loyalty program with 20% discount and priority support', 'Action': 'Personal call from retention team within 24 hours'}",Very High
1,1,1,0,70,1,2,1,0,2,2,0,2,2,0,1,2,102.95,7101.5,1,8.868202113728342,0,1,4.058466300198407,-0.7698275730372941,Loyal Premium Customers,"{'Risk': 'Very High', 'Strategy': 'Loyalty Reward', 'Offer': 'Offer exclusive VIP loyalty program with 20% discount and priority support', 'Action': 'Personal call from retention team within 24 hours'}",Very High
1,0,0,0,1,1,0,0,0,0,0,0,0,0,0,1,3,45.05,45.05,1,3.8297277627013155,2,0,-1.5859996438477975,-0.5024108224657235,New Low-Value Customers,"{'Risk': 'Medium', 'Strategy': 'Onboarding Support', 'Offer': 'Provide free onboarding assistance and offer a 10% discount on first 3 months', 'Action': 'Assign dedicated support agent for first 30 days'}",Medium
0,1,0,1,1,1,0,1,0,0,0,0,0,0,0,1,2,71.0,71.0,1,4.276666119016055,2,3,-1.0940631050201926,0.4181653518784723,New Price-Shocked Customers,"{'Risk': 'Very High', 'Strategy': 'Price Reduction', 'Offer': 'Immediately offer 25% price reduction or downgrade to affordable plan', 'Action': 'Trigger automated discount coupon within 48 hours of signup'}",Very High
0,1,1,1,47,1,0,1,0,0,0,0,0,0,0,0,0,70.55,3309.25,1,8.104778994219867,0,4,1.4434443321919446,-0.9783846733579886,Mid-Tenure Low Spenders,"{'Risk': 'Medium', 'Strategy': 'Upsell + Retain', 'Offer': 'Offer bundled services upgrade at same price point', 'Action': 'Send monthly value report showing benefits they are missing'}",Medium
0,0,0,0,1,1,0,1,0,0,0,0,0,2,0,1,2,79.7,79.7,1,4.390738575275903,2,3,-0.9291364041415733,0.7267978265140986,New Price-Shocked Customers,"{'Risk': 'Very High', 'Strategy': 'Price Reduction', 'Offer': 'Immediately offer 25% price reduction or downgrade to affordable plan', 'Action': 'Trigger automated discount coupon within 48 hours of signup'}",Very High
1,0,0,0,22,1,2,0,2,2,0,0,0,0,0,0,2,59.0,1254.7,1,7.135448464994918,1,4,-0.2553940756488052,-0.6046969694243912,Mid-Tenure Low Spenders,"{'Risk': 'Medium', 'Strategy': 'Upsell + Retain', 'Offer': 'Offer bundled services upgrade at same price point', 'Action': 'Send monthly value report showing benefits they are missing'}",Medium
0,0,0,0,48,1,0,0,2,0,2,2,0,0,1,1,1,60.35,2896.4,1,7.971569062107552,0,4,1.1445863209804916,-1.3148724175399458,Mid-Tenure Low Spenders,"{'Risk': 'Medium', 'Strategy': 'Upsell + Retain', 'Offer': 'Offer bundled services upgrade at same price point', 'Action': 'Send monthly value report showing benefits they are missing'}",Medium
0,1,1,1,1,1,0,1,0,0,0,0,0,0,0,1,2,69.25,69.25,1,4.2520603082138555,2,3,-1.1272380161164663,0.35608410698050147,New Price-Shocked Customers,"{'Risk': 'Very High', 'Strategy': 'Price Reduction', 'Offer': 'Immediately offer 25% price reduction or downgrade to affordable plan', 'Action': 'Trigger automated discount coupon within 48 hours of signup'}",Very High
1,0,0,0,25,1,0,1,0,0,0,0,0,0,0,0,3,70.95,1767.35,1,7.477802187406246,1,2,0.23561561403563278,-0.30469188234108313,Mid-Tenure High Spenders,"{'Risk': 'High', 'Strategy': 'Value Enhancement', 'Offer': 'Upgrade to annual contract with 15% discount and free add-on services', 'Action': 'Send personalized email with tailored upgrade offer'}",High
1,0,1,0,20,1,0,1,0,0,0,0,2,2,0,1,3,89.0,1820.45,1,7.507388166167938,1,2,0.43266011889559525,0.4403885807550034,Mid-Tenure High Spenders,"{'Risk': 'High', 'Strategy': 'Value Enhancement', 'Offer': 'Upgrade to annual contract with 15% discount and free add-on services', 'Action': 'Send personalized email with tailored upgrade offer'}",High
1,0,1,0,18,1,2,1,2,0,0,0,2,2,0,1,2,99.4,1742.95,1,7.46390793433317,1,2,0.5371075726620829,0.8631607137907649,Mid-Tenure High Spenders,"{'Risk': 'High', 'Strategy': 'Value Enhancement', 'Offer': 'Upgrade to annual contract with 15% discount and free add-on services', 'Action': 'Send personalized email with tailored upgrade offer'}",High
0,0,0,0,1,1,0,1,0,0,2,0,0,0,0,0,0,73.5,73.5,1,4.310799125385514,2,3,-1.0466703748826582,0.5068528445898591,New Price-Shocked Customers,"{'Risk': 'Very High', 'Strategy': 'Price Reduction', 'Offer': 'Immediately offer 25% price reduction or downgrade to affordable plan', 'Action': 'Trigger automated discount coupon within 48 hours of signup'}",Very High
1,0,0,0,9,1,2,1,0,0,0,0,2,2,0,1,2,95.5,829.1,1,6.72154617546099,2,3,-0.12890500898843116,1.027262072470483,New Price-Shocked Customers,"{'Risk': 'Very High', 'Strategy': 'Price Reduction', 'Offer': 'Immediately offer 25% price reduction or downgrade to affordable plan', 'Action': 'Trigger automated discount coupon within 48 hours of signup'}",Very High
0,0,1,0,28,1,0,1,2,0,0,0,2,2,0,1,3,92.35,2602.9,1,7.8647656001333095,1,2,1.0123462094425852,0.2938634625316977,Mid-Tenure High Spenders,"{'Risk': 'High', 'Strategy': 'Value Enhancement', 'Offer': 'Upgrade to annual contract with 15% discount and free add-on services', 'Action': 'Send personalized email with tailored upgrade offer'}",High
1,0,0,0,11,1,0,1,0,2,0,0,0,0,0,1,2,74.55,824.75,1,6.716292064270899,2,3,-0.45759255409874544,0.23857419006099656,New Price-Shocked Customers,"{'Risk': 'Very High', 'Strategy': 'Price Reduction', 'Offer': 'Immediately offer 25% price reduction or downgrade to affordable plan', 'Action': 'Trigger automated discount coupon within 48 hours of signup'}",Very High
1,1,0,0,12,1,0,1,0,2,2,2,0,0,0,1,3,83.8,1029.75,1,6.938041971587009,2,3,-0.1842726610842499,0.5220340568565571,New Price-Shocked Customers,"{'Risk': 'Very High', 'Strategy': 'Price Reduction', 'Offer': 'Immediately offer 25% price reduction or downgrade to affordable plan', 'Action': 'Trigger automated discount coupon within 48 hours of signup'}",Very High
1,1,0,0,53,0,1,0,0,2,2,0,2,2,0,1,2,54.45,2854.55,1,7.957019748019907,0,4,1.1775644748673875,-1.6288263235217846,Mid-Tenure Low Spenders,"{'Risk': 'Medium', 'Strategy': 'Upsell + Retain', 'Offer': 'Offer bundled services upgrade at same price point', 'Action': 'Send monthly value report showing benefits they are missing'}",Medium
1,1,1,0,41,1,2,1,0,0,2,0,2,2,0,1,2,99.8,4259.3,1,8.357094859319076,0,1,2.122563158634703,0.08211299813800312,Loyal Premium Customers,"{'Risk': 'Very High', 'Strategy': 'Loyalty Reward', 'Offer': 'Offer exclusive VIP loyalty program with 20% discount and priority support', 'Action': 'Personal call from retention team within 24 hours'}",Very High
0,0,1,1,20,1,2,1,0,2,2,0,2,2,0,1,0,105.85,2239.65,1,7.7145212813268556,1,2,0.8888904660991124,0.9910483152689988,Mid-Tenure High Spenders,"{'Risk': 'High', 'Strategy': 'Value Enhancement', 'Offer': 'Upgrade to annual contract with 15% discount and free add-on services', 'Action': 'Send personalized email with tailored upgrade offer'}",High
0,0,0,0,7,1,2,1,0,0,0,0,0,0,0,0,3,75.45,480.75,1,6.177425307294476,2,3,-0.6834396050332835,0.39795870636214065,New Price-Shocked Customers,"{'Risk': 'Very High', 'Strategy': 'Price Reduction', 'Offer': 'Immediately offer 25% price reduction or downgrade to affordable plan', 'Action': 'Trigger automated discount coupon within 48 hours of signup'}",Very High
1,0,0,0,7,1,2,1,0,0,0,0,2,2,0,1,2,93.85,635.6,1,6.456141514847992,2,3,-0.2882346373248138,1.0347275536501594,New Price-Shocked Customers,"{'Risk': 'Very High', 'Strategy': 'Price Reduction', 'Offer': 'Immediately offer 25% price reduction or downgrade to affordable plan', 'Action': 'Trigger automated discount coupon within 48 hours of signup'}",Very High
1,0,0,0,22,1,2,1,2,0,0,0,2,2,0,1,2,100.75,2095.0,1,7.647786045440933,1,2,0.8075801433704425,0.7829160668031329,Mid-Tenure High Spenders,"{'Risk': 'High', 'Strategy': 'Value Enhancement', 'Offer': 'Upgrade to annual contract with 15% discount and free add-on services', 'Action': 'Send personalized email with tailored upgrade offer'}",High
0,0,1,1,3,0,1,0,0,0,0,2,0,0,0,1,3,31.0,95.05,1,4.564868889214566,2,0,-1.767749741236373,-1.0518751176320644,New Low-Value Customers,"{'Risk': 'Medium', 'Strategy': 'Onboarding Support', 'Offer': 'Provide free onboarding assistance and offer a 10% discount on first 3 months', 'Action': 'Assign dedicated support agent for first 30 days'}",Medium
1,0,0,0,51,1,2,1,0,0,2,0,0,0,0,0,1,80.0,4242.35,1,8.353108330605401,0,1,2.06227853739779,-0.8383440734285855,Loyal Premium Customers,"{'Risk': 'Very High', 'Strategy': 'Loyalty Reward', 'Offer': 'Offer exclusive VIP loyalty program with 20% discount and priority support', 'Action': 'Personal call from retention team within 24 hours'}",Very High
1,1,0,0,5,1,0,1,0,0,0,0,0,0,0,1,3,70.25,331.9,1,5.807842144580979,2,3,-0.8936783895215221,0.27384626980394255,New Price-Shocked Customers,"{'Risk': 'Very High', 'Strategy': 'Price Reduction', 'Offer': 'Immediately offer 25% price reduction or downgrade to affordable plan', 'Action': 'Trigger automated discount coupon within 48 hours of signup'}",Very High
0,0,1,1,62,1,0,1,0,2,2,0,2,2,0,1,2,100.15,6283.3,1,8.745809738528788,0,1,3.4768642181788323,-0.5995423907622195,Loyal Premium Customers,"{'Risk': 'Very High', 'Strategy': 'Loyalty Reward', 'Offer': 'Offer exclusive VIP loyalty program with 20% discount and priority support', 'Action': 'Personal call from retention team within 24 hours'}",Very High
1,0,0,0,28,1,2,1,2,2,0,0,0,2,0,1,1,94.5,2659.4,1,7.886231766410266,1,2,1.071583544434954,0.3637731875069183,Mid-Tenure High Spenders,"{'Risk': 'High', 'Strategy': 'Value Enhancement', 'Offer': 'Upgrade to annual contract with 15% discount and free add-on services', 'Action': 'Send personalized email with tailored upgrade offer'}",High
1,0,0,0,10,0,1,0,0,0,0,0,0,2,0,1,3,33.9,298.45,1,5.701947458710471,2,0,-1.424734269062537,-1.12486858357909,New Low-Value Customers,"{'Risk': 'Medium', 'Strategy': 'Onboarding Support', 'Offer': 'Provide free onboarding assistance and offer a 10% discount on first 3 months', 'Action': 'Assign dedicated support agent for first 30 days'}",Medium
1,1,1,0,69,1,2,1,0,2,0,0,2,0,0,1,2,89.95,6143.15,1,8.72325568859199,0,1,3.459185214999924,-1.0985800503824261,Loyal Premium Customers,"{'Risk': 'Very High', 'Strategy': 'Loyalty Reward', 'Offer': 'Offer exclusive VIP loyalty program with 20% discount and priority support', 'Action': 'Personal call from retention team within 24 hours'}",Very High
1,0,0,0,12,1,2,1,0,0,0,0,2,0,0,1,2,84.45,1059.55,1,6.966542920465225,2,3,-0.16203923637802725,0.5416808772383518,New Price-Shocked Customers,"{'Risk': 'Very High', 'Strategy': 'Price Reduction', 'Offer': 'Immediately offer 25% price reduction or downgrade to affordable plan', 'Action': 'Trigger automated discount coupon within 48 hours of signup'}",Very High
1,0,0,1,27,1,2,1,0,0,0,2,0,0,0,1,2,79.5,2180.55,1,7.687790912310173,1,2,0.5981034761600029,-0.09228754125276159,Mid-Tenure High Spenders,"{'Risk': 'High', 'Strategy': 'Value Enhancement', 'Offer': 'Upgrade to annual contract with 15% discount and free add-on services', 'Action': 'Send personalized email with tailored upgrade offer'}",High
1,0,1,1,1,1,0,1,0,0,0,0,2,2,0,0,3,89.15,89.15,1,4.501474949649326,2,3,-0.749991884221694,1.0620365489631411,New Price-Shocked Customers,"{'Risk': 'Very High', 'Strategy': 'Price Reduction', 'Offer': 'Immediately offer 25% price reduction or downgrade to affordable plan', 'Action': 'Trigger automated discount coupon within 48 hours of signup'}",Very High
1,1,0,0,14,1,2,1,0,0,0,0,0,0,0,1,2,74.95,1036.75,1,6.944810186933148,1,3,-0.2838344004301969,0.16268142461760637,New Price-Shocked Customers,"{'Risk': 'Very High', 'Strategy': 'Price Reduction', 'Offer': 'Immediately offer 25% price reduction or downgrade to affordable plan', 'Action': 'Trigger automated discount coupon within 48 hours of signup'}",Very High
0,1,0,0,32,1,0,1,0,2,0,0,0,0,0,1,2,74.4,2276.95,1,7.7310311946881045,1,2,0.6929817883888588,-0.39394959589797524,Mid-Tenure High Spenders,"{'Risk': 'High', 'Strategy': 'Value Enhancement', 'Offer': 'Upgrade to annual contract with 15% discount and free add-on services', 'Action': 'Send personalized email with tailored upgrade offer'}",High
0,0,0,0,3,1,0,0,0,0,0,0,0,2,0,1,2,55.3,196.15,1,5.283964860323636,2,0,-1.2809795747265869,-0.19882191829347895,New Low-Value Customers,"{'Risk': 'Medium', 'Strategy': 'Onboarding Support', 'Offer': 'Provide free onboarding assistance and offer a 10% discount on first 3 months', 'Action': 'Assign dedicated support agent for first 30 days'}",Medium
0,0,1,1,22,1,0,0,0,2,0,2,0,0,0,0,2,55.15,1206.05,1,7.095934645260251,1,4,-0.34361136397816433,-0.7360319908072052,Mid-Tenure Low Spenders,"{'Risk': 'Medium', 'Strategy': 'Upsell + Retain', 'Offer': 'Offer bundled services upgrade at same price point', 'Action': 'Send monthly value report showing benefits they are missing'}",Medium
0,0,1,0,16,1,2,1,0,0,0,0,2,0,0,1,2,84.95,1378.25,1,7.22929515215254,1,3,0.08126945502730774,0.4350865187838363,New Price-Shocked Customers,"{'Risk': 'Very High', 'Strategy': 'Price Reduction', 'Offer': 'Immediately offer 25% price reduction or downgrade to affordable plan', 'Action': 'Trigger automated discount coupon within 48 hours of signup'}",Very High
1,0,0,0,5,0,1,0,2,2,2,2,0,0,0,1,3,43.25,219.0,1,5.393627546352361,2,0,-1.434726802875599,-0.6739242915675444,New Low-Value Customers,"{'Risk': 'Medium', 'Strategy': 'Onboarding Support', 'Offer': 'Provide free onboarding assistance and offer a 10% discount on first 3 months', 'Action': 'Assign dedicated support agent for first 30 days'}",Medium
1,0,1,1,23,1,2,0,0,0,0,0,0,0,1,1,1,48.35,1067.15,1,6.973683459096243,1,0,-0.4860253397942025,-0.9835718819686611,New Low-Value Customers,"{'Risk': 'Medium', 'Strategy': 'Onboarding Support', 'Offer': 'Provide free onboarding assistance and offer a 10% discount on first 3 months', 'Action': 'Assign dedicated support agent for first 30 days'}",Medium
1,0,0,0,1,1,0,1,0,0,0,0,2,0,0,1,2,79.55,79.55,1,4.388878109622984,2,3,-0.9319799679498254,0.7214765769514153,New Price-Shocked Customers,"{'Risk': 'Very High', 'Strategy': 'Price Reduction', 'Offer': 'Immediately offer 25% price reduction or downgrade to affordable plan', 'Action': 'Trigger automated discount coupon within 48 hours of signup'}",Very High
0,1,1,0,50,1,0,1,0,0,0,0,0,0,0,1,2,71.05,3444.85,1,8.144925887411512,0,4,1.5930873687335598,-1.0417758234557977,Mid-Tenure Low Spenders,"{'Risk': 'Medium', 'Strategy': 'Upsell + Retain', 'Offer': 'Offer bundled services upgrade at same price point', 'Action': 'Send monthly value report showing benefits they are missing'}",Medium
1,0,0,0,1,1,2,1,0,0,0,0,2,0,0,0,2,84.5,84.5,1,4.448516375942715,2,3,-0.8381423622775077,0.8970778125199614,New Price-Shocked Customers,"{'Risk': 'Very High', 'Strategy': 'Price Reduction', 'Offer': 'Immediately offer 25% price reduction or downgrade to affordable plan', 'Action': 'Trigger automated discount coupon within 48 hours of signup'}",Very High
1,0,1,0,71,1,2,1,0,2,2,2,2,2,2,1,1,108.6,7690.9,1,8.947923106104142,0,1,4.395464852886548,-0.6594920338795262,Loyal Premium Customers,"{'Risk': 'Very High', 'Strategy': 'Loyalty Reward', 'Offer': 'Offer exclusive VIP loyalty program with 20% discount and priority support', 'Action': 'Personal call from retention team within 24 hours'}",Very High
1,0,0,0,46,0,1,0,0,2,0,0,0,0,0,0,0,30.3,1380.1,1,7.230635562083883,0,4,0.006765296520892619,-2.163390876036193,Mid-Tenure Low Spenders,"{'Risk': 'Medium', 'Strategy': 'Upsell + Retain', 'Offer': 'Offer bundled services upgrade at same price point', 'Action': 'Send monthly value report showing benefits they are missing'}",Medium
0,1,0,0,2,0,1,0,0,0,2,0,0,0,0,1,2,30.4,78.65,1,4.3776420363560575,2,0,-1.815905844203476,-1.049538914664537,New Low-Value Customers,"{'Risk': 'Medium', 'Strategy': 'Onboarding Support', 'Offer': 'Provide free onboarding assistance and offer a 10% discount on first 3 months', 'Action': 'Assign dedicated support agent for first 30 days'}",Medium
0,0,0,0,1,1,0,0,0,0,0,0,0,0,0,1,3,45.4,45.4,1,3.8372994592322094,2,0,-1.5793646616285424,-0.48999457348612935,New Low-Value Customers,"{'Risk': 'Medium', 'Strategy': 'Onboarding Support', 'Offer': 'Provide free onboarding assistance and offer a 10% discount on first 3 months', 'Action': 'Assign dedicated support agent for first 30 days'}",Medium
0,0,1,0,32,1,0,1,0,2,0,0,0,2,0,0,0,84.15,2585.95,1,7.8582348545929905,1,2,0.9795616683432952,-0.083094767845264,Mid-Tenure High Spenders,"{'Risk': 'High', 'Strategy': 'Value Enhancement', 'Offer': 'Upgrade to annual contract with 15% discount and free add-on services', 'Action': 'Send personalized email with tailored upgrade offer'}",High
0,0,0,0,3,1,0,2,1,1,1,1,1,1,0,0,2,19.75,58.85,1,4.091841432003982,2,0,-1.9895002963584696,-1.4480485056157069,New Low-Value Customers,"{'Risk': 'Medium', 'Strategy': 'Onboarding Support', 'Offer': 'Provide free onboarding assistance and offer a 10% discount on first 3 months', 'Action': 'Assign dedicated support agent for first 30 days'}",Medium
0,0,0,0,5,1,0,1,0,0,0,2,0,2,0,1,1,85.4,425.9,1,6.056549793763916,2,3,-0.579668593171562,0.80206329892923,New Price-Shocked Customers,"{'Risk': 'Very High', 'Strategy': 'Price Reduction', 'Offer': 'Immediately offer 25% price reduction or downgrade to affordable plan', 'Action': 'Trigger automated discount coupon within 48 hours of signup'}",Very High
1,0,0,1,49,1,2,1,0,0,0,0,0,0,0,0,1,75.2,3678.3,1,8.21047779567805,0,4,1.718314100532082,-0.8996216685544067,Mid-Tenure Low Spenders,"{'Risk': 'Medium', 'Strategy': 'Upsell + Retain', 'Offer': 'Offer bundled services upgrade at same price point', 'Action': 'Send monthly value report showing benefits they are missing'}",Medium
0,0,0,1,17,1,2,0,0,0,2,0,0,0,1,1,3,55.85,937.5,1,6.844282856026563,1,0,-0.5789376932394843,-0.5708252449271322,New Low-Value Customers,"{'Risk': 'Medium', 'Strategy': 'Onboarding Support', 'Offer': 'Provide free onboarding assistance and offer a 10% discount on first 3 months', 'Action': 'Assign dedicated support agent for first 30 days'}",Medium
1,1,0,0,23,1,2,1,0,2,2,0,2,2,0,1,2,106.4,2483.5,1,7.817826711042375,1,2,1.076270525990791,0.9167664011438882,Mid-Tenure High Spenders,"{'Risk': 'High', 'Strategy': 'Value Enhancement', 'Offer': 'Upgrade to annual contract with 15% discount and free add-on services', 'Action': 'Send personalized email with tailored upgrade offer'}",High
1,0,0,0,6,1,0,1,0,2,0,0,0,2,0,1,2,84.4,556.35,1,6.323193408835633,2,3,-0.5225215882722709,0.7294305846338193,New Price-Shocked Customers,"{'Risk': 'Very High', 'Strategy': 'Price Reduction', 'Offer': 'Immediately offer 25% price reduction or downgrade to affordable plan', 'Action': 'Trigger automated discount coupon within 48 hours of signup'}",Very High
0,0,0,0,6,1,0,0,2,2,0,0,0,0,0,0,2,56.25,389.1,1,5.966403116512611,2,0,-1.1034592321417118,-0.25290930898104835,New Low-Value Customers,"{'Risk': 'Medium', 'Strategy': 'Onboarding Support', 'Offer': 'Provide free onboarding assistance and offer a 10% discount on first 3 months', 'Action': 'Assign dedicated support agent for first 30 days'}",Medium
0,1,0,0,2,1,2,1,0,0,0,0,2,0,0,1,2,85.55,187.45,1,5.238832719713145,2,3,-0.7521806378565946,0.900627588876346,New Price-Shocked Customers,"{'Risk': 'Very High', 'Strategy': 'Price Reduction', 'Offer': 'Immediately offer 25% price reduction or downgrade to affordable plan', 'Action': 'Trigger automated discount coupon within 48 hours of signup'}",Very High
0,0,0,0,4,1,0,0,0,2,0,0,2,2,0,1,0,68.65,261.25,1,5.569298247276406,2,3,-0.9788971597358236,0.24694024245393414,New Price-Shocked Customers,"{'Risk': 'Very High', 'Strategy': 'Price Reduction', 'Offer': 'Immediately offer 25% price reduction or downgrade to affordable plan', 'Action': 'Trigger automated discount coupon within 48 hours of signup'}",Very High
1,0,0,0,4,1,0,1,0,0,0,0,2,0,0,0,2,77.85,299.2,1,5.704448919199361,2,3,-0.7947166022799269,0.5699451068139634,New Price-Shocked Customers,"{'Risk': 'Very High', 'Strategy': 'Price Reduction', 'Offer': 'Immediately offer 25% price reduction or downgrade to affordable plan', 'Action': 'Trigger automated discount coupon within 48 hours of signup'}",Very High
1,0,0,0,3,1,2,1,0,2,2,0,2,2,0,1,0,105.35,323.25,1,5.781514823196553,2,3,-0.30597928509976585,1.5676831941565836,New Price-Shocked Customers,"{'Risk': 'Very High', 'Strategy': 'Price Reduction', 'Offer': 'Immediately offer 25% price reduction or downgrade to affordable plan', 'Action': 'Trigger automated discount coupon within 48 hours of signup'}",Very High
0,0,0,0,8,1,2,1,0,0,0,0,2,0,0,1,2,87.05,762.1,1,6.637389084295587,2,3,-0.34040974636139915,0.756123318827355,New Price-Shocked Customers,"{'Risk': 'Very High', 'Strategy': 'Price Reduction', 'Offer': 'Immediately offer 25% price reduction or downgrade to affordable plan', 'Action': 'Trigger automated discount coupon within 48 hours of signup'}",Very High
1,0,0,0,1,1,0,0,0,0,0,0,2,0,0,1,3,53.5,53.5,1,3.9982007016691985,2,0,-1.4258122159829318,-0.20264709710123582,New Low-Value Customers,"{'Risk': 'Medium', 'Strategy': 'Onboarding Support', 'Offer': 'Provide free onboarding assistance and offer a 10% discount on first 3 months', 'Action': 'Assign dedicated support agent for first 30 days'}",Medium
0,0,0,0,1,0,1,0,0,0,0,0,0,0,0,1,3,25.1,25.1,1,3.261935314328648,2,0,-1.9641936303453202,-1.210137014302591,New Low-Value Customers,"{'Risk': 'Medium', 'Strategy': 'Onboarding Support', 'Offer': 'Provide free onboarding assistance and offer a 10% discount on first 3 months', 'Action': 'Assign dedicated support agent for first 30 days'}",Medium
1,1,1,0,30,1,0,1,0,2,2,0,0,0,0,1,3,79.65,2365.15,1,7.7690194406690765,1,2,0.7578910635477967,-0.1738712227705851,Mid-Tenure High Spenders,"{'Risk': 'High', 'Strategy': 'Value Enhancement', 'Offer': 'Upgrade to annual contract with 15% discount and free add-on services', 'Action': 'Send personalized email with tailored upgrade offer'}",High
0,0,0,0,5,1,0,0,2,0,0,2,0,0,0,0,2,54.2,308.25,1,5.734150011272598,2,0,-1.2005237990976485,-0.2946378742026101,New Low-Value Customers,"{'Risk': 'Medium', 'Strategy': 'Onboarding Support', 'Offer': 'Provide free onboarding assistance and offer a 10% discount on first 3 months', 'Action': 'Assign dedicated support agent for first 30 days'}",Medium
0,1,0,0,1,1,0,2,1,1,1,1,1,1,0,1,2,19.45,19.45,1,3.017982882488811,2,0,-2.071301200456147,-1.4105707478303249,New Low-Value Customers,"{'Risk': 'Medium', 'Strategy': 'Onboarding Support', 'Offer': 'Provide free onboarding assistance and offer a 10% discount on first 3 months', 'Action': 'Assign dedicated support agent for first 30 days'}",Medium
1,0,1,1,72,1,2,1,0,2,2,0,2,2,2,1,2,103.4,7372.65,1,8.905668113604712,0,1,4.221857269785276,-0.8290922274241533,Loyal Premium Customers,"{'Risk': 'Very High', 'Strategy': 'Loyalty Reward', 'Offer': 'Offer exclusive VIP loyalty program with 20% discount and priority support', 'Action': 'Personal call from retention team within 24 hours'}",Very High
0,0,0,0,13,1,2,1,0,2,2,0,0,0,0,1,2,84.45,1058.6,1,6.965646757397915,1,3,-0.13095256957292947,0.5200202176792008,New Price-Shocked Customers,"{'Risk': 'Very High', 'Strategy': 'Price Reduction', 'Offer': 'Immediately offer 25% price reduction or downgrade to affordable plan', 'Action': 'Trigger automated discount coupon within 48 hours of signup'}",Very High
0,1,1,0,32,1,2,1,0,0,0,0,2,0,0,1,1,85.95,2628.6,1,7.87458702235001,1,2,1.027573875293038,-0.024021153796027445,Mid-Tenure High Spenders,"{'Risk': 'High', 'Strategy': 'Value Enhancement', 'Offer': 'Upgrade to annual contract with 15% discount and free add-on services', 'Action': 'Send personalized email with tailored upgrade offer'}",High
0,1,0,0,16,1,0,0,0,0,0,2,2,0,0,0,2,59.4,1023.9,1,6.932350325837517,1,3,-0.5148797985875008,-0.43281451657638187,New Price-Shocked Customers,"{'Risk': 'Very High', 'Strategy': 'Price Reduction', 'Offer': 'Immediately offer 25% price reduction or downgrade to affordable plan', 'Action': 'Trigger automated discount coupon within 48 hours of signup'}",Very High
0,0,0,0,29,0,1,0,0,2,0,0,0,0,0,1,2,30.6,856.35,1,6.75384623662486,1,0,-0.6996947466444436,-1.7212882328081978,New Low-Value Customers,"{'Risk': 'Medium', 'Strategy': 'Onboarding Support', 'Offer': 'Provide free onboarding assistance and offer a 10% discount on first 3 months', 'Action': 'Assign dedicated support agent for first 30 days'}",Medium
0,1,0,0,38,1,2,1,0,0,0,2,2,2,0,1,2,99.55,3734.25,1,8.225570029731195,0,2,1.8451571856722038,0.1999862159878384,Mid-Tenure High Spenders,"{'Risk': 'High', 'Strategy': 'Value Enhancement', 'Offer': 'Upgrade to annual contract with 15% discount and free add-on services', 'Action': 'Send personalized email with tailored upgrade offer'}",High
0,0,0,0,17,1,0,1,0,0,0,0,0,0,0,1,2,70.0,1144.5,1,7.04359650189355,1,3,-0.24512375754718457,-0.09142660089466534,New Price-Shocked Customers,"{'Risk': 'Very High', 'Strategy': 'Price Reduction', 'Offer': 'Immediately offer 25% price reduction or downgrade to affordable plan', 'Action': 'Trigger automated discount coupon within 48 hours of signup'}",Very High
0,0,0,0,1,1,0,0,0,0,0,0,0,0,0,1,2,45.3,45.3,1,3.835141961092188,2,0,-1.5812603708340438,-0.49354207319458493,New Low-Value Customers,"{'Risk': 'Medium', 'Strategy': 'Onboarding Support', 'Offer': 'Provide free onboarding assistance and offer a 10% discount on first 3 months', 'Action': 'Assign dedicated support agent for first 30 days'}",Medium
1,0,0,0,2,0,1,0,0,0,0,2,0,0,0,0,0,29.85,75.6,1,4.338597076746545,2,0,-1.8271822718380615,-1.068757544902966,New Low-Value Customers,"{'Risk': 'Medium', 'Strategy': 'Onboarding Support', 'Offer': 'Provide free onboarding assistance and offer a 10% discount on first 3 months', 'Action': 'Assign dedicated support agent for first 30 days'}",Medium
1,1,0,0,2,1,0,1,0,2,2,2,0,2,0,1,1,95.1,180.25,1,5.199877293734784,2,3,-0.5768355896602112,1.2413743526929533,New Price-Shocked Customers,"{'Risk': 'Very High', 'Strategy': 'Price Reduction', 'Offer': 'Immediately offer 25% price reduction or downgrade to affordable plan', 'Action': 'Trigger automated discount coupon within 48 hours of signup'}",Very High
1,0,0,0,1,1,0,2,1,1,1,1,1,1,0,0,3,19.8,19.8,1,3.0349529867072724,2,0,-2.0646662182368924,-1.3981544988507313,New Low-Value Customers,"{'Risk': 'Medium', 'Strategy': 'Onboarding Support', 'Offer': 'Provide free onboarding assistance and offer a 10% discount on first 3 months', 'Action': 'Assign dedicated support agent for first 30 days'}",Medium
0,0,0,0,4,1,0,1,0,2,0,0,0,0,0,1,0,76.65,333.6,1,5.812935788552724,2,3,-0.8053607282043134,0.5232082277414958,New Price-Shocked Customers,"{'Risk': 'Very High', 'Strategy': 'Price Reduction', 'Offer': 'Immediately offer 25% price reduction or downgrade to affordable plan', 'Action': 'Trigger automated discount coupon within 48 hours of signup'}",Very High
0,0,1,1,5,1,0,1,0,2,0,2,2,2,0,1,3,99.15,465.05,1,6.144292924507166,2,3,-0.3103723030511522,1.2868715083558058,New Price-Shocked Customers,"{'Risk': 'Very High', 'Strategy': 'Price Reduction', 'Offer': 'Immediately offer 25% price reduction or downgrade to affordable plan', 'Action': 'Trigger automated discount coupon within 48 hours of signup'}",Very High
1,0,0,0,9,1,0,0,0,0,0,0,0,0,0,0,3,44.95,431.0,1,6.068425588244111,2,0,-1.205356766511041,-0.7253192538180337,New Low-Value Customers,"{'Risk': 'Medium', 'Strategy': 'Onboarding Support', 'Offer': 'Provide free onboarding assistance and offer a 10% discount on first 3 months', 'Action': 'Assign dedicated support agent for first 30 days'}",Medium
1,0,1,0,18,1,0,0,0,0,2,0,0,0,0,1,3,49.55,878.35,1,6.779182998182373,1,0,-0.6849272669908205,-0.8099036331573203,New Low-Value Customers,"{'Risk': 'Medium', 'Strategy': 'Onboarding Support', 'Offer': 'Provide free onboarding assistance and offer a 10% discount on first 3 months', 'Action': 'Assign dedicated support agent for first 30 days'}",Medium
1,0,0,1,25,1,0,1,0,2,0,0,2,2,0,1,2,95.9,2448.75,1,7.803741257515928,1,2,0.9317951516046514,0.5035736189709611,Mid-Tenure High Spenders,"{'Risk': 'High', 'Strategy': 'Value Enhancement', 'Offer': 'Upgrade to annual contract with 15% discount and free add-on services', 'Action': 'Send personalized email with tailored upgrade offer'}",High
1,1,1,0,17,1,0,1,0,0,0,0,0,2,0,0,0,81.5,1329.2,1,7.193084585850321,1,3,0.031772671945311526,0.2962632795862088,New Price-Shocked Customers,"{'Risk': 'Very High', 'Strategy': 'Price Reduction', 'Offer': 'Immediately offer 25% price reduction or downgrade to affordable plan', 'Action': 'Trigger automated discount coupon within 48 hours of signup'}",Very High
1,0,1,0,52,1,0,1,2,0,0,0,2,0,0,0,2,84.1,4348.65,1,8.377850661075554,0,1,2.206161395827014,-0.726630670143278,Loyal Premium Customers,"{'Risk': 'Very High', 'Strategy': 'Loyalty Reward', 'Offer': 'Offer exclusive VIP loyalty program with 20% discount and priority support', 'Action': 'Personal call from retention team within 24 hours'}",Very High
1,1,1,0,3,0,1,0,0,0,0,0,2,0,0,1,3,36.45,93.7,1,4.550714000192032,2,0,-1.6667456629883204,-0.8577404621312743,New Low-Value Customers,"{'Risk': 'Medium', 'Strategy': 'Onboarding Support', 'Offer': 'Provide free onboarding assistance and offer a 10% discount on first 3 months', 'Action': 'Assign dedicated support agent for first 30 days'}",Medium
0,1,0,0,1,0,1,0,0,0,0,0,0,0,0,0,3,25.05,25.05,1,3.260017768199376,2,0,-1.9651414849480706,-1.2119107641568188,New Low-Value Customers,"{'Risk': 'Medium', 'Strategy': 'Onboarding Support', 'Offer': 'Provide free onboarding assistance and offer a 10% discount on first 3 months', 'Action': 'Assign dedicated support agent for first 30 days'}",Medium
0,0,0,0,8,1,0,0,2,0,0,0,0,0,0,1,2,49.85,365.55,1,5.904134937669595,2,0,-1.1677964524100042,-0.521485638676237,New Low-Value Customers,"{'Risk': 'Medium', 'Strategy': 'Onboarding Support', 'Offer': 'Provide free onboarding assistance and offer a 10% discount on first 3 months', 'Action': 'Assign dedicated support agent for first 30 days'}",Medium
0,1,1,0,43,0,1,0,0,2,2,0,2,2,0,0,1,55.55,2342.2,1,7.759272795513524,0,4,0.7097419593116086,-1.3119873648309273,Mid-Tenure Low Spenders,"{'Risk': 'Medium', 'Strategy': 'Upsell + Retain', 'Offer': 'Offer bundled services upgrade at same price point', 'Action': 'Send monthly value report showing benefits they are missing'}",Medium
0,0,1,1,22,1,0,0,0,2,0,0,2,2,1,1,0,69.5,1498.2,1,7.312686911484158,1,2,0.022877907732201302,-0.2594815123692499,Mid-Tenure High Spenders,"{'Risk': 'High', 'Strategy': 'Value Enhancement', 'Offer': 'Upgrade to annual contract with 15% discount and free add-on services', 'Action': 'Send personalized email with tailored upgrade offer'}",High
1,0,1,0,54,1,2,1,0,2,2,0,2,2,0,1,2,104.3,5278.15,1,8.571520378892371,0,1,2.9610858314859287,-0.1600105144091152,Loyal Premium Customers,"{'Risk': 'Very High', 'Strategy': 'Loyalty Reward', 'Offer': 'Offer exclusive VIP loyalty program with 20% discount and priority support', 'Action': 'Personal call from retention team within 24 hours'}",Very High
0,0,0,0,1,1,2,1,0,0,0,0,2,2,0,1,2,93.85,93.85,1,4.552296696381023,2,3,-0.66089355156313,1.228769035260548,New Price-Shocked Customers,"{'Risk': 'Very High', 'Strategy': 'Price Reduction', 'Offer': 'Immediately offer 25% price reduction or downgrade to affordable plan', 'Action': 'Trigger automated discount coupon within 48 hours of signup'}",Very High
0,0,1,1,1,1,0,0,0,0,2,0,0,0,0,0,3,50.45,50.45,1,3.9406104622800586,2,0,-1.4836313467507234,-0.3108458382091277,New Low-Value Customers,"{'Risk': 'Medium', 'Strategy': 'Onboarding Support', 'Offer': 'Provide free onboarding assistance and offer a 10% discount on first 3 months', 'Action': 'Assign dedicated support agent for first 30 days'}",Medium
0,0,0,0,7,1,2,0,0,0,0,2,2,2,0,1,2,74.65,521.1,1,6.257859140416507,2,3,-0.6846138341860567,0.3647622138125659,New Price-Shocked Customers,"{'Risk': 'Very High', 'Strategy': 'Price Reduction', 'Offer': 'Immediately offer 25% price reduction or downgrade to affordable plan', 'Action': 'Trigger automated discount coupon within 48 hours of signup'}",Very High
0,0,0,0,12,1,2,1,0,0,0,0,2,2,0,1,2,94.2,1046.1,1,6.953779717293417,2,3,0.014904160558192856,0.8902775953197059,New Price-Shocked Customers,"{'Risk': 'Very High', 'Strategy': 'Price Reduction', 'Offer': 'Immediately offer 25% price reduction or downgrade to affordable plan', 'Action': 'Trigger automated discount coupon within 48 hours of signup'}",Very High
0,0,1,0,54,1,2,1,2,2,0,0,2,2,1,0,0,106.55,5763.3,1,8.659439002954457,0,1,3.1679305047656925,-0.13671389438282786,Loyal Premium Customers,"{'Risk': 'Very High', 'Strategy': 'Loyalty Reward', 'Offer': 'Offer exclusive VIP loyalty program with 20% discount and priority support', 'Action': 'Personal call from retention team within 24 hours'}",Very High
1,0,0,0,1,1,0,2,1,1,1,1,1,1,0,0,3,20.1,20.1,1,3.0492730404820207,2,0,-2.058979090620388,-1.3875119997253642,New Low-Value Customers,"{'Risk': 'Medium', 'Strategy': 'Onboarding Support', 'Offer': 'Provide free onboarding assistance and offer a 10% discount on first 3 months', 'Action': 'Assign dedicated support agent for first 30 days'}",Medium
0,0,1,1,23,1,0,1,0,2,2,2,0,0,0,0,2,83.8,1900.25,1,7.550266843573502,1,2,0.45721318955690077,0.18065401516307514,Mid-Tenure High Spenders,"{'Risk': 'High', 'Strategy': 'Value Enhancement', 'Offer': 'Upgrade to annual contract with 15% discount and free add-on services', 'Action': 'Send personalized email with tailored upgrade offer'}",High
1,0,0,0,3,1,0,0,0,0,0,0,2,0,0,0,3,55.15,159.15,1,5.076110876055167,2,0,-1.2963525365786326,-0.19982997620612195,New Low-Value Customers,"{'Risk': 'Medium', 'Strategy': 'Onboarding Support', 'Offer': 'Provide free onboarding assistance and offer a 10% discount on first 3 months', 'Action': 'Assign dedicated support agent for first 30 days'}",Medium
1,1,1,0,10,1,2,1,0,0,0,0,0,2,0,1,2,86.65,856.65,1,6.754196090855834,2,3,-0.25288920342554505,0.6872759734313671,New Price-Shocked Customers,"{'Risk': 'Very High', 'Strategy': 'Price Reduction', 'Offer': 'Immediately offer 25% price reduction or downgrade to affordable plan', 'Action': 'Trigger automated discount coupon within 48 hours of signup'}",Very High
0,1,0,0,37,1,2,1,2,2,0,0,2,2,0,1,0,106.75,4056.75,1,8.30838391178518,0,2,2.0574439771873982,0.4402730473593071,Mid-Tenure High Spenders,"{'Risk': 'High', 'Strategy': 'Value Enhancement', 'Offer': 'Upgrade to annual contract with 15% discount and free add-on services', 'Action': 'Send personalized email with tailored upgrade offer'}",High
1,0,0,0,31,1,0,1,0,2,0,2,0,0,0,1,2,78.45,2435.15,1,7.798174203288721,1,2,0.7907609992317819,-0.24654683887327525,Mid-Tenure High Spenders,"{'Risk': 'High', 'Strategy': 'Value Enhancement', 'Offer': 'Upgrade to annual contract with 15% discount and free add-on services', 'Action': 'Send personalized email with tailored upgrade offer'}",High
0,0,1,1,34,1,2,1,0,0,2,0,2,0,0,0,2,87.45,2874.15,1,7.963860125783483,1,2,1.2018085036715356,-0.04291775167901438,Mid-Tenure High Spenders,"{'Risk': 'High', 'Strategy': 'Value Enhancement', 'Offer': 'Upgrade to annual contract with 15% discount and free add-on services', 'Action': 'Send personalized email with tailored upgrade offer'}",High
1,0,1,1,29,1,0,1,0,0,0,0,0,0,0,1,2,70.75,1974.8,1,7.588728658610374,1,2,0.4280661468710772,-0.42317916380466614,Mid-Tenure High Spenders,"{'Risk': 'High', 'Strategy': 'Value Enhancement', 'Offer': 'Upgrade to annual contract with 15% discount and free add-on services', 'Action': 'Send personalized email with tailored upgrade offer'}",High
1,1,1,0,12,1,2,1,0,2,0,0,2,2,0,1,2,101.35,1218.55,1,7.106237217225485,2,3,0.20665115427770306,1.1245759118622867,New Price-Shocked Customers,"{'Risk': 'Very High', 'Strategy': 'Price Reduction', 'Offer': 'Immediately offer 25% price reduction or downgrade to affordable plan', 'Action': 'Trigger automated discount coupon within 48 hours of signup'}",Very High
1,0,0,0,1,1,2,1,2,0,0,0,0,0,0,1,2,81.7,81.7,1,4.415219602029645,2,3,-0.8912222200315459,0.7977478206832082,New Price-Shocked Customers,"{'Risk': 'Very High', 'Strategy': 'Price Reduction', 'Offer': 'Immediately offer 25% price reduction or downgrade to affordable plan', 'Action': 'Trigger automated discount coupon within 48 hours of signup'}",Very High
1,0,0,0,33,1,0,1,0,0,0,0,0,0,0,0,2,68.25,2171.15,1,7.683472739442721,1,4,0.573923272924756,-0.6222289226462976,Mid-Tenure Low Spenders,"{'Risk': 'Medium', 'Strategy': 'Upsell + Retain', 'Offer': 'Offer bundled services upgrade at same price point', 'Action': 'Send monthly value report showing benefits they are missing'}",Medium
0,0,0,0,4,1,0,1,0,0,0,0,0,2,0,1,2,79.15,317.25,1,5.762837237437516,2,3,-0.7643772016794117,0.6141020613647757,New Price-Shocked Customers,"{'Risk': 'Very High', 'Strategy': 'Price Reduction', 'Offer': 'Immediately offer 25% price reduction or downgrade to affordable plan', 'Action': 'Trigger automated discount coupon within 48 hours of signup'}",Very High
1,1,0,0,35,1,2,1,0,0,0,0,2,2,0,1,2,95.45,3474.05,1,8.153364146384588,1,2,1.5861273107230678,0.14983009543212933,Mid-Tenure High Spenders,"{'Risk': 'High', 'Strategy': 'Value Enhancement', 'Offer': 'Upgrade to annual contract with 15% discount and free add-on services', 'Action': 'Send personalized email with tailored upgrade offer'}",High
1,0,1,1,19,1,2,1,0,0,0,2,2,2,1,1,2,100.95,1875.55,1,7.537190263570481,1,2,0.6424591579809664,0.8810360609662609,Mid-Tenure High Spenders,"{'Risk': 'High', 'Strategy': 'Value Enhancement', 'Offer': 'Upgrade to annual contract with 15% discount and free add-on services', 'Action': 'Send personalized email with tailored upgrade offer'}",High
0,0,1,1,1,1,0,1,0,0,0,0,0,0,0,1,3,69.1,69.1,1,4.249922794040544,2,3,-1.1300815799247186,0.3507628574178181,New Price-Shocked Customers,"{'Risk': 'Very High', 'Strategy': 'Price Reduction', 'Offer': 'Immediately offer 25% price reduction or downgrade to affordable plan', 'Action': 'Trigger automated discount coupon within 48 hours of signup'}",Very High
0,1,0,0,1,1,0,1,0,0,0,0,0,0,0,1,2,69.6,69.6,1,4.257030144499196,2,3,-1.1206030338972117,0.36850035596009545,New Price-Shocked Customers,"{'Risk': 'Very High', 'Strategy': 'Price Reduction', 'Offer': 'Immediately offer 25% price reduction or downgrade to affordable plan', 'Action': 'Trigger automated discount coupon within 48 hours of signup'}",Very High
1,0,0,0,31,1,2,1,0,2,2,0,2,2,1,1,2,103.45,3066.45,1,8.02860187653372,1,2,1.4708368496967326,0.5693623325440011,Mid-Tenure High Spenders,"{'Risk': 'High', 'Strategy': 'Value Enhancement', 'Offer': 'Upgrade to annual contract with 15% discount and free add-on services', 'Action': 'Send personalized email with tailored upgrade offer'}",High
0,0,0,0,4,1,2,1,0,2,0,0,0,0,0,0,0,77.95,305.55,1,5.725380874208697,2,3,-0.7906958255636055,0.5727610611272291,New Price-Shocked Customers,"{'Risk': 'Very High', 'Strategy': 'Price Reduction', 'Offer': 'Immediately offer 25% price reduction or downgrade to affordable plan', 'Action': 'Trigger automated discount coupon within 48 hours of signup'}",Very High
0,1,0,0,1,1,0,1,0,0,0,0,2,0,0,0,2,78.45,78.45,1,4.375127892982725,2,3,-0.9528327692103403,0.6824540801584053,New Price-Shocked Customers,"{'Risk': 'Very High', 'Strategy': 'Price Reduction', 'Offer': 'Immediately offer 25% price reduction or downgrade to affordable plan', 'Action': 'Trigger automated discount coupon within 48 hours of signup'}",Very High
1,0,0,0,10,0,1,0,0,0,2,0,0,0,0,0,3,29.5,255.25,1,5.546153530452618,2,0,-1.5213378932117665,-1.276417136937791,New Low-Value Customers,"{'Risk': 'Medium', 'Strategy': 'Onboarding Support', 'Offer': 'Provide free onboarding assistance and offer a 10% discount on first 3 months', 'Action': 'Assign dedicated support agent for first 30 days'}",Medium
0,0,0,0,2,1,0,0,2,0,0,0,2,2,0,1,2,70.75,146.9,1,4.996536369716754,2,3,-1.0415008784153745,0.3786115990531187,New Price-Shocked Customers,"{'Risk': 'Very High', 'Strategy': 'Price Reduction', 'Offer': 'Immediately offer 25% price reduction or downgrade to affordable plan', 'Action': 'Trigger automated discount coupon within 48 hours of signup'}",Very High
0,1,0,0,9,1,2,1,0,0,0,0,0,2,0,1,2,84.45,762.5,1,6.637913124658687,2,3,-0.3572684762324987,0.6417653301586018,New Price-Shocked Customers,"{'Risk': 'Very High', 'Strategy': 'Price Reduction', 'Offer': 'Immediately offer 25% price reduction or downgrade to affordable plan', 'Action': 'Trigger automated discount coupon within 48 hours of signup'}",Very High
1,0,0,0,4,1,2,1,0,0,0,0,0,2,0,1,2,85.65,338.9,1,5.828651456702071,2,3,-0.6360049396755957,0.8429162763764411,New Price-Shocked Customers,"{'Risk': 'Very High', 'Strategy': 'Price Reduction', 'Offer': 'Immediately offer 25% price reduction or downgrade to affordable plan', 'Action': 'Trigger automated discount coupon within 48 hours of signup'}",Very High
1,1,0,0,38,1,0,0,0,2,2,2,2,0,1,1,1,70.15,2497.35,1,7.823385792960413,0,4,0.8772556361644127,-0.7016441279473615,Mid-Tenure Low Spenders,"{'Risk': 'Medium', 'Strategy': 'Upsell + Retain', 'Offer': 'Offer bundled services upgrade at same price point', 'Action': 'Send monthly value report showing benefits they are missing'}",Medium
1,1,0,0,51,1,2,1,0,0,2,0,2,2,0,1,2,97.8,4913.3,1,8.499904601278695,0,1,2.621792831127748,-0.2833385453024475,Loyal Premium Customers,"{'Risk': 'Very High', 'Strategy': 'Loyalty Reward', 'Offer': 'Offer exclusive VIP loyalty program with 20% discount and priority support', 'Action': 'Personal call from retention team within 24 hours'}",Very High
1,0,0,0,1,1,0,0,0,0,0,0,0,0,0,0,3,46.3,46.3,1,3.856510295497887,2,0,-1.56230327877903,-0.4580670761100303,New Low-Value Customers,"{'Risk': 'Medium', 'Strategy': 'Onboarding Support', 'Offer': 'Provide free onboarding assistance and offer a 10% discount on first 3 months', 'Action': 'Assign dedicated support agent for first 30 days'}",Medium
0,0,0,0,41,1,2,1,0,2,2,0,2,2,0,1,2,106.3,4443.45,1,8.399411405759073,0,1,2.3061871759198347,0.29190703287472836,Loyal Premium Customers,"{'Risk': 'Very High', 'Strategy': 'Loyalty Reward', 'Offer': 'Offer exclusive VIP loyalty program with 20% discount and priority support', 'Action': 'Personal call from retention team within 24 hours'}",Very High
0,0,0,0,12,1,0,1,0,0,2,2,0,2,0,1,2,89.4,1095.65,1,7.000015357407435,2,3,-0.057610294231783515,0.7136360905572708,New Price-Shocked Customers,"{'Risk': 'Very High', 'Strategy': 'Price Reduction', 'Offer': 'Immediately offer 25% price reduction or downgrade to affordable plan', 'Action': 'Trigger automated discount coupon within 48 hours of signup'}",Very High
0,1,0,0,5,1,2,1,0,0,0,0,2,0,0,1,1,83.15,446.05,1,6.102670445181327,2,3,-0.6147058083365645,0.7196226967926208,New Price-Shocked Customers,"{'Risk': 'Very High', 'Strategy': 'Price Reduction', 'Offer': 'Immediately offer 25% price reduction or downgrade to affordable plan', 'Action': 'Trigger automated discount coupon within 48 hours of signup'}",Very High
1,0,0,0,10,1,2,1,0,0,0,0,0,0,0,1,3,74.15,811.8,1,6.700485076824218,2,3,-0.5008522035492193,0.2476249888399363,New Price-Shocked Customers,"{'Risk': 'Very High', 'Strategy': 'Price Reduction', 'Offer': 'Immediately offer 25% price reduction or downgrade to affordable plan', 'Action': 'Trigger automated discount coupon within 48 hours of signup'}",Very High
0,0,1,0,11,1,2,1,0,0,2,0,2,2,0,1,2,99.5,1056.95,1,6.964088352322298,2,3,0.08585413133263098,1.099417322016137,New Price-Shocked Customers,"{'Risk': 'Very High', 'Strategy': 'Price Reduction', 'Offer': 'Immediately offer 25% price reduction or downgrade to affordable plan', 'Action': 'Trigger automated discount coupon within 48 hours of signup'}",Very High
1,0,0,0,1,1,0,0,0,0,0,0,0,0,0,1,3,44.15,44.15,1,3.8099902798629945,2,0,-1.6030610266973095,-0.5343383198418229,New Low-Value Customers,"{'Risk': 'Medium', 'Strategy': 'Onboarding Support', 'Offer': 'Provide free onboarding assistance and offer a 10% discount on first 3 months', 'Action': 'Assign dedicated support agent for first 30 days'}",Medium
0,0,0,0,16,1,0,0,0,2,0,2,0,0,0,1,3,53.9,834.15,1,6.727611349435956,1,0,-0.6817907951090443,-0.6063610422912316,New Low-Value Customers,"{'Risk': 'Medium', 'Strategy': 'Onboarding Support', 'Offer': 'Provide free onboarding assistance and offer a 10% discount on first 3 months', 'Action': 'Assign dedicated support agent for first 30 days'}",Medium
0,0,0,0,1,1,2,1,0,0,0,0,0,2,0,1,3,85.45,85.45,1,4.4595662121293,2,3,-0.8201331248252447,0.9307790597502884,New Price-Shocked Customers,"{'Risk': 'Very High', 'Strategy': 'Price Reduction', 'Offer': 'Immediately offer 25% price reduction or downgrade to affordable plan', 'Action': 'Trigger automated discount coupon within 48 hours of signup'}",Very High
0,0,1,1,4,1,2,0,0,0,0,0,0,0,0,0,3,50.85,239.55,1,5.482927968145463,2,0,-1.3176594404418187,-0.384058221324542,New Low-Value Customers,"{'Risk': 'Medium', 'Strategy': 'Onboarding Support', 'Offer': 'Provide free onboarding assistance and offer a 10% discount on first 3 months', 'Action': 'Assign dedicated support agent for first 30 days'}",Medium
0,0,0,1,1,1,0,0,0,0,2,0,0,2,0,0,2,59.2,59.2,1,4.097672352314776,2,0,-1.3177567912693537,-0.00043961371927369203,New Low-Value Customers,"{'Risk': 'Medium', 'Strategy': 'Onboarding Support', 'Offer': 'Provide free onboarding assistance and offer a 10% discount on first 3 months', 'Action': 'Assign dedicated support agent for first 30 days'}",Medium
1,0,0,0,13,1,0,1,0,0,2,0,2,0,0,1,2,83.2,1060.6,1,6.967532483017997,1,3,-0.15354389953607028,0.47529606771800864,New Price-Shocked Customers,"{'Risk': 'Very High', 'Strategy': 'Price Reduction', 'Offer': 'Immediately offer 25% price reduction or downgrade to affordable plan', 'Action': 'Trigger automated discount coupon within 48 hours of signup'}",Very High
0,0,0,0,1,1,0,0,2,2,0,0,0,0,0,1,2,54.9,54.9,1,4.023564380161053,2,0,-1.3992722871059124,-0.1529821011828593,New Low-Value Customers,"{'Risk': 'Medium', 'Strategy': 'Onboarding Support', 'Offer': 'Provide free onboarding assistance and offer a 10% discount on first 3 months', 'Action': 'Assign dedicated support agent for first 30 days'}",Medium
0,0,1,0,21,1,2,1,2,0,2,0,2,2,0,1,2,103.9,2254.2,1,7.720993939799903,1,2,0.8889439918871426,0.8981689366515961,Mid-Tenure High Spenders,"{'Risk': 'High', 'Strategy': 'Value Enhancement', 'Offer': 'Upgrade to annual contract with 15% discount and free add-on services', 'Action': 'Send personalized email with tailored upgrade offer'}",High
0,0,1,1,11,1,0,2,1,1,1,1,1,1,0,1,3,19.25,180.3,1,5.200153117760806,2,0,-1.7062371085809211,-1.65423475358269,New Low-Value Customers,"{'Risk': 'Medium', 'Strategy': 'Onboarding Support', 'Offer': 'Provide free onboarding assistance and offer a 10% discount on first 3 months', 'Action': 'Assign dedicated support agent for first 30 days'}",Medium
0,1,0,0,2,1,2,1,0,0,0,0,0,0,0,1,3,75.45,158.4,1,5.071416766356115,2,3,-0.9500904723050382,0.5445481639605594,New Price-Shocked Customers,"{'Risk': 'Very High', 'Strategy': 'Price Reduction', 'Offer': 'Immediately offer 25% price reduction or downgrade to affordable plan', 'Action': 'Trigger automated discount coupon within 48 hours of signup'}",Very High
0,1,0,0,2,1,0,0,2,2,0,0,0,0,0,0,3,54.85,104.2,1,4.65586330030361,2,0,-1.3520309315764873,-0.18230398793672697,New Low-Value Customers,"{'Risk': 'Medium', 'Strategy': 'Onboarding Support', 'Offer': 'Provide free onboarding assistance and offer a 10% discount on first 3 months', 'Action': 'Assign dedicated support agent for first 30 days'}",Medium
1,1,1,0,1,1,2,1,0,0,0,0,2,2,0,1,2,95.1,95.1,1,4.565389315976247,2,3,-0.637197186494363,1.2731127816162418,New Price-Shocked Customers,"{'Risk': 'Very High', 'Strategy': 'Price Reduction', 'Offer': 'Immediately offer 25% price reduction or downgrade to affordable plan', 'Action': 'Trigger automated discount coupon within 48 hours of signup'}",Very High
1,0,1,0,6,1,2,1,0,0,0,0,0,0,0,1,2,75.5,438.0,1,6.0844994130751715,2,3,-0.7284538898113694,0.42651393354184924,New Price-Shocked Customers,"{'Risk': 'Very High', 'Strategy': 'Price Reduction', 'Offer': 'Immediately offer 25% price reduction or downgrade to affordable plan', 'Action': 'Trigger automated discount coupon within 48 hours of signup'}",Very High
0,0,1,1,4,1,0,1,0,0,2,0,0,0,0,1,2,73.75,325.45,1,5.788276797632642,2,3,-0.8621213518729418,0.4209452343282465,New Price-Shocked Customers,"{'Risk': 'Very High', 'Strategy': 'Price Reduction', 'Offer': 'Immediately offer 25% price reduction or downgrade to affordable plan', 'Action': 'Trigger automated discount coupon within 48 hours of signup'}",Very High
1,0,0,0,12,1,2,1,0,0,0,0,2,2,0,1,2,96.05,1148.1,1,7.046734306263588,2,3,0.08402686265334483,0.9441840565136073,New Price-Shocked Customers,"{'Risk': 'Very High', 'Strategy': 'Price Reduction', 'Offer': 'Immediately offer 25% price reduction or downgrade to affordable plan', 'Action': 'Trigger automated discount coupon within 48 hours of signup'}",Very High
0,0,0,0,4,1,2,1,0,2,0,0,0,2,0,1,2,88.95,355.2,1,5.875492370855561,2,3,-0.5690263954715453,0.9584621523334764,New Price-Shocked Customers,"{'Risk': 'Very High', 'Strategy': 'Price Reduction', 'Offer': 'Immediately offer 25% price reduction or downgrade to affordable plan', 'Action': 'Trigger automated discount coupon within 48 hours of signup'}",Very High
0,0,0,0,4,1,0,0,0,2,0,0,0,0,0,0,1,50.7,151.3,1,5.025852259901116,2,0,-1.3504579558825869,-0.3790676069966268,New Low-Value Customers,"{'Risk': 'Medium', 'Strategy': 'Onboarding Support', 'Offer': 'Provide free onboarding assistance and offer a 10% discount on first 3 months', 'Action': 'Assign dedicated support agent for first 30 days'}",Medium
1,0,0,0,3,1,0,0,0,0,0,0,2,0,0,0,1,53.4,188.7,1,5.245443876940969,2,0,-1.3188851095807208,-0.2655748004432043,New Low-Value Customers,"{'Risk': 'Medium', 'Strategy': 'Onboarding Support', 'Offer': 'Provide free onboarding assistance and offer a 10% discount on first 3 months', 'Action': 'Assign dedicated support agent for first 30 days'}",Medium
1,1,1,0,53,1,2,1,0,2,0,0,2,2,0,1,2,101.9,5549.4,1,8.621625276215486,0,1,2.977223089380889,-0.2554086365358257,Loyal Premium Customers,"{'Risk': 'Very High', 'Strategy': 'Loyalty Reward', 'Offer': 'Offer exclusive VIP loyalty program with 20% discount and priority support', 'Action': 'Personal call from retention team within 24 hours'}",Very High
0,0,1,1,68,1,2,1,0,0,0,0,2,0,1,1,2,83.0,5685.8,1,8.645902978761542,0,1,3.142882883051117,-1.2706413383018893,Loyal Premium Customers,"{'Risk': 'Very High', 'Strategy': 'Loyalty Reward', 'Offer': 'Offer exclusive VIP loyalty program with 20% discount and priority support', 'Action': 'Personal call from retention team within 24 hours'}",Very High
1,0,0,1,1,1,0,0,2,0,0,0,0,0,0,0,3,50.6,50.6,1,3.9435216724875173,2,0,-1.4807877829424714,-0.30552458864644455,New Low-Value Customers,"{'Risk': 'Medium', 'Strategy': 'Onboarding Support', 'Offer': 'Provide free onboarding assistance and offer a 10% discount on first 3 months', 'Action': 'Assign dedicated support agent for first 30 days'}",Medium
1,0,0,0,10,1,0,1,0,0,0,0,2,2,0,1,2,89.5,863.1,1,6.7616885028473535,2,3,-0.19763745218252396,0.7879583449747186,New Price-Shocked Customers,"{'Risk': 'Very High', 'Strategy': 'Price Reduction', 'Offer': 'Immediately offer 25% price reduction or downgrade to affordable plan', 'Action': 'Trigger automated discount coupon within 48 hours of signup'}",Very High
1,0,0,0,1,1,0,1,0,0,0,0,0,0,0,1,2,69.8,69.8,1,4.259859000699674,2,3,-1.1168116154862089,0.3755953553770065,New Price-Shocked Customers,"{'Risk': 'Very High', 'Strategy': 'Price Reduction', 'Offer': 'Immediately offer 25% price reduction or downgrade to affordable plan', 'Action': 'Trigger automated discount coupon within 48 hours of signup'}",Very High
1,1,1,0,51,1,2,1,2,0,2,0,2,0,0,1,0,93.8,4750.95,1,8.466310339101604,0,1,2.492123752453562,-0.4067040995081324,Loyal Premium Customers,"{'Risk': 'Very High', 'Strategy': 'Loyalty Reward', 'Offer': 'Offer exclusive VIP loyalty program with 20% discount and priority support', 'Action': 'Personal call from retention team within 24 hours'}",Very High
1,0,1,0,24,1,2,1,0,0,2,0,2,2,0,1,2,101.05,2391.8,1,7.7802195073157385,1,2,0.9768998278337235,0.7153103434622454,Mid-Tenure High Spenders,"{'Risk': 'High', 'Strategy': 'Value Enhancement', 'Offer': 'Upgrade to annual contract with 15% discount and free add-on services', 'Action': 'Send personalized email with tailored upgrade offer'}",High
1,0,1,0,18,1,2,1,0,0,0,0,2,2,0,1,2,94.7,1687.95,1,7.431862313054042,1,2,0.4309066966764406,0.7023157048338466,Mid-Tenure High Spenders,"{'Risk': 'High', 'Strategy': 'Value Enhancement', 'Offer': 'Upgrade to annual contract with 15% discount and free add-on services', 'Action': 'Send personalized email with tailored upgrade offer'}",High
1,1,1,0,72,1,2,1,0,2,2,0,2,2,2,1,0,104.15,7689.95,1,8.947799591930734,0,1,4.343705508114538,-0.8395372907863206,Loyal Premium Customers,"{'Risk': 'Very High', 'Strategy': 'Loyalty Reward', 'Offer': 'Offer exclusive VIP loyalty program with 20% discount and priority support', 'Action': 'Personal call from retention team within 24 hours'}",Very High
1,0,1,1,4,1,0,0,0,0,0,2,0,2,0,0,1,61.45,229.55,1,5.440467758652715,2,3,-1.1237184871743358,-0.00561207860571532,New Price-Shocked Customers,"{'Risk': 'Very High', 'Strategy': 'Price Reduction', 'Offer': 'Immediately offer 25% price reduction or downgrade to affordable plan', 'Action': 'Trigger automated discount coupon within 48 hours of signup'}",Very High
1,0,0,0,1,1,0,1,0,0,0,0,2,2,0,1,2,90.55,90.55,1,4.51688527112052,2,3,-0.7234519553446751,1.1117015448815177,New Price-Shocked Customers,"{'Risk': 'Very High', 'Strategy': 'Price Reduction', 'Offer': 'Immediately offer 25% price reduction or downgrade to affordable plan', 'Action': 'Trigger automated discount coupon within 48 hours of signup'}",Very High
0,0,0,0,26,1,0,1,0,0,0,0,2,2,0,1,0,88.8,2274.35,1,7.729889165705791,1,2,0.7717256679511714,0.24951129234984842,Mid-Tenure High Spenders,"{'Risk': 'High', 'Strategy': 'Value Enhancement', 'Offer': 'Upgrade to annual contract with 15% discount and free add-on services', 'Action': 'Send personalized email with tailored upgrade offer'}",High
1,0,0,0,7,1,2,1,0,0,0,0,0,2,0,1,3,85.2,602.55,1,6.402828887147136,2,3,-0.4605097471629225,0.730724782091583,New Price-Shocked Customers,"{'Risk': 'Very High', 'Strategy': 'Price Reduction', 'Offer': 'Immediately offer 25% price reduction or downgrade to affordable plan', 'Action': 'Trigger automated discount coupon within 48 hours of signup'}",Very High
1,1,0,0,5,1,0,1,0,0,0,0,2,2,0,1,2,91.4,449.75,1,6.110912862083427,2,3,-0.4598568480305785,1.012823987787896,New Price-Shocked Customers,"{'Risk': 'Very High', 'Strategy': 'Price Reduction', 'Offer': 'Immediately offer 25% price reduction or downgrade to affordable plan', 'Action': 'Trigger automated discount coupon within 48 hours of signup'}",Very High
1,0,1,0,42,1,2,1,0,0,2,2,2,2,0,1,0,106.15,4512.7,1,8.414872495266398,0,1,2.358350038818468,0.2566908487846357,Loyal Premium Customers,"{'Risk': 'Very High', 'Strategy': 'Loyalty Reward', 'Offer': 'Offer exclusive VIP loyalty program with 20% discount and priority support', 'Action': 'Personal call from retention team within 24 hours'}",Very High
0,0,0,0,4,1,0,0,0,0,0,0,0,0,0,1,3,45.3,196.95,1,5.288014473552139,2,0,-1.4354687015512846,-0.5766078540411348,New Low-Value Customers,"{'Risk': 'Medium', 'Strategy': 'Onboarding Support', 'Offer': 'Provide free onboarding assistance and offer a 10% discount on first 3 months', 'Action': 'Assign dedicated support agent for first 30 days'}",Medium
1,0,0,0,2,1,2,1,0,0,0,0,0,0,0,1,1,73.25,131.05,1,4.883180638743141,2,3,-1.0003473464896075,0.4694469090447835,New Price-Shocked Customers,"{'Risk': 'Very High', 'Strategy': 'Price Reduction', 'Offer': 'Immediately offer 25% price reduction or downgrade to affordable plan', 'Action': 'Trigger automated discount coupon within 48 hours of signup'}",Very High
1,0,1,1,8,1,0,0,0,0,2,0,0,0,0,1,2,51.05,415.05,1,6.030805445346439,2,0,-1.1286254202203723,-0.4845690249887998,New Low-Value Customers,"{'Risk': 'Medium', 'Strategy': 'Onboarding Support', 'Offer': 'Provide free onboarding assistance and offer a 10% discount on first 3 months', 'Action': 'Assign dedicated support agent for first 30 days'}",Medium
0,0,1,1,9,1,2,1,0,0,0,0,2,0,0,1,0,85.35,754.65,1,6.6275783060161295,2,3,-0.34318218789813437,0.6747169910879668,New Price-Shocked Customers,"{'Risk': 'Very High', 'Strategy': 'Price Reduction', 'Offer': 'Immediately offer 25% price reduction or downgrade to affordable plan', 'Action': 'Trigger automated discount coupon within 48 hours of signup'}",Very High
1,1,0,0,1,1,2,1,0,0,0,0,0,0,0,1,2,75.35,75.35,1,4.335328031664641,2,3,-1.011599754580883,0.5724815891962852,New Price-Shocked Customers,"{'Risk': 'Very High', 'Strategy': 'Price Reduction', 'Offer': 'Immediately offer 25% price reduction or downgrade to affordable plan', 'Action': 'Trigger automated discount coupon within 48 hours of signup'}",Very High
1,0,0,0,43,1,0,1,2,0,0,0,0,0,0,1,2,75.2,3198.6,1,8.070781080974667,0,2,1.3667528565411848,-0.7128429696274644,Mid-Tenure High Spenders,"{'Risk': 'High', 'Strategy': 'Value Enhancement', 'Offer': 'Upgrade to annual contract with 15% discount and free add-on services', 'Action': 'Send personalized email with tailored upgrade offer'}",High
0,0,0,0,1,1,0,2,1,1,1,1,1,1,0,0,3,20.9,20.9,1,3.086486636822455,2,0,-2.043813416976377,-1.359132002057721,New Low-Value Customers,"{'Risk': 'Medium', 'Strategy': 'Onboarding Support', 'Offer': 'Provide free onboarding assistance and offer a 10% discount on first 3 months', 'Action': 'Assign dedicated support agent for first 30 days'}",Medium
1,0,0,0,3,1,0,0,0,0,0,0,0,0,0,1,2,43.3,123.65,1,4.825509809969567,2,0,-1.5290353328914867,-0.6174405238826969,New Low-Value Customers,"{'Risk': 'Medium', 'Strategy': 'Onboarding Support', 'Offer': 'Provide free onboarding assistance and offer a 10% discount on first 3 months', 'Action': 'Assign dedicated support agent for first 30 days'}",Medium
1,0,1,0,70,1,0,1,2,2,2,2,2,2,1,1,0,109.5,7534.65,1,8.927400371440925,0,1,4.327683861177264,-0.5873987046275495,Loyal Premium Customers,"{'Risk': 'Very High', 'Strategy': 'Loyalty Reward', 'Offer': 'Offer exclusive VIP loyalty program with 20% discount and priority support', 'Action': 'Personal call from retention team within 24 hours'}",Very High
0,1,0,0,11,1,2,1,0,0,0,0,0,2,0,1,1,84.8,906.85,1,6.811079166716676,2,3,-0.2388525844304706,0.5937830643145784,New Price-Shocked Customers,"{'Risk': 'Very High', 'Strategy': 'Price Reduction', 'Offer': 'Immediately offer 25% price reduction or downgrade to affordable plan', 'Action': 'Trigger automated discount coupon within 48 hours of signup'}",Very High
0,1,1,0,50,1,2,1,0,2,2,0,2,0,0,1,2,95.05,4888.7,1,8.494886230893696,0,1,2.5308219148918916,-0.35656545012416896,Loyal Premium Customers,"{'Risk': 'Very High', 'Strategy': 'Loyalty Reward', 'Offer': 'Offer exclusive VIP loyalty program with 20% discount and priority support', 'Action': 'Personal call from retention team within 24 hours'}",Very High
1,1,0,0,5,1,0,0,0,0,2,0,0,0,0,0,2,50.35,237.25,1,5.473320542534312,2,0,-1.2963403288456994,-0.4233568892522244,New Low-Value Customers,"{'Risk': 'Medium', 'Strategy': 'Onboarding Support', 'Offer': 'Provide free onboarding assistance and offer a 10% discount on first 3 months', 'Action': 'Assign dedicated support agent for first 30 days'}",Medium
1,0,1,0,1,1,2,1,0,0,0,0,0,0,0,1,0,74.6,74.6,1,4.3254562831854875,2,3,-1.0258175736221433,0.5458753413828692,New Price-Shocked Customers,"{'Risk': 'Very High', 'Strategy': 'Price Reduction', 'Offer': 'Immediately offer 25% price reduction or downgrade to affordable plan', 'Action': 'Trigger automated discount coupon within 48 hours of signup'}",Very High
1,0,0,0,16,1,0,2,1,1,1,1,1,1,0,1,3,19.7,342.4,1,5.838895948463375,1,0,-1.4856952857226093,-1.7660509672919338,New Low-Value Customers,"{'Risk': 'Medium', 'Strategy': 'Onboarding Support', 'Offer': 'Provide free onboarding assistance and offer a 10% discount on first 3 months', 'Action': 'Assign dedicated support agent for first 30 days'}",Medium
0,0,0,0,15,1,0,0,0,0,2,0,0,2,0,1,2,59.45,892.65,1,6.795314199636388,1,3,-0.5899850393187952,-0.39390060660078247,New Price-Shocked Customers,"{'Risk': 'Very High', 'Strategy': 'Price Reduction', 'Offer': 'Immediately offer 25% price reduction or downgrade to affordable plan', 'Action': 'Trigger automated discount coupon within 48 hours of signup'}",Very High
0,0,0,1,46,1,0,1,2,2,0,2,2,2,1,1,0,105.2,4822.85,1,8.481327643396213,0,1,2.5717568700517424,0.09948878012645163,Loyal Premium Customers,"{'Risk': 'Very High', 'Strategy': 'Loyalty Reward', 'Offer': 'Offer exclusive VIP loyalty program with 20% discount and priority support', 'Action': 'Personal call from retention team within 24 hours'}",Very High
1,0,0,0,8,1,0,0,0,0,0,0,0,0,0,1,3,45.15,438.4,1,6.08541015995051,2,0,-1.2305269473943163,-0.6972951402371621,New Low-Value Customers,"{'Risk': 'Medium', 'Strategy': 'Onboarding Support', 'Offer': 'Provide free onboarding assistance and offer a 10% discount on first 3 months', 'Action': 'Assign dedicated support agent for first 30 days'}",Medium
1,0,1,0,31,1,2,1,0,2,2,0,2,0,0,0,2,93.8,3019.5,1,8.013177659578796,1,2,1.275218508461278,0.23139447359654167,Mid-Tenure High Spenders,"{'Risk': 'High', 'Strategy': 'Value Enhancement', 'Offer': 'Upgrade to annual contract with 15% discount and free add-on services', 'Action': 'Send personalized email with tailored upgrade offer'}",High
1,0,0,0,32,1,0,1,0,0,0,2,2,2,0,1,2,96.2,3183.4,1,8.066019167214423,1,2,1.4070369509396374,0.2758594791285438,Mid-Tenure High Spenders,"{'Risk': 'High', 'Strategy': 'Value Enhancement', 'Offer': 'Upgrade to annual contract with 15% discount and free add-on services', 'Action': 'Send personalized email with tailored upgrade offer'}",High
0,0,0,1,1,1,0,1,0,0,0,0,0,2,0,1,2,79.6,79.6,1,4.389498649512583,2,3,-0.9310321133470748,0.7232503268056429,New Price-Shocked Customers,"{'Risk': 'Very High', 'Strategy': 'Price Reduction', 'Offer': 'Immediately offer 25% price reduction or downgrade to affordable plan', 'Action': 'Trigger automated discount coupon within 48 hours of signup'}",Very High
1,0,0,0,20,1,2,1,0,0,0,0,2,0,0,1,2,85.25,1734.5,1,7.4590508353018405,1,2,0.33362213578699174,0.3169786267254621,Mid-Tenure High Spenders,"{'Risk': 'High', 'Strategy': 'Value Enhancement', 'Offer': 'Upgrade to annual contract with 15% discount and free add-on services', 'Action': 'Send personalized email with tailored upgrade offer'}",High
1,0,0,0,26,1,2,1,0,0,0,2,0,0,0,1,2,80.5,2088.8,1,7.644823646600011,1,2,0.554114889287708,-0.02418455604436732,Mid-Tenure High Spenders,"{'Risk': 'High', 'Strategy': 'Value Enhancement', 'Offer': 'Upgrade to annual contract with 15% discount and free add-on services', 'Action': 'Send personalized email with tailored upgrade offer'}",High
1,1,0,0,5,1,2,1,0,2,0,0,0,2,0,1,2,89.8,502.6,1,6.221782302170192,2,3,-0.47167460716433823,0.9496907689697126,New Price-Shocked Customers,"{'Risk': 'Very High', 'Strategy': 'Price Reduction', 'Offer': 'Immediately offer 25% price reduction or downgrade to affordable plan', 'Action': 'Trigger automated discount coupon within 48 hours of signup'}",Very High
1,0,0,0,1,1,0,0,0,2,0,0,0,0,0,1,2,50.75,50.75,1,3.9464244321454784,2,0,-1.4779442191342194,-0.3002033390837614,New Low-Value Customers,"{'Risk': 'Medium', 'Strategy': 'Onboarding Support', 'Offer': 'Provide free onboarding assistance and offer a 10% discount on first 3 months', 'Action': 'Assign dedicated support agent for first 30 days'}",Medium
0,0,1,1,14,1,0,1,0,2,0,2,0,2,0,1,1,89.65,1208.35,1,7.097838304169856,1,3,0.04818254757012485,0.6657991661597114,New Price-Shocked Customers,"{'Risk': 'Very High', 'Strategy': 'Price Reduction', 'Offer': 'Immediately offer 25% price reduction or downgrade to affordable plan', 'Action': 'Trigger automated discount coupon within 48 hours of signup'}",Very High
1,0,0,0,36,1,0,0,0,2,0,2,0,2,1,1,3,65.4,2498.4,1,7.823805982051684,1,4,0.7263621574196538,-0.8272855293072933,Mid-Tenure Low Spenders,"{'Risk': 'Medium', 'Strategy': 'Upsell + Retain', 'Offer': 'Offer bundled services upgrade at same price point', 'Action': 'Send monthly value report showing benefits they are missing'}",Medium
0,0,0,1,9,1,0,0,0,0,2,2,2,2,0,1,3,72.9,651.4,1,6.4806578707468585,2,3,-0.6100709647802447,0.243681168886581,New Price-Shocked Customers,"{'Risk': 'Very High', 'Strategy': 'Price Reduction', 'Offer': 'Immediately offer 25% price reduction or downgrade to affordable plan', 'Action': 'Trigger automated discount coupon within 48 hours of signup'}",Very High
1,0,0,0,5,0,1,0,2,0,2,2,0,0,0,0,3,40.0,223.45,1,5.413652965227941,2,0,-1.4937192688810632,-0.7901192960192214,New Low-Value Customers,"{'Risk': 'Medium', 'Strategy': 'Onboarding Support', 'Offer': 'Provide free onboarding assistance and offer a 10% discount on first 3 months', 'Action': 'Assign dedicated support agent for first 30 days'}",Medium
1,1,0,0,9,1,2,1,0,2,0,0,2,2,0,1,1,99.45,919.4,1,6.824808358161211,2,3,-0.024664562641640474,1.1572812797745293,New Price-Shocked Customers,"{'Risk': 'Very High', 'Strategy': 'Price Reduction', 'Offer': 'Immediately offer 25% price reduction or downgrade to affordable plan', 'Action': 'Trigger automated discount coupon within 48 hours of signup'}",Very High
0,0,0,0,2,1,0,1,2,2,0,2,0,0,0,1,2,86.25,181.65,1,5.207571753241291,2,3,-0.7411207436293376,0.9262208940465322,New Price-Shocked Customers,"{'Risk': 'Very High', 'Strategy': 'Price Reduction', 'Offer': 'Immediately offer 25% price reduction or downgrade to affordable plan', 'Action': 'Trigger automated discount coupon within 48 hours of signup'}",Very High
0,0,0,0,1,1,0,0,0,0,0,0,0,0,0,1,2,45.65,45.65,1,3.8426729272933526,2,0,-1.574625388614789,-0.4811258242149906,New Low-Value Customers,"{'Risk': 'Medium', 'Strategy': 'Onboarding Support', 'Offer': 'Provide free onboarding assistance and offer a 10% discount on first 3 months', 'Action': 'Assign dedicated support agent for first 30 days'}",Medium
1,0,0,0,8,1,0,1,0,0,0,0,0,0,0,1,3,70.1,551.35,1,6.314181903318284,2,3,-0.7276265500693819,0.1775058778582036,New Price-Shocked Customers,"{'Risk': 'Very High', 'Strategy': 'Price Reduction', 'Offer': 'Immediately offer 25% price reduction or downgrade to affordable plan', 'Action': 'Trigger automated discount coupon within 48 hours of signup'}",Very High
0,1,0,0,2,1,0,1,0,0,0,0,0,0,0,1,0,70.2,115.95,1,4.761746493030188,2,3,-1.0622636074182596,0.36265858745881796,New Price-Shocked Customers,"{'Risk': 'Very High', 'Strategy': 'Price Reduction', 'Offer': 'Immediately offer 25% price reduction or downgrade to affordable plan', 'Action': 'Trigger automated discount coupon within 48 hours of signup'}",Very High
0,0,0,0,3,1,0,0,2,2,0,0,0,0,0,0,2,55.35,165.2,1,5.113191882421348,2,0,-1.2905720549775024,-0.19341970327910873,New Low-Value Customers,"{'Risk': 'Medium', 'Strategy': 'Onboarding Support', 'Offer': 'Provide free onboarding assistance and offer a 10% discount on first 3 months', 'Action': 'Assign dedicated support agent for first 30 days'}",Medium
1,1,1,1,51,1,2,1,0,2,2,0,0,0,0,1,2,84.2,4146.05,1,8.330152517082306,0,1,2.107727238454865,-0.6775858357188002,Loyal Premium Customers,"{'Risk': 'Very High', 'Strategy': 'Loyalty Reward', 'Offer': 'Offer exclusive VIP loyalty program with 20% discount and priority support', 'Action': 'Personal call from retention team within 24 hours'}",Very High
1,0,0,0,2,1,0,0,0,0,0,0,0,0,0,0,3,45.85,81.0,1,4.406719247264253,2,0,-1.527472913456193,-0.49991689055984795,New Low-Value Customers,"{'Risk': 'Medium', 'Strategy': 'Onboarding Support', 'Offer': 'Provide free onboarding assistance and offer a 10% discount on first 3 months', 'Action': 'Assign dedicated support agent for first 30 days'}",Medium
1,0,0,0,39,1,2,1,0,0,0,0,0,0,0,0,2,75.25,3017.65,1,8.012564990558198,0,2,1.180520047763624,-0.6027962472916549,Mid-Tenure High Spenders,"{'Risk': 'High', 'Strategy': 'Value Enhancement', 'Offer': 'Upgrade to annual contract with 15% discount and free add-on services', 'Action': 'Send personalized email with tailored upgrade offer'}",High
0,0,0,0,12,1,2,1,0,0,2,0,2,2,0,1,0,100.15,1164.3,1,7.060733843579218,2,3,0.16586507077984824,1.0882152726751944,New Price-Shocked Customers,"{'Risk': 'Very High', 'Strategy': 'Price Reduction', 'Offer': 'Immediately offer 25% price reduction or downgrade to affordable plan', 'Action': 'Trigger automated discount coupon within 48 hours of signup'}",Very High
1,1,1,1,26,1,2,1,0,2,2,0,2,2,0,0,2,105.75,2710.25,1,7.9051650621410845,1,2,1.2354959036689273,0.8017755420026749,Mid-Tenure High Spenders,"{'Risk': 'High', 'Strategy': 'Value Enhancement', 'Offer': 'Upgrade to annual contract with 15% discount and free add-on services', 'Action': 'Send personalized email with tailored upgrade offer'}",High
0,1,1,0,18,0,1,0,0,0,2,0,2,2,0,1,2,48.35,810.7,1,6.69913081376713,1,0,-0.7302694952318732,-0.8446958390171256,New Low-Value Customers,"{'Risk': 'Medium', 'Strategy': 'Onboarding Support', 'Offer': 'Provide free onboarding assistance and offer a 10% discount on first 3 months', 'Action': 'Assign dedicated support agent for first 30 days'}",Medium
0,0,1,1,2,0,1,0,0,0,0,0,0,0,0,1,3,24.4,36.55,1,3.6256733782101436,2,0,-1.9419227864760533,-1.258163490969248,New Low-Value Customers,"{'Risk': 'Medium', 'Strategy': 'Onboarding Support', 'Offer': 'Provide free onboarding assistance and offer a 10% discount on first 3 months', 'Action': 'Assign dedicated support agent for first 30 days'}",Medium
0,0,0,0,4,1,0,2,1,1,1,1,1,1,0,0,0,20.95,85.5,1,4.460144413937834,2,0,-1.9266888339216526,-1.4302292164226749,New Low-Value Customers,"{'Risk': 'Medium', 'Strategy': 'Onboarding Support', 'Offer': 'Provide free onboarding assistance and offer a 10% discount on first 3 months', 'Action': 'Assign dedicated support agent for first 30 days'}",Medium
0,1,1,0,1,1,0,0,2,0,0,0,0,0,0,1,2,49.55,49.55,1,3.9229629454664803,2,0,-1.5006927296002357,-0.3427733355852271,New Low-Value Customers,"{'Risk': 'Medium', 'Strategy': 'Onboarding Support', 'Offer': 'Provide free onboarding assistance and offer a 10% discount on first 3 months', 'Action': 'Assign dedicated support agent for first 30 days'}",Medium
1,0,0,0,9,1,0,2,1,1,1,1,1,1,0,0,3,20.25,178.5,1,5.190175207928333,2,0,-1.7510514009042395,-1.5748883152426505,New Low-Value Customers,"{'Risk': 'Medium', 'Strategy': 'Onboarding Support', 'Offer': 'Provide free onboarding assistance and offer a 10% discount on first 3 months', 'Action': 'Assign dedicated support agent for first 30 days'}",Medium
0,1,1,0,2,1,0,0,0,2,0,0,0,0,0,0,1,50.15,115.1,1,4.754451888703846,2,0,-1.4358250957280454,-0.35086241154052866,New Low-Value Customers,"{'Risk': 'Medium', 'Strategy': 'Onboarding Support', 'Offer': 'Provide free onboarding assistance and offer a 10% discount on first 3 months', 'Action': 'Assign dedicated support agent for first 30 days'}",Medium
1,1,1,0,29,1,2,1,0,2,2,0,0,2,0,1,2,95.9,2745.2,1,7.917973416887651,1,2,1.1582300620448263,0.3817875399494295,Mid-Tenure High Spenders,"{'Risk': 'High', 'Strategy': 'Value Enhancement', 'Offer': 'Upgrade to annual contract with 15% discount and free add-on services', 'Action': 'Send personalized email with tailored upgrade offer'}",High
0,1,0,0,1,0,1,0,0,0,0,0,0,0,0,0,2,25.25,25.25,1,3.2676659890376327,2,0,-1.961350066537068,-1.2048157647399076,New Low-Value Customers,"{'Risk': 'Medium', 'Strategy': 'Onboarding Support', 'Offer': 'Provide free onboarding assistance and offer a 10% discount on first 3 months', 'Action': 'Assign dedicated support agent for first 30 days'}",Medium
0,0,0,0,9,1,0,0,0,0,0,0,0,0,0,0,2,45.15,416.45,1,6.03416477664001,2,0,-1.206580507425573,-0.7164978072684746,New Low-Value Customers,"{'Risk': 'Medium', 'Strategy': 'Onboarding Support', 'Offer': 'Provide free onboarding assistance and offer a 10% discount on first 3 months', 'Action': 'Assign dedicated support agent for first 30 days'}",Medium
0,0,1,1,50,1,2,1,0,0,0,0,2,0,0,1,0,84.4,4116.15,1,8.32291645540301,0,1,2.069874654667017,-0.6451958592194341,Loyal Premium Customers,"{'Risk': 'Very High', 'Strategy': 'Loyalty Reward', 'Offer': 'Offer exclusive VIP loyalty program with 20% discount and priority support', 'Action': 'Personal call from retention team within 24 hours'}",Very High
0,0,0,0,1,1,2,1,0,0,0,0,0,0,0,1,2,75.1,75.1,1,4.33204826486764,2,3,-1.0163390275946365,0.5636128399251465,New Price-Shocked Customers,"{'Risk': 'Very High', 'Strategy': 'Price Reduction', 'Offer': 'Immediately offer 25% price reduction or downgrade to affordable plan', 'Action': 'Trigger automated discount coupon within 48 hours of signup'}",Very High
0,0,1,0,54,1,2,0,0,0,0,0,2,2,1,1,1,70.15,3715.65,1,8.220578003905167,0,4,1.7940456289813764,-1.192592480088476,Mid-Tenure Low Spenders,"{'Risk': 'Medium', 'Strategy': 'Upsell + Retain', 'Offer': 'Offer bundled services upgrade at same price point', 'Action': 'Send monthly value report showing benefits they are missing'}",Medium
1,0,0,0,42,1,2,1,0,2,0,0,2,2,0,1,2,101.75,4273.45,1,8.36041071812334,0,1,2.1950872969898425,0.12808941138225444,Loyal Premium Customers,"{'Risk': 'Very High', 'Strategy': 'Loyalty Reward', 'Offer': 'Offer exclusive VIP loyalty program with 20% discount and priority support', 'Action': 'Personal call from retention team within 24 hours'}",Very High
0,0,0,0,1,1,0,0,0,0,0,0,0,0,0,0,2,45.8,45.8,1,3.845883202923601,2,0,-1.5717818248065372,-0.4758045746523076,New Low-Value Customers,"{'Risk': 'Medium', 'Strategy': 'Onboarding Support', 'Offer': 'Provide free onboarding assistance and offer a 10% discount on first 3 months', 'Action': 'Assign dedicated support agent for first 30 days'}",Medium
1,0,0,0,1,1,0,2,1,1,1,1,1,1,0,1,3,20.1,20.1,1,3.0492730404820207,2,0,-2.058979090620388,-1.3875119997253642,New Low-Value Customers,"{'Risk': 'Medium', 'Strategy': 'Onboarding Support', 'Offer': 'Provide free onboarding assistance and offer a 10% discount on first 3 months', 'Action': 'Assign dedicated support agent for first 30 days'}",Medium
1,0,1,0,9,0,1,0,0,0,0,2,2,0,0,0,3,40.65,328.95,1,5.798941127829431,2,0,-1.3201083182168216,-0.8664203713008475,New Low-Value Customers,"{'Risk': 'Medium', 'Strategy': 'Onboarding Support', 'Offer': 'Provide free onboarding assistance and offer a 10% discount on first 3 months', 'Action': 'Assign dedicated support agent for first 30 days'}",Medium
1,1,1,0,46,1,2,1,0,0,2,0,2,2,0,1,2,101.0,4680.05,1,8.45127772272134,0,1,2.4450115863007444,-0.03328345694494472,Loyal Premium Customers,"{'Risk': 'Very High', 'Strategy': 'Loyalty Reward', 'Offer': 'Offer exclusive VIP loyalty program with 20% discount and priority support', 'Action': 'Personal call from retention team within 24 hours'}",Very High
1,0,0,0,1,1,0,1,0,0,0,0,0,0,0,1,2,69.1,69.1,1,4.249922794040544,2,3,-1.1300815799247186,0.3507628574178181,New Price-Shocked Customers,"{'Risk': 'Very High', 'Strategy': 'Price Reduction', 'Offer': 'Immediately offer 25% price reduction or downgrade to affordable plan', 'Action': 'Trigger automated discount coupon within 48 hours of signup'}",Very High
0,0,0,0,13,1,2,1,0,0,0,0,0,0,0,1,3,75.0,999.45,1,6.908205177762502,1,3,-0.3269956263388479,0.1905987442127093,New Price-Shocked Customers,"{'Risk': 'Very High', 'Strategy': 'Price Reduction', 'Offer': 'Immediately offer 25% price reduction or downgrade to affordable plan', 'Action': 'Trigger automated discount coupon within 48 hours of signup'}",Very High
1,0,1,1,19,1,0,1,0,2,0,2,2,2,1,0,0,100.0,1888.65,1,7.544146905719609,1,2,0.6292270722930262,0.8456902996875464,Mid-Tenure High Spenders,"{'Risk': 'High', 'Strategy': 'Value Enhancement', 'Offer': 'Upgrade to annual contract with 15% discount and free add-on services', 'Action': 'Send personalized email with tailored upgrade offer'}",High
0,1,0,0,1,1,0,1,0,0,0,0,0,0,0,1,2,71.15,71.15,1,4.27874728521988,2,3,-1.0912195412119403,0.4234866014411557,New Price-Shocked Customers,"{'Risk': 'Very High', 'Strategy': 'Price Reduction', 'Offer': 'Immediately offer 25% price reduction or downgrade to affordable plan', 'Action': 'Trigger automated discount coupon within 48 hours of signup'}",Very High
0,0,0,0,24,0,1,0,0,2,2,0,2,2,0,1,1,54.15,1240.25,1,7.123874215359383,1,4,-0.28778072167875596,-0.8191707604759095,Mid-Tenure Low Spenders,"{'Risk': 'Medium', 'Strategy': 'Upsell + Retain', 'Offer': 'Offer bundled services upgrade at same price point', 'Action': 'Send monthly value report showing benefits they are missing'}",Medium
0,0,1,1,67,1,2,1,2,0,2,2,2,2,2,1,1,108.75,7156.2,1,8.875874122017708,0,1,4.090814931121913,-0.5044806377411836,Loyal Premium Customers,"{'Risk': 'Very High', 'Strategy': 'Loyalty Reward', 'Offer': 'Offer exclusive VIP loyalty program with 20% discount and priority support', 'Action': 'Personal call from retention team within 24 hours'}",Very High
0,0,1,0,6,1,0,0,0,0,0,2,0,0,0,1,2,49.15,270.8,1,5.605066501717044,2,0,-1.2758637868848153,-0.49176613261016644,New Low-Value Customers,"{'Risk': 'Medium', 'Strategy': 'Onboarding Support', 'Offer': 'Provide free onboarding assistance and offer a 10% discount on first 3 months', 'Action': 'Assign dedicated support agent for first 30 days'}",Medium
1,0,0,1,20,1,0,2,1,1,1,1,1,1,0,1,2,19.4,374.5,1,5.928258471204189,1,0,-1.354727355096054,-1.8675732155828444,New Low-Value Customers,"{'Risk': 'Medium', 'Strategy': 'Onboarding Support', 'Offer': 'Provide free onboarding assistance and offer a 10% discount on first 3 months', 'Action': 'Assign dedicated support agent for first 30 days'}",Medium
0,1,0,0,20,1,2,1,2,0,0,0,0,0,0,1,2,79.15,1520.9,1,7.327714833240754,1,2,0.1474316328921904,0.12486845162998657,Mid-Tenure High Spenders,"{'Risk': 'High', 'Strategy': 'Value Enhancement', 'Offer': 'Upgrade to annual contract with 15% discount and free add-on services', 'Action': 'Send personalized email with tailored upgrade offer'}",High
1,1,1,0,46,1,0,1,0,0,0,0,0,2,0,1,2,80.4,3605.2,1,8.190409865342268,0,2,1.6960391022423753,-0.640671319626122,Mid-Tenure High Spenders,"{'Risk': 'High', 'Strategy': 'Value Enhancement', 'Offer': 'Upgrade to annual contract with 15% discount and free add-on services', 'Action': 'Send personalized email with tailored upgrade offer'}",High
0,0,1,0,11,1,2,1,0,2,0,0,2,2,0,1,2,102.0,1145.35,1,7.044338260768671,2,3,0.16245378933887275,1.1780504548160327,New Price-Shocked Customers,"{'Risk': 'Very High', 'Strategy': 'Price Reduction', 'Offer': 'Immediately offer 25% price reduction or downgrade to affordable plan', 'Action': 'Trigger automated discount coupon within 48 hours of signup'}",Very High
0,0,0,0,2,1,0,2,1,1,1,1,1,1,0,0,3,20.65,38.7,1,3.681351187693145,2,0,-2.0110058179521406,-1.391885308889388,New Low-Value Customers,"{'Risk': 'Medium', 'Strategy': 'Onboarding Support', 'Offer': 'Provide free onboarding assistance and offer a 10% discount on first 3 months', 'Action': 'Assign dedicated support agent for first 30 days'}",Medium
0,0,0,0,1,1,0,1,0,0,0,0,0,0,0,1,3,70.8,70.8,1,4.273884476054178,2,3,-1.0978545234311952,0.4110703524615612,New Price-Shocked Customers,"{'Risk': 'Very High', 'Strategy': 'Price Reduction', 'Offer': 'Immediately offer 25% price reduction or downgrade to affordable plan', 'Action': 'Trigger automated discount coupon within 48 hours of signup'}",Very High
1,0,0,0,16,1,2,1,0,0,0,2,0,2,0,1,1,89.05,1448.6,1,7.2790429352887145,1,3,0.18151924806755382,0.5727796256414964,New Price-Shocked Customers,"{'Risk': 'Very High', 'Strategy': 'Price Reduction', 'Offer': 'Immediately offer 25% price reduction or downgrade to affordable plan', 'Action': 'Trigger automated discount coupon within 48 hours of signup'}",Very High
0,0,0,0,3,1,2,1,0,0,0,0,2,2,0,1,2,96.6,291.9,1,5.6798312538336875,2,3,-0.47953808470025994,1.2599222378157369,New Price-Shocked Customers,"{'Risk': 'Very High', 'Strategy': 'Price Reduction', 'Offer': 'Immediately offer 25% price reduction or downgrade to affordable plan', 'Action': 'Trigger automated discount coupon within 48 hours of signup'}",Very High
0,0,1,0,57,1,2,1,0,2,2,0,2,2,0,1,1,104.5,5921.35,1,8.686488608569949,0,1,3.2777332266103016,-0.2934924686270116,Loyal Premium Customers,"{'Risk': 'Very High', 'Strategy': 'Loyalty Reward', 'Offer': 'Offer exclusive VIP loyalty program with 20% discount and priority support', 'Action': 'Personal call from retention team within 24 hours'}",Very High
0,0,0,0,5,1,2,0,0,0,0,0,0,0,0,1,3,50.6,249.95,1,5.525253716100942,2,0,-1.2873679213503928,-0.4159453784083043,New Low-Value Customers,"{'Risk': 'Medium', 'Strategy': 'Onboarding Support', 'Offer': 'Provide free onboarding assistance and offer a 10% discount on first 3 months', 'Action': 'Assign dedicated support agent for first 30 days'}",Medium
1,0,0,1,4,1,0,0,2,0,0,0,0,0,0,0,2,49.35,219.65,1,5.396577735715557,2,0,-1.3523512772761928,-0.4351170473079347,New Low-Value Customers,"{'Risk': 'Medium', 'Strategy': 'Onboarding Support', 'Offer': 'Provide free onboarding assistance and offer a 10% discount on first 3 months', 'Action': 'Assign dedicated support agent for first 30 days'}",Medium
1,0,0,0,7,1,0,1,0,2,0,0,2,2,0,1,2,94.25,669.0,1,6.507277712385012,2,3,-0.26943144404567954,1.0450549927973785,New Price-Shocked Customers,"{'Risk': 'Very High', 'Strategy': 'Price Reduction', 'Offer': 'Immediately offer 25% price reduction or downgrade to affordable plan', 'Action': 'Trigger automated discount coupon within 48 hours of signup'}",Very High
0,0,1,0,1,1,0,1,0,0,0,0,0,0,0,1,2,68.95,68.95,1,4.24778070111149,2,3,-1.1329251437329704,0.34544160785513517,New Price-Shocked Customers,"{'Risk': 'Very High', 'Strategy': 'Price Reduction', 'Offer': 'Immediately offer 25% price reduction or downgrade to affordable plan', 'Action': 'Trigger automated discount coupon within 48 hours of signup'}",Very High
1,1,0,0,2,1,2,1,0,0,0,0,2,2,0,1,2,93.85,196.75,1,5.2870036066477635,2,3,-0.59449676299825,1.19495301741492,New Price-Shocked Customers,"{'Risk': 'Very High', 'Strategy': 'Price Reduction', 'Offer': 'Immediately offer 25% price reduction or downgrade to affordable plan', 'Action': 'Trigger automated discount coupon within 48 hours of signup'}",Very High
1,0,0,0,4,1,2,1,0,0,0,0,0,0,0,1,2,76.05,318.9,1,5.768008446955473,2,3,-0.8215291357417313,0.5035735959023113,New Price-Shocked Customers,"{'Risk': 'Very High', 'Strategy': 'Price Reduction', 'Offer': 'Immediately offer 25% price reduction or downgrade to affordable plan', 'Action': 'Trigger automated discount coupon within 48 hours of signup'}",Very High
1,0,0,0,1,0,1,0,0,0,0,0,0,0,0,1,3,24.45,24.45,1,3.2367157429965316,2,0,-1.9765157401810787,-1.2331957624075511,New Low-Value Customers,"{'Risk': 'Medium', 'Strategy': 'Onboarding Support', 'Offer': 'Provide free onboarding assistance and offer a 10% discount on first 3 months', 'Action': 'Assign dedicated support agent for first 30 days'}",Medium
1,0,0,0,7,1,2,1,0,0,2,0,2,0,0,1,1,89.35,631.85,1,6.450233427238458,2,3,-0.37328654347107687,0.8750022813222402,New Price-Shocked Customers,"{'Risk': 'Very High', 'Strategy': 'Price Reduction', 'Offer': 'Immediately offer 25% price reduction or downgrade to affordable plan', 'Action': 'Trigger automated discount coupon within 48 hours of signup'}",Very High
1,0,1,0,4,1,0,1,0,0,0,0,2,0,0,1,2,80.35,307.4,1,5.731397641689174,2,3,-0.7453858105725251,0.657965430124937,New Price-Shocked Customers,"{'Risk': 'Very High', 'Strategy': 'Price Reduction', 'Offer': 'Immediately offer 25% price reduction or downgrade to affordable plan', 'Action': 'Trigger automated discount coupon within 48 hours of signup'}",Very High
0,1,0,0,1,1,0,0,2,0,2,0,0,0,0,1,2,55.8,55.8,1,4.039536325727106,2,0,-1.3822109042564004,-0.12105460380675999,New Low-Value Customers,"{'Risk': 'Medium', 'Strategy': 'Onboarding Support', 'Offer': 'Provide free onboarding assistance and offer a 10% discount on first 3 months', 'Action': 'Assign dedicated support agent for first 30 days'}",Medium
1,0,0,0,1,1,0,1,0,0,0,0,2,0,0,1,2,79.05,79.05,1,4.382651439442724,2,3,-0.9414585139773323,0.7037390784091379,New Price-Shocked Customers,"{'Risk': 'Very High', 'Strategy': 'Price Reduction', 'Offer': 'Immediately offer 25% price reduction or downgrade to affordable plan', 'Action': 'Trigger automated discount coupon within 48 hours of signup'}",Very High
1,0,1,0,1,1,0,1,2,0,0,0,2,2,0,1,2,95.0,95.0,1,4.564348191467836,2,3,-0.6390928956998642,1.2695652819077865,New Price-Shocked Customers,"{'Risk': 'Very High', 'Strategy': 'Price Reduction', 'Offer': 'Immediately offer 25% price reduction or downgrade to affordable plan', 'Action': 'Trigger automated discount coupon within 48 hours of signup'}",Very High
0,0,0,0,1,0,1,0,0,0,0,0,0,0,0,0,3,25.2,25.2,1,3.265759410767051,2,0,-1.9622979211398184,-1.2065895145941352,New Low-Value Customers,"{'Risk': 'Medium', 'Strategy': 'Onboarding Support', 'Offer': 'Provide free onboarding assistance and offer a 10% discount on first 3 months', 'Action': 'Assign dedicated support agent for first 30 days'}",Medium
1,1,0,0,41,1,2,1,0,0,2,0,2,2,0,1,2,98.4,4187.75,1,8.34015763905152,0,1,2.072171472016242,0.0406588677352395,Loyal Premium Customers,"{'Risk': 'Very High', 'Strategy': 'Loyalty Reward', 'Offer': 'Offer exclusive VIP loyalty program with 20% discount and priority support', 'Action': 'Personal call from retention team within 24 hours'}",Very High
1,1,1,1,66,1,2,0,2,2,2,2,2,0,2,0,1,79.4,5154.6,1,8.547838781530624,0,1,2.8324282985262172,-1.2930534828074867,Loyal Premium Customers,"{'Risk': 'Very High', 'Strategy': 'Loyalty Reward', 'Offer': 'Offer exclusive VIP loyalty program with 20% discount and priority support', 'Action': 'Personal call from retention team within 24 hours'}",Very High
1,1,0,0,35,1,2,1,0,0,2,0,2,2,0,1,2,101.4,3496.3,1,8.15974652120194,1,2,1.7044641845186173,0.3589984576945748,Mid-Tenure High Spenders,"{'Risk': 'High', 'Strategy': 'Value Enhancement', 'Offer': 'Upgrade to annual contract with 15% discount and free add-on services', 'Action': 'Send personalized email with tailored upgrade offer'}",High
1,1,1,0,10,1,2,1,0,0,2,0,0,2,0,1,2,89.8,914.3,1,6.819251880390734,2,3,-0.17464377475790333,0.7926431384016573,New Price-Shocked Customers,"{'Risk': 'Very High', 'Strategy': 'Price Reduction', 'Offer': 'Immediately offer 25% price reduction or downgrade to affordable plan', 'Action': 'Trigger automated discount coupon within 48 hours of signup'}",Very High
1,0,1,0,54,1,0,1,2,2,2,2,2,2,2,0,0,109.75,6110.2,1,8.71787843222715,0,1,3.3454549118967396,-0.06342304808454137,Loyal Premium Customers,"{'Risk': 'Very High', 'Strategy': 'Loyalty Reward', 'Offer': 'Offer exclusive VIP loyalty program with 20% discount and priority support', 'Action': 'Personal call from retention team within 24 hours'}",Very High
1,0,0,0,2,1,0,2,1,1,1,1,1,1,1,0,1,19.3,28.3,1,3.3775875160230218,2,0,-2.039674989982076,-1.438717277221302,New Low-Value Customers,"{'Risk': 'Medium', 'Strategy': 'Onboarding Support', 'Offer': 'Provide free onboarding assistance and offer a 10% discount on first 3 months', 'Action': 'Assign dedicated support agent for first 30 days'}",Medium
0,1,0,0,26,1,0,1,0,0,0,0,2,2,0,1,2,91.25,2351.8,1,7.763361387239786,1,2,0.8436713536157929,0.32764649046472755,Mid-Tenure High Spenders,"{'Risk': 'High', 'Strategy': 'Value Enhancement', 'Offer': 'Upgrade to annual contract with 15% discount and free add-on services', 'Action': 'Send personalized email with tailored upgrade offer'}",High
0,0,0,0,15,1,2,0,0,0,0,0,0,0,0,1,2,49.1,679.55,1,6.522901294778083,1,0,-0.8551281321391816,-0.7373354938059604,New Low-Value Customers,"{'Risk': 'Medium', 'Strategy': 'Onboarding Support', 'Offer': 'Provide free onboarding assistance and offer a 10% discount on first 3 months', 'Action': 'Assign dedicated support agent for first 30 days'}",Medium
0,0,0,0,31,1,2,0,2,0,2,2,0,0,0,0,1,65.25,1994.3,1,7.598549693958486,1,4,0.39512176474526595,-0.664761538268917,Mid-Tenure Low Spenders,"{'Risk': 'Medium', 'Strategy': 'Upsell + Retain', 'Offer': 'Offer bundled services upgrade at same price point', 'Action': 'Send monthly value report showing benefits they are missing'}",Medium
0,1,0,0,18,1,2,1,0,2,0,2,0,0,0,1,2,85.45,1505.85,1,7.317776658171513,1,2,0.19678272808833117,0.3944036012510901,Mid-Tenure High Spenders,"{'Risk': 'High', 'Strategy': 'Value Enhancement', 'Offer': 'Upgrade to annual contract with 15% discount and free add-on services', 'Action': 'Send personalized email with tailored upgrade offer'}",High
1,0,1,0,61,1,2,1,0,2,0,2,2,0,2,1,2,94.1,5638.3,1,8.637515223314212,0,1,3.1135142324131255,-0.7176069198234915,Loyal Premium Customers,"{'Risk': 'Very High', 'Strategy': 'Loyalty Reward', 'Offer': 'Offer exclusive VIP loyalty program with 20% discount and priority support', 'Action': 'Personal call from retention team within 24 hours'}",Very High
1,1,0,0,1,1,0,1,0,0,0,0,0,0,0,1,2,71.65,71.65,1,4.285653390016292,2,3,-1.0817409951844335,0.4412240999834331,New Price-Shocked Customers,"{'Risk': 'Very High', 'Strategy': 'Price Reduction', 'Offer': 'Immediately offer 25% price reduction or downgrade to affordable plan', 'Action': 'Trigger automated discount coupon within 48 hours of signup'}",Very High
1,0,1,0,24,1,2,1,0,2,2,0,2,2,0,1,2,104.65,2542.45,1,7.8412767061179585,1,2,1.0951439476263414,0.8258085329086123,Mid-Tenure High Spenders,"{'Risk': 'High', 'Strategy': 'Value Enhancement', 'Offer': 'Upgrade to annual contract with 15% discount and free add-on services', 'Action': 'Send personalized email with tailored upgrade offer'}",High
0,0,0,0,3,1,2,1,0,0,0,0,0,0,0,1,2,74.25,210.3,1,5.353278924622011,2,3,-0.9233747321323873,0.47399110332233957,New Price-Shocked Customers,"{'Risk': 'Very High', 'Strategy': 'Price Reduction', 'Offer': 'Immediately offer 25% price reduction or downgrade to affordable plan', 'Action': 'Trigger automated discount coupon within 48 hours of signup'}",Very High
0,1,0,0,1,1,2,1,0,0,0,0,0,0,0,1,2,74.2,74.2,1,4.320151230955794,2,3,-1.0334004104441485,0.5316853425490475,New Price-Shocked Customers,"{'Risk': 'Very High', 'Strategy': 'Price Reduction', 'Offer': 'Immediately offer 25% price reduction or downgrade to affordable plan', 'Action': 'Trigger automated discount coupon within 48 hours of signup'}",Very High
1,1,1,0,43,1,2,1,0,2,0,0,2,2,0,1,2,101.0,4388.4,1,8.386947822468757,0,1,2.251618404775621,0.06616894075386115,Loyal Premium Customers,"{'Risk': 'Very High', 'Strategy': 'Loyalty Reward', 'Offer': 'Offer exclusive VIP loyalty program with 20% discount and priority support', 'Action': 'Personal call from retention team within 24 hours'}",Very High
1,0,1,0,4,1,2,1,0,2,0,0,2,2,0,1,2,100.2,420.2,1,6.04310778025982,2,3,-0.3374835292595911,1.3512645791360833,New Price-Shocked Customers,"{'Risk': 'Very High', 'Strategy': 'Price Reduction', 'Offer': 'Immediately offer 25% price reduction or downgrade to affordable plan', 'Action': 'Trigger automated discount coupon within 48 hours of signup'}",Very High
1,1,1,0,25,1,2,1,2,0,0,0,0,2,1,1,2,89.05,2177.45,1,7.686368893721923,1,2,0.7120232145099993,0.29152303770304044,Mid-Tenure High Spenders,"{'Risk': 'High', 'Strategy': 'Value Enhancement', 'Offer': 'Upgrade to annual contract with 15% discount and free add-on services', 'Action': 'Send personalized email with tailored upgrade offer'}",High
0,0,1,1,57,1,0,0,2,0,0,0,2,2,1,1,0,70.1,3913.3,1,8.272391792949225,0,4,1.9545469410811052,-1.282822037261014,Mid-Tenure Low Spenders,"{'Risk': 'Medium', 'Strategy': 'Upsell + Retain', 'Offer': 'Offer bundled services upgrade at same price point', 'Action': 'Send monthly value report showing benefits they are missing'}",Medium
0,0,0,0,4,1,0,1,0,2,2,2,2,2,1,1,2,105.65,443.9,1,6.097849537811996,2,3,-0.2279621804281727,1.542467200692952,New Price-Shocked Customers,"{'Risk': 'Very High', 'Strategy': 'Price Reduction', 'Offer': 'Immediately offer 25% price reduction or downgrade to affordable plan', 'Action': 'Trigger automated discount coupon within 48 hours of signup'}",Very High
1,1,1,0,36,1,2,1,0,2,0,0,2,2,0,1,2,96.5,3436.1,1,8.14238337156769,1,2,1.6241815131800585,0.1698718311776776,Mid-Tenure High Spenders,"{'Risk': 'High', 'Strategy': 'Value Enhancement', 'Offer': 'Upgrade to annual contract with 15% discount and free add-on services', 'Action': 'Send personalized email with tailored upgrade offer'}",High
1,1,1,0,1,1,0,1,0,0,0,0,0,0,0,0,3,70.85,70.85,1,4.274580612525034,2,3,-1.0969066688284446,0.4128441023157889,New Price-Shocked Customers,"{'Risk': 'Very High', 'Strategy': 'Price Reduction', 'Offer': 'Immediately offer 25% price reduction or downgrade to affordable plan', 'Action': 'Trigger automated discount coupon within 48 hours of signup'}",Very High
0,0,0,0,35,1,2,0,2,0,2,2,2,2,1,1,1,85.95,3110.1,1,8.042731640386172,1,2,1.285518107526824,-0.14569497441912505,Mid-Tenure High Spenders,"{'Risk': 'High', 'Strategy': 'Value Enhancement', 'Offer': 'Upgrade to annual contract with 15% discount and free add-on services', 'Action': 'Send personalized email with tailored upgrade offer'}",High
1,0,0,0,4,1,0,1,0,0,2,0,0,0,0,1,2,73.9,280.85,1,5.6413750145275845,2,3,-0.8744932714421595,0.4315043489204903,New Price-Shocked Customers,"{'Risk': 'Very High', 'Strategy': 'Price Reduction', 'Offer': 'Immediately offer 25% price reduction or downgrade to affordable plan', 'Action': 'Trigger automated discount coupon within 48 hours of signup'}",Very High
0,0,1,0,58,1,2,1,2,2,2,0,2,2,2,1,0,109.45,6144.55,1,8.723483521656435,0,1,3.4771878668271903,-0.16520865271772028,Loyal Premium Customers,"{'Risk': 'Very High', 'Strategy': 'Loyalty Reward', 'Offer': 'Offer exclusive VIP loyalty program with 20% discount and priority support', 'Action': 'Personal call from retention team within 24 hours'}",Very High
0,0,0,0,30,1,2,1,0,2,0,0,2,2,0,1,2,100.2,2983.8,1,8.001288021906948,1,2,1.350819765793741,0.485133999178912,Mid-Tenure High Spenders,"{'Risk': 'High', 'Strategy': 'Value Enhancement', 'Offer': 'Upgrade to annual contract with 15% discount and free add-on services', 'Action': 'Send personalized email with tailored upgrade offer'}",High
0,0,1,1,21,1,0,1,0,2,0,0,0,0,0,1,0,74.05,1565.7,1,7.356726775399442,1,2,0.0991266794847483,-0.08366654639565978,Mid-Tenure High Spenders,"{'Risk': 'High', 'Strategy': 'Value Enhancement', 'Offer': 'Upgrade to annual contract with 15% discount and free add-on services', 'Action': 'Send personalized email with tailored upgrade offer'}",High
1,0,0,0,3,1,2,1,0,0,2,0,2,2,0,1,0,101.55,298.35,1,5.701613457371361,2,3,-0.3851904628253453,1.4353479024894373,New Price-Shocked Customers,"{'Risk': 'Very High', 'Strategy': 'Price Reduction', 'Offer': 'Immediately offer 25% price reduction or downgrade to affordable plan', 'Action': 'Trigger automated discount coupon within 48 hours of signup'}",Very High
1,1,1,1,41,1,2,1,0,2,2,2,2,2,1,1,2,111.95,4534.9,1,8.419778799309196,0,1,2.4424676728191965,0.48229811121729455,Loyal Premium Customers,"{'Risk': 'Very High', 'Strategy': 'Loyalty Reward', 'Offer': 'Offer exclusive VIP loyalty program with 20% discount and priority support', 'Action': 'Personal call from retention team within 24 hours'}",Very High
0,0,1,1,21,0,1,0,2,0,2,0,2,2,1,1,2,55.95,1157.05,1,7.054492835093721,1,0,-0.376787905327108,-0.6800511849714673,New Low-Value Customers,"{'Risk': 'Medium', 'Strategy': 'Onboarding Support', 'Offer': 'Provide free onboarding assistance and offer a 10% discount on first 3 months', 'Action': 'Assign dedicated support agent for first 30 days'}",Medium
1,0,0,0,1,1,0,0,0,0,0,0,0,0,0,0,2,45.75,45.75,1,3.844814255734696,2,0,-1.5727296794092875,-0.47757832450653526,New Low-Value Customers,"{'Risk': 'Medium', 'Strategy': 'Onboarding Support', 'Offer': 'Provide free onboarding assistance and offer a 10% discount on first 3 months', 'Action': 'Assign dedicated support agent for first 30 days'}",Medium
1,0,0,0,11,1,0,1,0,2,0,0,0,0,0,0,2,74.95,815.5,1,6.70502691241052,2,3,-0.45329082151344563,0.25389369498499204,New Price-Shocked Customers,"{'Risk': 'Very High', 'Strategy': 'Price Reduction', 'Offer': 'Immediately offer 25% price reduction or downgrade to affordable plan', 'Action': 'Trigger automated discount coupon within 48 hours of signup'}",Very High
0,0,0,0,1,1,0,1,0,0,0,0,0,2,0,0,1,80.15,80.15,1,4.396299293960601,2,3,-0.920605712716817,0.7427615752021485,New Price-Shocked Customers,"{'Risk': 'Very High', 'Strategy': 'Price Reduction', 'Offer': 'Immediately offer 25% price reduction or downgrade to affordable plan', 'Action': 'Trigger automated discount coupon within 48 hours of signup'}",Very High
0,0,1,0,72,1,2,1,0,2,2,2,2,2,1,1,2,109.25,8109.8,1,9.000951785894308,0,1,4.581406157613111,-0.7071601580799006,Loyal Premium Customers,"{'Risk': 'Very High', 'Strategy': 'Loyalty Reward', 'Offer': 'Offer exclusive VIP loyalty program with 20% discount and priority support', 'Action': 'Personal call from retention team within 24 hours'}",Very High
0,0,0,0,3,0,1,0,0,0,0,0,2,0,0,0,1,35.2,108.95,1,4.70002571700077,2,0,-1.6848318498285233,-0.9040154883302696,New Low-Value Customers,"{'Risk': 'Medium', 'Strategy': 'Onboarding Support', 'Offer': 'Provide free onboarding assistance and offer a 10% discount on first 3 months', 'Action': 'Assign dedicated support agent for first 30 days'}",Medium
0,0,1,0,1,1,0,1,0,0,0,0,2,0,0,0,2,78.8,78.8,1,4.379523504455763,2,3,-0.9461977869910857,0.6948703291379992,New Price-Shocked Customers,"{'Risk': 'Very High', 'Strategy': 'Price Reduction', 'Offer': 'Immediately offer 25% price reduction or downgrade to affordable plan', 'Action': 'Trigger automated discount coupon within 48 hours of signup'}",Very High
0,0,0,0,47,1,2,1,0,2,2,0,2,2,0,1,2,106.4,5127.95,1,8.542656238852768,0,1,2.7292443402306037,0.08471625887297865,Loyal Premium Customers,"{'Risk': 'Very High', 'Strategy': 'Loyalty Reward', 'Offer': 'Offer exclusive VIP loyalty program with 20% discount and priority support', 'Action': 'Personal call from retention team within 24 hours'}",Very High
1,0,0,0,18,1,0,0,2,0,0,0,0,0,0,0,2,49.4,874.8,1,6.775137754367298,1,0,-0.6889268675249586,-0.8148269220250202,New Low-Value Customers,"{'Risk': 'Medium', 'Strategy': 'Onboarding Support', 'Offer': 'Provide free onboarding assistance and offer a 10% discount on first 3 months', 'Action': 'Assign dedicated support agent for first 30 days'}",Medium
1,1,0,0,1,1,0,1,0,0,0,0,0,0,0,0,2,69.1,69.1,1,4.249922794040544,2,3,-1.1300815799247186,0.3507628574178181,New Price-Shocked Customers,"{'Risk': 'Very High', 'Strategy': 'Price Reduction', 'Offer': 'Immediately offer 25% price reduction or downgrade to affordable plan', 'Action': 'Trigger automated discount coupon within 48 hours of signup'}",Very High
1,0,1,1,20,1,0,1,0,0,0,0,2,2,0,1,2,90.2,1776.55,1,7.48299129067699,1,2,0.44007414220353586,0.48823740882816036,Mid-Tenure High Spenders,"{'Risk': 'High', 'Strategy': 'Value Enhancement', 'Offer': 'Upgrade to annual contract with 15% discount and free add-on services', 'Action': 'Send personalized email with tailored upgrade offer'}",High
0,0,0,0,6,1,2,1,0,0,0,0,2,2,0,1,0,93.55,536.4,1,6.286742696181391,2,3,-0.35895851029927306,1.0574328833174997,New Price-Shocked Customers,"{'Risk': 'Very High', 'Strategy': 'Price Reduction', 'Offer': 'Immediately offer 25% price reduction or downgrade to affordable plan', 'Action': 'Trigger automated discount coupon within 48 hours of signup'}",Very High
1,0,0,0,1,1,0,1,0,0,0,0,0,2,0,1,3,80.85,80.85,1,4.404888303817144,2,3,-0.9073357482783078,0.7675940731613363,New Price-Shocked Customers,"{'Risk': 'Very High', 'Strategy': 'Price Reduction', 'Offer': 'Immediately offer 25% price reduction or downgrade to affordable plan', 'Action': 'Trigger automated discount coupon within 48 hours of signup'}",Very High
0,0,1,1,48,1,2,1,0,0,0,0,0,2,1,1,3,82.05,4029.95,1,8.30175735917023,0,1,1.933996228479091,-0.6752039804278294,Loyal Premium Customers,"{'Risk': 'Very High', 'Strategy': 'Loyalty Reward', 'Offer': 'Offer exclusive VIP loyalty program with 20% discount and priority support', 'Action': 'Personal call from retention team within 24 hours'}",Very High
1,0,1,0,3,1,0,2,1,1,1,1,1,1,0,1,1,20.55,51.15,1,3.9541241814467813,2,0,-1.9772247145291737,-1.418673606210605,New Low-Value Customers,"{'Risk': 'Medium', 'Strategy': 'Onboarding Support', 'Offer': 'Provide free onboarding assistance and offer a 10% discount on first 3 months', 'Action': 'Assign dedicated support agent for first 30 days'}",Medium
0,1,0,0,2,1,2,1,0,0,2,0,0,0,0,1,2,78.55,149.55,1,5.014295254927743,2,3,-0.8953866160151835,0.6559193697182822,New Price-Shocked Customers,"{'Risk': 'Very High', 'Strategy': 'Price Reduction', 'Offer': 'Immediately offer 25% price reduction or downgrade to affordable plan', 'Action': 'Trigger automated discount coupon within 48 hours of signup'}",Very High
0,0,0,1,1,1,0,1,0,0,0,0,0,2,0,0,2,78.65,78.65,1,4.3776420363560575,2,3,-0.9490413507993376,0.6895490795753163,New Price-Shocked Customers,"{'Risk': 'Very High', 'Strategy': 'Price Reduction', 'Offer': 'Immediately offer 25% price reduction or downgrade to affordable plan', 'Action': 'Trigger automated discount coupon within 48 hours of signup'}",Very High
1,0,0,0,1,1,0,0,0,0,0,0,0,0,0,1,2,42.9,42.9,1,3.7819143200811256,2,0,-1.6267573917660767,-0.5786820661975163,New Low-Value Customers,"{'Risk': 'Medium', 'Strategy': 'Onboarding Support', 'Offer': 'Provide free onboarding assistance and offer a 10% discount on first 3 months', 'Action': 'Assign dedicated support agent for first 30 days'}",Medium
0,0,0,0,3,0,1,0,2,0,0,2,0,0,0,0,3,34.25,139.35,1,4.9441393028078915,2,0,-1.692181748646514,-0.9413861672628695,New Low-Value Customers,"{'Risk': 'Medium', 'Strategy': 'Onboarding Support', 'Offer': 'Provide free onboarding assistance and offer a 10% discount on first 3 months', 'Action': 'Assign dedicated support agent for first 30 days'}",Medium
0,0,0,0,9,0,1,0,2,0,2,2,2,2,0,0,3,58.5,539.85,1,6.293141976076298,2,0,-0.9160851397606249,-0.2557876475081741,New Low-Value Customers,"{'Risk': 'Medium', 'Strategy': 'Onboarding Support', 'Offer': 'Provide free onboarding assistance and offer a 10% discount on first 3 months', 'Action': 'Assign dedicated support agent for first 30 days'}",Medium
1,1,0,0,49,1,2,1,0,0,0,0,2,2,0,1,2,96.2,4718.25,1,8.459405167648843,0,1,2.4628670401113464,-0.2739120386473742,Loyal Premium Customers,"{'Risk': 'Very High', 'Strategy': 'Loyalty Reward', 'Offer': 'Offer exclusive VIP loyalty program with 20% discount and priority support', 'Action': 'Personal call from retention team within 24 hours'}",Very High
0,1,0,0,6,1,0,1,0,0,2,0,0,0,0,0,2,74.4,434.1,1,6.075575889726634,2,3,-0.7502587213167315,0.3878191690858844,New Price-Shocked Customers,"{'Risk': 'Very High', 'Strategy': 'Price Reduction', 'Offer': 'Immediately offer 25% price reduction or downgrade to affordable plan', 'Action': 'Trigger automated discount coupon within 48 hours of signup'}",Very High
0,0,1,0,6,1,2,1,0,2,2,0,2,2,0,1,2,105.3,545.2,1,6.302985209039605,2,3,-0.13721571051796935,1.4746093884875477,New Price-Shocked Customers,"{'Risk': 'Very High', 'Strategy': 'Price Reduction', 'Offer': 'Immediately offer 25% price reduction or downgrade to affordable plan', 'Action': 'Trigger automated discount coupon within 48 hours of signup'}",Very High
1,0,1,0,16,1,2,1,0,0,0,0,0,0,0,1,0,73.85,1284.2,1,7.158669627241704,1,3,-0.15735816278694478,0.05102312163024003,New Price-Shocked Customers,"{'Risk': 'Very High', 'Strategy': 'Price Reduction', 'Offer': 'Immediately offer 25% price reduction or downgrade to affordable plan', 'Action': 'Trigger automated discount coupon within 48 hours of signup'}",Very High
0,1,1,0,7,1,2,1,0,0,0,0,0,2,0,1,2,84.55,646.85,1,6.47365918807482,2,3,-0.4575483714608653,0.7024047595044156,New Price-Shocked Customers,"{'Risk': 'Very High', 'Strategy': 'Price Reduction', 'Offer': 'Immediately offer 25% price reduction or downgrade to affordable plan', 'Action': 'Trigger automated discount coupon within 48 hours of signup'}",Very High
0,0,0,0,25,1,2,2,1,1,1,1,1,1,2,0,1,24.75,692.1,1,6.541174288923939,1,0,-0.9900901544274606,-1.823189261420268,New Low-Value Customers,"{'Risk': 'Medium', 'Strategy': 'Onboarding Support', 'Offer': 'Provide free onboarding assistance and offer a 10% discount on first 3 months', 'Action': 'Assign dedicated support agent for first 30 days'}",Medium
0,1,0,0,20,1,2,1,0,0,0,0,0,2,0,1,1,85.8,1727.5,1,7.455009259361679,1,2,0.3414814548641788,0.3373735819593567,Mid-Tenure High Spenders,"{'Risk': 'High', 'Strategy': 'Value Enhancement', 'Offer': 'Upgrade to annual contract with 15% discount and free add-on services', 'Action': 'Send personalized email with tailored upgrade offer'}",High
0,0,0,0,4,0,1,0,0,0,0,0,0,0,0,1,2,24.45,86.6,1,4.472780997942346,2,0,-1.8611550376532595,-1.30578581319498,New Low-Value Customers,"{'Risk': 'Medium', 'Strategy': 'Onboarding Support', 'Offer': 'Provide free onboarding assistance and offer a 10% discount on first 3 months', 'Action': 'Assign dedicated support agent for first 30 days'}",Medium
1,0,0,0,28,1,2,1,0,2,2,0,2,2,0,1,2,105.7,2979.5,1,7.999846350659981,1,2,1.3889323121058659,0.7249372552420607,Mid-Tenure High Spenders,"{'Risk': 'High', 'Strategy': 'Value Enhancement', 'Offer': 'Upgrade to annual contract with 15% discount and free add-on services', 'Action': 'Send personalized email with tailored upgrade offer'}",High
1,0,0,0,1,0,1,0,0,0,0,0,0,0,0,1,2,24.25,24.25,1,3.228826155721369,2,0,-1.9803071585920815,-1.240290761824462,New Low-Value Customers,"{'Risk': 'Medium', 'Strategy': 'Onboarding Support', 'Offer': 'Provide free onboarding assistance and offer a 10% discount on first 3 months', 'Action': 'Assign dedicated support agent for first 30 days'}",Medium
0,0,0,0,11,1,2,1,0,0,0,0,0,0,0,1,2,76.5,837.95,1,6.732151109935707,2,3,-0.41680110307199303,0.3064336526645364,New Price-Shocked Customers,"{'Risk': 'Very High', 'Strategy': 'Price Reduction', 'Offer': 'Immediately offer 25% price reduction or downgrade to affordable plan', 'Action': 'Trigger automated discount coupon within 48 hours of signup'}",Very High
0,0,0,0,4,1,2,1,0,2,0,2,0,2,0,1,2,93.5,362.2,1,5.894953646727139,2,3,-0.4819386001569918,1.119586623273286,New Price-Shocked Customers,"{'Risk': 'Very High', 'Strategy': 'Price Reduction', 'Offer': 'Immediately offer 25% price reduction or downgrade to affordable plan', 'Action': 'Trigger automated discount coupon within 48 hours of signup'}",Very High
0,1,1,0,54,1,2,1,0,2,0,0,2,2,1,1,1,101.5,5373.1,1,8.589346397115445,0,1,2.941242029601113,-0.27078187622664024,Loyal Premium Customers,"{'Risk': 'Very High', 'Strategy': 'Loyalty Reward', 'Offer': 'Offer exclusive VIP loyalty program with 20% discount and priority support', 'Action': 'Personal call from retention team within 24 hours'}",Very High
1,0,0,1,28,1,0,1,2,0,0,0,0,0,0,1,0,74.9,2068.55,1,7.635086471322152,1,2,0.5057933696677547,-0.2646735062299879,Mid-Tenure High Spenders,"{'Risk': 'High', 'Strategy': 'Value Enhancement', 'Offer': 'Upgrade to annual contract with 15% discount and free add-on services', 'Action': 'Send personalized email with tailored upgrade offer'}",High
0,1,0,0,2,1,0,1,0,0,0,0,0,0,0,1,2,69.6,131.65,1,4.8877140805837485,2,3,-1.06809568658305,0.33946571881742926,New Price-Shocked Customers,"{'Risk': 'Very High', 'Strategy': 'Price Reduction', 'Offer': 'Immediately offer 25% price reduction or downgrade to affordable plan', 'Action': 'Trigger automated discount coupon within 48 hours of signup'}",Very High
1,0,0,0,1,1,2,2,1,1,1,1,1,1,0,1,3,24.05,24.05,1,3.2208738275308737,2,0,-1.9840985770030846,-1.2473857612413735,New Low-Value Customers,"{'Risk': 'Medium', 'Strategy': 'Onboarding Support', 'Offer': 'Provide free onboarding assistance and offer a 10% discount on first 3 months', 'Action': 'Assign dedicated support agent for first 30 days'}",Medium
0,0,0,0,1,1,0,0,0,2,0,0,0,0,0,0,2,50.55,50.55,1,3.942552210462969,2,0,-1.481735637545222,-0.3072983385006725,New Low-Value Customers,"{'Risk': 'Medium', 'Strategy': 'Onboarding Support', 'Offer': 'Provide free onboarding assistance and offer a 10% discount on first 3 months', 'Action': 'Assign dedicated support agent for first 30 days'}",Medium
1,0,0,0,14,1,2,1,0,2,0,0,2,2,0,1,2,100.55,1415.55,1,7.255979616917987,1,2,0.3215589713496027,1.0295002566092304,Mid-Tenure High Spenders,"{'Risk': 'High', 'Strategy': 'Value Enhancement', 'Offer': 'Upgrade to annual contract with 15% discount and free add-on services', 'Action': 'Send personalized email with tailored upgrade offer'}",High
0,0,1,1,1,1,0,2,1,1,1,1,1,1,0,1,3,20.5,20.5,1,3.068052935133617,2,0,-2.0513962537983828,-1.3733220008915425,New Low-Value Customers,"{'Risk': 'Medium', 'Strategy': 'Onboarding Support', 'Offer': 'Provide free onboarding assistance and offer a 10% discount on first 3 months', 'Action': 'Assign dedicated support agent for first 30 days'}",Medium
1,0,0,0,4,1,0,1,0,0,2,0,0,0,0,1,0,74.8,321.9,1,5.77734267776423,2,3,-0.8437804549031409,0.4587323986778887,New Price-Shocked Customers,"{'Risk': 'Very High', 'Strategy': 'Price Reduction', 'Offer': 'Immediately offer 25% price reduction or downgrade to affordable plan', 'Action': 'Trigger automated discount coupon within 48 hours of signup'}",Very High
0,0,1,0,20,0,1,0,0,0,0,0,0,0,0,1,2,24.45,482.8,1,6.181671598175927,1,0,-1.2238879249394916,-1.7005096102343817,New Low-Value Customers,"{'Risk': 'Medium', 'Strategy': 'Onboarding Support', 'Offer': 'Provide free onboarding assistance and offer a 10% discount on first 3 months', 'Action': 'Assign dedicated support agent for first 30 days'}",Medium
0,0,0,0,14,1,0,1,0,0,0,0,0,0,0,1,1,71.0,914.0,1,6.818924065275521,1,3,-0.3991081972931641,0.03646040100538668,New Price-Shocked Customers,"{'Risk': 'Very High', 'Strategy': 'Price Reduction', 'Offer': 'Immediately offer 25% price reduction or downgrade to affordable plan', 'Action': 'Trigger automated discount coupon within 48 hours of signup'}",Very High
0,1,0,0,30,0,1,0,0,0,2,0,2,0,0,1,2,40.3,1172.95,1,7.068129410043267,1,4,-0.38005196159277227,-1.4348744206326467,Mid-Tenure Low Spenders,"{'Risk': 'Medium', 'Strategy': 'Upsell + Retain', 'Offer': 'Offer bundled services upgrade at same price point', 'Action': 'Send monthly value report showing benefits they are missing'}",Medium
0,0,0,0,3,0,1,0,0,2,0,0,2,2,0,1,2,50.6,155.35,1,5.05209708390385,2,0,-1.3823522973276463,-0.3613289983882687,New Low-Value Customers,"{'Risk': 'Medium', 'Strategy': 'Onboarding Support', 'Offer': 'Provide free onboarding assistance and offer a 10% discount on first 3 months', 'Action': 'Assign dedicated support agent for first 30 days'}",Medium
0,0,1,1,40,1,2,1,0,0,2,2,0,0,0,1,2,84.85,3303.05,1,8.102904267698277,0,2,1.4876927876759545,-0.31628976493809396,Mid-Tenure High Spenders,"{'Risk': 'High', 'Strategy': 'Value Enhancement', 'Offer': 'Upgrade to annual contract with 15% discount and free add-on services', 'Action': 'Send personalized email with tailored upgrade offer'}",High
0,0,1,1,2,1,0,0,0,0,0,0,2,2,0,0,3,65.7,134.35,1,4.90786401606031,2,3,-1.1397842743061775,0.20034071825034538,New Price-Shocked Customers,"{'Risk': 'Very High', 'Strategy': 'Price Reduction', 'Offer': 'Immediately offer 25% price reduction or downgrade to affordable plan', 'Action': 'Trigger automated discount coupon within 48 hours of signup'}",Very High
0,0,0,0,1,1,0,1,0,0,0,0,0,0,0,0,2,70.5,70.5,1,4.269697449699962,2,3,-1.1035416510476992,0.40042785333619496,New Price-Shocked Customers,"{'Risk': 'Very High', 'Strategy': 'Price Reduction', 'Offer': 'Immediately offer 25% price reduction or downgrade to affordable plan', 'Action': 'Trigger automated discount coupon within 48 hours of signup'}",Very High
0,0,0,0,10,1,2,1,0,2,2,0,0,2,0,1,2,94.85,953.45,1,6.861135258346911,2,3,-0.06731609154105136,0.9678005620025021,New Price-Shocked Customers,"{'Risk': 'Very High', 'Strategy': 'Price Reduction', 'Offer': 'Immediately offer 25% price reduction or downgrade to affordable plan', 'Action': 'Trigger automated discount coupon within 48 hours of signup'}",Very High
1,0,0,0,1,1,0,2,1,1,1,1,1,1,0,0,3,19.75,19.75,1,3.0325462466767075,2,0,-2.065614072839643,-1.3999282487049585,New Low-Value Customers,"{'Risk': 'Medium', 'Strategy': 'Onboarding Support', 'Offer': 'Provide free onboarding assistance and offer a 10% discount on first 3 months', 'Action': 'Assign dedicated support agent for first 30 days'}",Medium
1,0,1,1,14,1,0,0,2,2,0,0,2,0,0,1,2,65.45,937.6,1,6.844389403360317,1,3,-0.49440874332802637,-0.1638377605370583,New Price-Shocked Customers,"{'Risk': 'Very High', 'Strategy': 'Price Reduction', 'Offer': 'Immediately offer 25% price reduction or downgrade to affordable plan', 'Action': 'Trigger automated discount coupon within 48 hours of signup'}",Very High
1,1,1,0,58,1,2,1,0,0,2,0,2,2,0,1,2,98.7,5812.6,1,8.667955279302426,0,1,3.164187657719741,-0.5089692904270792,Loyal Premium Customers,"{'Risk': 'Very High', 'Strategy': 'Loyalty Reward', 'Offer': 'Offer exclusive VIP loyalty program with 20% discount and priority support', 'Action': 'Personal call from retention team within 24 hours'}",Very High
1,0,1,1,22,1,0,0,2,0,2,2,2,0,1,1,0,67.5,1544.05,1,7.34281155126774,1,2,0.0012332404850104654,-0.336032218083934,Mid-Tenure High Spenders,"{'Risk': 'High', 'Strategy': 'Value Enhancement', 'Offer': 'Upgrade to annual contract with 15% discount and free add-on services', 'Action': 'Send personalized email with tailored upgrade offer'}",High
0,0,0,0,1,1,0,1,0,0,0,0,0,0,0,1,2,69.6,69.6,1,4.257030144499196,2,3,-1.1206030338972117,0.36850035596009545,New Price-Shocked Customers,"{'Risk': 'Very High', 'Strategy': 'Price Reduction', 'Offer': 'Immediately offer 25% price reduction or downgrade to affordable plan', 'Action': 'Trigger automated discount coupon within 48 hours of signup'}",Very High
1,0,1,0,49,1,2,0,2,0,2,2,2,2,1,0,2,84.35,4059.35,1,8.30902445577673,0,1,2.0182215099992797,-0.6185553224261172,Loyal Premium Customers,"{'Risk': 'Very High', 'Strategy': 'Loyalty Reward', 'Offer': 'Offer exclusive VIP loyalty program with 20% discount and priority support', 'Action': 'Personal call from retention team within 24 hours'}",Very High
0,1,1,0,68,1,2,1,0,2,0,0,2,2,0,1,2,100.2,6851.65,1,8.832390717758596,0,1,3.859498273805862,-0.7949177273571478,Loyal Premium Customers,"{'Risk': 'Very High', 'Strategy': 'Loyalty Reward', 'Offer': 'Offer exclusive VIP loyalty program with 20% discount and priority support', 'Action': 'Personal call from retention team within 24 hours'}",Very High
0,0,0,0,1,1,0,1,0,0,0,0,2,0,0,0,2,78.05,78.05,1,4.370080563655481,2,3,-0.960415606032346,0.6682640813245831,New Price-Shocked Customers,"{'Risk': 'Very High', 'Strategy': 'Price Reduction', 'Offer': 'Immediately offer 25% price reduction or downgrade to affordable plan', 'Action': 'Trigger automated discount coupon within 48 hours of signup'}",Very High
1,0,0,0,7,1,2,1,0,0,0,0,0,0,0,0,2,73.6,520.0,1,6.255750041753367,2,3,-0.7045357813839078,0.32751931923694455,New Price-Shocked Customers,"{'Risk': 'Very High', 'Strategy': 'Price Reduction', 'Offer': 'Immediately offer 25% price reduction or downgrade to affordable plan', 'Action': 'Trigger automated discount coupon within 48 hours of signup'}",Very High
0,0,0,0,9,1,2,1,0,0,0,0,0,0,0,1,2,74.75,706.6,1,6.56187896228563,2,3,-0.5568607682061115,0.30306544199966523,New Price-Shocked Customers,"{'Risk': 'Very High', 'Strategy': 'Price Reduction', 'Offer': 'Immediately offer 25% price reduction or downgrade to affordable plan', 'Action': 'Trigger automated discount coupon within 48 hours of signup'}",Very High
1,0,0,0,1,1,0,2,1,1,1,1,1,1,0,1,3,20.2,20.2,1,3.054001181677967,2,0,-2.057083381414887,-1.383964500016909,New Low-Value Customers,"{'Risk': 'Medium', 'Strategy': 'Onboarding Support', 'Offer': 'Provide free onboarding assistance and offer a 10% discount on first 3 months', 'Action': 'Assign dedicated support agent for first 30 days'}",Medium
0,1,1,0,24,1,2,1,0,0,0,0,2,2,0,1,2,93.55,2264.05,1,7.725352112728672,1,2,0.7938353385129476,0.4633227987315406,Mid-Tenure High Spenders,"{'Risk': 'High', 'Strategy': 'Value Enhancement', 'Offer': 'Upgrade to annual contract with 15% discount and free add-on services', 'Action': 'Send personalized email with tailored upgrade offer'}",High
1,0,0,0,2,0,1,0,0,0,0,0,0,0,0,1,2,25.05,56.35,1,4.04917284357538,2,0,-1.9230894697871426,-1.23734619795515,New Low-Value Customers,"{'Risk': 'Medium', 'Strategy': 'Onboarding Support', 'Offer': 'Provide free onboarding assistance and offer a 10% discount on first 3 months', 'Action': 'Assign dedicated support agent for first 30 days'}",Medium
1,1,1,0,27,1,2,1,0,2,2,0,0,2,0,1,2,95.55,2510.2,1,7.828516005527744,1,2,1.0089921910658672,0.4403801402052883,Mid-Tenure High Spenders,"{'Risk': 'High', 'Strategy': 'Value Enhancement', 'Offer': 'Upgrade to annual contract with 15% discount and free add-on services', 'Action': 'Send personalized email with tailored upgrade offer'}",High
1,0,0,0,57,0,1,0,0,2,0,0,2,0,0,1,2,39.3,2111.45,1,7.6556036903121685,0,4,0.7684923753806931,-2.1681553919210983,Mid-Tenure Low Spenders,"{'Risk': 'Medium', 'Strategy': 'Upsell + Retain', 'Offer': 'Offer bundled services upgrade at same price point', 'Action': 'Send monthly value report showing benefits they are missing'}",Medium
0,0,0,0,1,1,0,2,1,1,1,1,1,1,0,1,3,20.25,20.25,1,3.056356895370426,2,0,-2.056135526812136,-1.3821907501626813,New Low-Value Customers,"{'Risk': 'Medium', 'Strategy': 'Onboarding Support', 'Offer': 'Provide free onboarding assistance and offer a 10% discount on first 3 months', 'Action': 'Assign dedicated support agent for first 30 days'}",Medium
0,0,0,0,13,0,1,0,0,0,0,0,0,0,0,1,2,23.9,300.8,1,5.709764546333749,1,0,-1.5158770250110667,-1.5463796515031922,New Low-Value Customers,"{'Risk': 'Medium', 'Strategy': 'Onboarding Support', 'Offer': 'Provide free onboarding assistance and offer a 10% discount on first 3 months', 'Action': 'Assign dedicated support agent for first 30 days'}",Medium
0,0,0,0,1,1,0,1,0,0,2,0,2,0,0,1,2,85.45,85.45,1,4.4595662121293,2,3,-0.8201331248252447,0.9307790597502884,New Price-Shocked Customers,"{'Risk': 'Very High', 'Strategy': 'Price Reduction', 'Offer': 'Immediately offer 25% price reduction or downgrade to affordable plan', 'Action': 'Trigger automated discount coupon within 48 hours of signup'}",Very High
0,0,0,0,63,1,2,1,0,2,0,0,2,2,1,0,0,99.9,6137.0,1,8.722254235179681,0,1,3.453876044638984,-0.6130882416977779,Loyal Premium Customers,"{'Risk': 'Very High', 'Strategy': 'Loyalty Reward', 'Offer': 'Offer exclusive VIP loyalty program with 20% discount and priority support', 'Action': 'Personal call from retention team within 24 hours'}",Very High
1,0,0,0,25,1,2,1,0,0,0,0,0,2,0,1,2,84.8,2043.45,1,7.6228840836484695,1,2,0.5873391717515717,0.15594118249782724,Mid-Tenure High Spenders,"{'Risk': 'High', 'Strategy': 'Value Enhancement', 'Offer': 'Upgrade to annual contract with 15% discount and free add-on services', 'Action': 'Send personalized email with tailored upgrade offer'}",High
1,0,1,0,35,1,2,1,0,0,0,0,0,0,0,1,2,75.2,2576.2,1,7.854458817264487,1,2,0.9038527170097649,-0.4658179173191042,Mid-Tenure High Spenders,"{'Risk': 'High', 'Strategy': 'Value Enhancement', 'Offer': 'Upgrade to annual contract with 15% discount and free add-on services', 'Action': 'Send personalized email with tailored upgrade offer'}",High
1,0,1,0,71,0,1,0,0,2,0,0,2,2,2,0,2,49.35,3515.25,1,8.165150359804066,0,4,1.872636684380794,-2.2795722567777714,Mid-Tenure Low Spenders,"{'Risk': 'Medium', 'Strategy': 'Upsell + Retain', 'Offer': 'Offer bundled services upgrade at same price point', 'Action': 'Send monthly value report showing benefits they are missing'}",Medium
1,0,0,0,6,1,2,1,0,0,0,0,0,0,0,1,2,74.9,469.8,1,6.154433375386121,2,3,-0.7288117950682875,0.4014366039624516,New Price-Shocked Customers,"{'Risk': 'Very High', 'Strategy': 'Price Reduction', 'Offer': 'Immediately offer 25% price reduction or downgrade to affordable plan', 'Action': 'Trigger automated discount coupon within 48 hours of signup'}",Very High
0,0,0,0,15,1,0,1,0,2,2,0,2,2,0,1,2,101.25,1457.25,1,7.284992365633747,1,2,0.3801790557258327,1.0277619623167524,Mid-Tenure High Spenders,"{'Risk': 'High', 'Strategy': 'Value Enhancement', 'Offer': 'Upgrade to annual contract with 15% discount and free add-on services', 'Action': 'Send personalized email with tailored upgrade offer'}",High
1,0,0,0,9,1,0,2,1,1,1,1,1,1,0,1,3,18.95,185.6,1,5.228967288413243,2,0,-1.7728395298412154,-1.621989008463707,New Low-Value Customers,"{'Risk': 'Medium', 'Strategy': 'Onboarding Support', 'Offer': 'Provide free onboarding assistance and offer a 10% discount on first 3 months', 'Action': 'Assign dedicated support agent for first 30 days'}",Medium
0,0,0,0,37,0,1,0,0,0,0,2,0,0,0,0,1,28.6,973.55,1,6.881975825994649,0,4,-0.4458022266541765,-1.9803650964281294,Mid-Tenure Low Spenders,"{'Risk': 'Medium', 'Strategy': 'Upsell + Retain', 'Offer': 'Offer bundled services upgrade at same price point', 'Action': 'Send monthly value report showing benefits they are missing'}",Medium
0,1,0,0,2,0,1,0,0,0,0,0,0,0,0,0,2,24.35,41.85,1,3.7577056450437887,2,0,-1.9410515832895425,-1.2605634436817588,New Low-Value Customers,"{'Risk': 'Medium', 'Strategy': 'Onboarding Support', 'Offer': 'Provide free onboarding assistance and offer a 10% discount on first 3 months', 'Action': 'Assign dedicated support agent for first 30 days'}",Medium
0,1,0,0,29,1,2,1,0,0,0,2,2,2,0,0,2,98.65,2862.75,1,7.959887233767705,1,2,1.2493953052348525,0.465906756113105,Mid-Tenure High Spenders,"{'Risk': 'High', 'Strategy': 'Value Enhancement', 'Offer': 'Upgrade to annual contract with 15% discount and free add-on services', 'Action': 'Send personalized email with tailored upgrade offer'}",High
1,1,1,0,5,1,2,1,0,0,2,0,0,0,0,1,0,79.9,343.95,1,5.843399478992118,2,3,-0.7099264252664852,0.615899078238143,New Price-Shocked Customers,"{'Risk': 'Very High', 'Strategy': 'Price Reduction', 'Offer': 'Immediately offer 25% price reduction or downgrade to affordable plan', 'Action': 'Trigger automated discount coupon within 48 hours of signup'}",Very High
0,1,0,0,28,1,2,1,0,0,2,2,2,2,0,1,2,103.3,2890.65,1,7.9695825524415795,1,2,1.3140413573641734,0.6499159981453972,Mid-Tenure High Spenders,"{'Risk': 'High', 'Strategy': 'Value Enhancement', 'Offer': 'Upgrade to annual contract with 15% discount and free add-on services', 'Action': 'Send personalized email with tailored upgrade offer'}",High
0,0,1,0,11,1,2,1,2,0,0,2,2,0,0,1,1,96.2,1222.05,1,7.109103017925889,2,3,0.08055354656261515,0.962639072509107,New Price-Shocked Customers,"{'Risk': 'Very High', 'Strategy': 'Price Reduction', 'Offer': 'Immediately offer 25% price reduction or downgrade to affordable plan', 'Action': 'Trigger automated discount coupon within 48 hours of signup'}",Very High
1,0,1,0,55,1,2,1,0,0,2,2,2,2,1,1,2,104.15,5743.05,1,8.65591981542555,0,1,3.1477739680895005,-0.24153644819631603,Loyal Premium Customers,"{'Risk': 'Very High', 'Strategy': 'Loyalty Reward', 'Offer': 'Offer exclusive VIP loyalty program with 20% discount and priority support', 'Action': 'Personal call from retention team within 24 hours'}",Very High
1,1,0,0,24,1,2,1,0,2,2,0,2,2,0,1,1,102.95,2496.7,1,7.82312558739655,1,2,1.04793941531656,0.7706569698101684,Mid-Tenure High Spenders,"{'Risk': 'High', 'Strategy': 'Value Enhancement', 'Offer': 'Upgrade to annual contract with 15% discount and free add-on services', 'Action': 'Send personalized email with tailored upgrade offer'}",High
0,0,0,0,1,1,0,1,0,0,0,0,2,2,0,0,2,90.6,90.6,1,4.517431271680085,2,3,-0.7225041007419245,1.1134752947357454,New Price-Shocked Customers,"{'Risk': 'Very High', 'Strategy': 'Price Reduction', 'Offer': 'Immediately offer 25% price reduction or downgrade to affordable plan', 'Action': 'Trigger automated discount coupon within 48 hours of signup'}",Very High
0,0,0,0,6,1,0,0,0,0,0,2,0,0,0,1,0,50.8,288.05,1,5.666599683528485,2,0,-1.2392804164870364,-0.4350583247270454,New Low-Value Customers,"{'Risk': 'Medium', 'Strategy': 'Onboarding Support', 'Offer': 'Provide free onboarding assistance and offer a 10% discount on first 3 months', 'Action': 'Assign dedicated support agent for first 30 days'}",Medium
1,0,0,0,4,1,2,1,0,2,0,0,0,2,0,1,2,90.05,368.1,1,5.911067610035953,2,3,-0.5441614667506025,0.9961034914203676,New Price-Shocked Customers,"{'Risk': 'Very High', 'Strategy': 'Price Reduction', 'Offer': 'Immediately offer 25% price reduction or downgrade to affordable plan', 'Action': 'Trigger automated discount coupon within 48 hours of signup'}",Very High
0,0,1,0,3,1,2,1,0,0,0,0,0,0,0,1,2,75.85,256.6,1,5.551407994230199,2,3,-0.8778449020069821,0.5255190859912279,New Price-Shocked Customers,"{'Risk': 'Very High', 'Strategy': 'Price Reduction', 'Offer': 'Immediately offer 25% price reduction or downgrade to affordable plan', 'Action': 'Trigger automated discount coupon within 48 hours of signup'}",Very High
1,0,1,1,1,1,0,1,0,0,0,0,0,0,0,1,2,68.5,68.5,1,4.241326752570746,2,3,-1.1414558351577266,0.32947785916708544,New Price-Shocked Customers,"{'Risk': 'Very High', 'Strategy': 'Price Reduction', 'Offer': 'Immediately offer 25% price reduction or downgrade to affordable plan', 'Action': 'Trigger automated discount coupon within 48 hours of signup'}",Very High
1,0,0,0,11,1,0,1,2,0,0,0,0,0,0,1,2,73.5,791.75,1,6.675507913418457,2,3,-0.48836084587182066,0.2050651031824255,New Price-Shocked Customers,"{'Risk': 'Very High', 'Strategy': 'Price Reduction', 'Offer': 'Immediately offer 25% price reduction or downgrade to affordable plan', 'Action': 'Trigger automated discount coupon within 48 hours of signup'}",Very High
0,0,0,0,1,1,0,1,0,0,0,0,0,0,0,1,3,69.95,69.95,1,4.261975403606051,2,3,-1.1139680516779569,0.38091660493968993,New Price-Shocked Customers,"{'Risk': 'Very High', 'Strategy': 'Price Reduction', 'Offer': 'Immediately offer 25% price reduction or downgrade to affordable plan', 'Action': 'Trigger automated discount coupon within 48 hours of signup'}",Very High
1,0,0,0,5,1,0,0,0,0,2,0,2,2,0,1,2,70.05,346.4,1,5.850476853807004,2,3,-0.8924716491470767,0.26503067561754456,New Price-Shocked Customers,"{'Risk': 'Very High', 'Strategy': 'Price Reduction', 'Offer': 'Immediately offer 25% price reduction or downgrade to affordable plan', 'Action': 'Trigger automated discount coupon within 48 hours of signup'}",Very High
1,0,0,0,8,1,2,1,0,2,2,0,2,0,0,1,2,94.0,773.65,1,6.6524113144423005,2,3,-0.20709390689109072,1.0021361311541508,New Price-Shocked Customers,"{'Risk': 'Very High', 'Strategy': 'Price Reduction', 'Offer': 'Immediately offer 25% price reduction or downgrade to affordable plan', 'Action': 'Trigger automated discount coupon within 48 hours of signup'}",Very High
0,0,1,1,22,1,0,0,2,2,2,0,0,0,0,0,3,61.15,1422.05,1,7.260557734506995,1,4,-0.15846654328453633,-0.5477619335782609,Mid-Tenure Low Spenders,"{'Risk': 'Medium', 'Strategy': 'Upsell + Retain', 'Offer': 'Offer bundled services upgrade at same price point', 'Action': 'Send monthly value report showing benefits they are missing'}",Medium
1,0,1,0,29,1,2,1,2,2,0,0,0,0,0,1,2,84.45,2467.1,1,7.811203902842994,1,2,0.850507477733303,0.006809476071664017,Mid-Tenure High Spenders,"{'Risk': 'High', 'Strategy': 'Value Enhancement', 'Offer': 'Upgrade to annual contract with 15% discount and free add-on services', 'Action': 'Send personalized email with tailored upgrade offer'}",High
1,0,1,0,13,1,2,0,0,0,2,0,2,2,1,1,3,75.3,989.45,1,6.89815938530869,1,3,-0.3248106099801749,0.20244683014934878,New Price-Shocked Customers,"{'Risk': 'Very High', 'Strategy': 'Price Reduction', 'Offer': 'Immediately offer 25% price reduction or downgrade to affordable plan', 'Action': 'Trigger automated discount coupon within 48 hours of signup'}",Very High
0,1,1,0,43,1,2,1,2,0,2,2,2,2,1,1,3,109.55,4830.25,1,8.482860512335732,0,1,2.5610282222361045,0.3187635866690713,Loyal Premium Customers,"{'Risk': 'Very High', 'Strategy': 'Loyalty Reward', 'Offer': 'Offer exclusive VIP loyalty program with 20% discount and priority support', 'Action': 'Personal call from retention team within 24 hours'}",Very High
0,0,0,0,3,1,0,2,1,1,1,1,1,1,0,1,3,19.6,59.75,1,4.1067670822206574,2,0,-1.991986848824904,-1.4534926548047822,New Low-Value Customers,"{'Risk': 'Medium', 'Strategy': 'Onboarding Support', 'Offer': 'Provide free onboarding assistance and offer a 10% discount on first 3 months', 'Action': 'Assign dedicated support agent for first 30 days'}",Medium
1,1,0,0,2,1,0,0,2,0,2,0,2,0,0,0,0,66.4,94.55,1,4.559649670686282,2,3,-1.1402847473377802,0.22991363037036505,New Price-Shocked Customers,"{'Risk': 'Very High', 'Strategy': 'Price Reduction', 'Offer': 'Immediately offer 25% price reduction or downgrade to affordable plan', 'Action': 'Trigger automated discount coupon within 48 hours of signup'}",Very High
1,1,1,0,66,1,2,1,0,0,0,2,2,2,0,1,1,100.05,6871.9,1,8.835341421328575,0,1,3.8007715762194407,-0.7590830321712917,Loyal Premium Customers,"{'Risk': 'Very High', 'Strategy': 'Loyalty Reward', 'Offer': 'Offer exclusive VIP loyalty program with 20% discount and priority support', 'Action': 'Personal call from retention team within 24 hours'}",Very High
1,0,0,0,62,1,2,1,2,2,0,2,0,2,1,0,2,102.0,6529.25,1,8.784200506376834,0,1,3.5949314751831865,-0.5624848831103344,Loyal Premium Customers,"{'Risk': 'Very High', 'Strategy': 'Loyalty Reward', 'Offer': 'Offer exclusive VIP loyalty program with 20% discount and priority support', 'Action': 'Personal call from retention team within 24 hours'}",Very High
1,0,1,0,17,1,2,1,2,2,2,0,0,0,0,0,1,90.2,1454.15,1,7.282864267075403,1,2,0.23622562852517917,0.591289009871301,Mid-Tenure High Spenders,"{'Risk': 'High', 'Strategy': 'Value Enhancement', 'Offer': 'Upgrade to annual contract with 15% discount and free add-on services', 'Action': 'Send personalized email with tailored upgrade offer'}",High
1,0,1,0,56,1,2,2,1,1,1,1,1,1,2,1,1,25.15,1327.15,1,7.191542275465033,0,4,0.2069805267822461,-2.5582107964314345,Mid-Tenure Low Spenders,"{'Risk': 'Medium', 'Strategy': 'Upsell + Retain', 'Offer': 'Offer bundled services upgrade at same price point', 'Action': 'Send monthly value report showing benefits they are missing'}",Medium
0,0,0,0,31,1,2,1,0,0,0,2,0,0,0,1,1,79.85,2404.15,1,7.7853675506573,1,2,0.8062845781327109,-0.1930895116262339,Mid-Tenure High Spenders,"{'Risk': 'High', 'Strategy': 'Value Enhancement', 'Offer': 'Upgrade to annual contract with 15% discount and free add-on services', 'Action': 'Send personalized email with tailored upgrade offer'}",High
0,0,0,0,2,1,0,0,0,2,0,0,0,0,0,1,3,49.6,114.7,1,4.751000634199631,2,0,-1.4462004947380431,-0.3703912170265183,New Low-Value Customers,"{'Risk': 'Medium', 'Strategy': 'Onboarding Support', 'Offer': 'Provide free onboarding assistance and offer a 10% discount on first 3 months', 'Action': 'Assign dedicated support agent for first 30 days'}",Medium
0,1,1,0,66,1,2,1,0,0,2,2,2,2,1,1,1,105.95,6975.25,1,8.850266802102643,0,1,3.9457524719727237,-0.561186805174221,Loyal Premium Customers,"{'Risk': 'Very High', 'Strategy': 'Loyalty Reward', 'Offer': 'Offer exclusive VIP loyalty program with 20% discount and priority support', 'Action': 'Personal call from retention team within 24 hours'}",Very High
1,0,0,1,3,1,2,1,0,0,2,0,0,2,0,0,2,91.85,257.05,1,5.553153364594737,2,3,-0.5798185970936831,1.0949391242873368,New Price-Shocked Customers,"{'Risk': 'Very High', 'Strategy': 'Price Reduction', 'Offer': 'Immediately offer 25% price reduction or downgrade to affordable plan', 'Action': 'Trigger automated discount coupon within 48 hours of signup'}",Very High
0,0,1,1,1,0,1,0,0,0,0,2,2,0,0,0,2,40.1,40.1,1,3.716008121502189,2,0,-1.679837249520115,-0.6780120580342697,New Low-Value Customers,"{'Risk': 'Medium', 'Strategy': 'Onboarding Support', 'Offer': 'Provide free onboarding assistance and offer a 10% discount on first 3 months', 'Action': 'Assign dedicated support agent for first 30 days'}",Medium
0,1,0,0,31,1,2,1,0,0,0,0,0,0,0,1,2,73.9,2217.15,1,7.704428794117748,1,2,0.6319309247519512,-0.3829743372714701,Mid-Tenure High Spenders,"{'Risk': 'High', 'Strategy': 'Value Enhancement', 'Offer': 'Upgrade to annual contract with 15% discount and free add-on services', 'Action': 'Send personalized email with tailored upgrade offer'}",High
0,0,0,0,14,1,0,1,0,0,0,0,2,2,0,1,3,89.8,1129.1,1,7.030061403366105,1,3,0.024029253720921698,0.6804139684228881,New Price-Shocked Customers,"{'Risk': 'Very High', 'Strategy': 'Price Reduction', 'Offer': 'Immediately offer 25% price reduction or downgrade to affordable plan', 'Action': 'Trigger automated discount coupon within 48 hours of signup'}",Very High
0,0,1,1,35,1,2,0,2,0,2,2,2,0,0,0,2,72.25,2568.55,1,7.851486065281684,1,2,0.8463312446793382,-0.569919036581358,Mid-Tenure High Spenders,"{'Risk': 'High', 'Strategy': 'Value Enhancement', 'Offer': 'Upgrade to annual contract with 15% discount and free add-on services', 'Action': 'Send personalized email with tailored upgrade offer'}",High
0,1,0,0,37,1,2,1,0,0,0,0,2,2,0,1,2,96.55,3580.3,1,8.183481141971171,0,2,1.7055516019191002,0.13300136357802309,Mid-Tenure High Spenders,"{'Risk': 'High', 'Strategy': 'Value Enhancement', 'Offer': 'Upgrade to annual contract with 15% discount and free add-on services', 'Action': 'Send personalized email with tailored upgrade offer'}",High
0,0,0,0,7,0,1,0,0,2,0,0,0,2,0,1,1,40.1,293.3,1,5.684599655239428,2,0,-1.4052884521213282,-0.838279551839526,New Low-Value Customers,"{'Risk': 'Medium', 'Strategy': 'Onboarding Support', 'Offer': 'Provide free onboarding assistance and offer a 10% discount on first 3 months', 'Action': 'Assign dedicated support agent for first 30 days'}",Medium
1,1,0,0,24,1,2,1,0,2,0,0,2,2,0,1,2,101.25,2440.15,1,7.80022451873029,1,2,0.9970627663480822,0.7167695171546128,Mid-Tenure High Spenders,"{'Risk': 'High', 'Strategy': 'Value Enhancement', 'Offer': 'Upgrade to annual contract with 15% discount and free add-on services', 'Action': 'Send personalized email with tailored upgrade offer'}",High
0,0,0,0,1,1,0,1,0,0,0,0,2,0,0,0,2,79.55,79.55,1,4.388878109622984,2,3,-0.9319799679498254,0.7214765769514153,New Price-Shocked Customers,"{'Risk': 'Very High', 'Strategy': 'Price Reduction', 'Offer': 'Immediately offer 25% price reduction or downgrade to affordable plan', 'Action': 'Trigger automated discount coupon within 48 hours of signup'}",Very High
0,0,0,0,32,1,2,1,0,0,0,0,2,0,1,0,2,84.05,2781.85,1,7.931230861402806,1,2,1.044308076277103,-0.10958353114687842,Mid-Tenure High Spenders,"{'Risk': 'High', 'Strategy': 'Value Enhancement', 'Offer': 'Upgrade to annual contract with 15% discount and free add-on services', 'Action': 'Send personalized email with tailored upgrade offer'}",High
1,0,0,0,1,1,0,1,0,0,0,0,2,2,0,1,2,89.1,89.1,1,4.500920164614292,2,3,-0.750939738824445,1.060262799108913,New Price-Shocked Customers,"{'Risk': 'Very High', 'Strategy': 'Price Reduction', 'Offer': 'Immediately offer 25% price reduction or downgrade to affordable plan', 'Action': 'Trigger automated discount coupon within 48 hours of signup'}",Very High
0,0,1,1,17,1,2,1,2,0,2,0,2,0,0,0,2,94.4,1607.2,1,7.382870820114048,1,2,0.3664560229939215,0.7228615124945859,Mid-Tenure High Spenders,"{'Risk': 'High', 'Strategy': 'Value Enhancement', 'Offer': 'Upgrade to annual contract with 15% discount and free add-on services', 'Action': 'Send personalized email with tailored upgrade offer'}",High
1,0,0,0,19,1,0,1,0,2,2,0,0,0,0,1,2,78.25,1490.95,1,7.307839268137821,1,3,0.08908325918564508,0.11811303170995006,New Price-Shocked Customers,"{'Risk': 'Very High', 'Strategy': 'Price Reduction', 'Offer': 'Immediately offer 25% price reduction or downgrade to affordable plan', 'Action': 'Trigger automated discount coupon within 48 hours of signup'}",Very High
1,1,0,0,2,1,0,0,0,0,0,0,0,0,0,1,2,44.15,92.65,1,4.539564428890097,2,0,-1.5551608257466052,-0.5617869665677172,New Low-Value Customers,"{'Risk': 'Medium', 'Strategy': 'Onboarding Support', 'Offer': 'Provide free onboarding assistance and offer a 10% discount on first 3 months', 'Action': 'Assign dedicated support agent for first 30 days'}",Medium
0,1,0,0,8,1,2,1,0,0,0,0,0,0,0,1,2,75.75,606.25,1,6.408940567882282,2,3,-0.6037734479732944,0.37217503367184085,New Price-Shocked Customers,"{'Risk': 'Very High', 'Strategy': 'Price Reduction', 'Offer': 'Immediately offer 25% price reduction or downgrade to affordable plan', 'Action': 'Trigger automated discount coupon within 48 hours of signup'}",Very High
0,0,0,0,1,1,0,2,1,1,1,1,1,1,0,1,3,19.1,19.1,1,3.0007198150650303,2,0,-2.0779361826754017,-1.4229869968099194,New Low-Value Customers,"{'Risk': 'Medium', 'Strategy': 'Onboarding Support', 'Offer': 'Provide free onboarding assistance and offer a 10% discount on first 3 months', 'Action': 'Assign dedicated support agent for first 30 days'}",Medium
1,1,1,0,1,1,2,1,2,0,0,0,0,0,0,1,2,80.3,80.3,1,4.398146016553765,2,3,-0.9177621489085652,0.7480828247648313,New Price-Shocked Customers,"{'Risk': 'Very High', 'Strategy': 'Price Reduction', 'Offer': 'Immediately offer 25% price reduction or downgrade to affordable plan', 'Action': 'Trigger automated discount coupon within 48 hours of signup'}",Very High
0,0,0,0,1,1,0,1,0,0,2,0,0,0,0,1,2,74.9,74.9,1,4.3294166844015844,2,3,-1.020130446005639,0.5565178405082359,New Price-Shocked Customers,"{'Risk': 'Very High', 'Strategy': 'Price Reduction', 'Offer': 'Immediately offer 25% price reduction or downgrade to affordable plan', 'Action': 'Trigger automated discount coupon within 48 hours of signup'}",Very High
0,1,0,0,9,1,0,1,0,0,0,0,2,0,0,1,2,80.85,751.65,1,6.623600312306513,2,3,-0.4279790859430991,0.5149039333126247,New Price-Shocked Customers,"{'Risk': 'Very High', 'Strategy': 'Price Reduction', 'Offer': 'Immediately offer 25% price reduction or downgrade to affordable plan', 'Action': 'Trigger automated discount coupon within 48 hours of signup'}",Very High
1,0,0,0,3,0,1,0,0,0,0,0,0,0,0,0,2,24.75,66.95,1,4.218772140597153,2,0,-1.8936608025980344,-1.2710363667089473,New Low-Value Customers,"{'Risk': 'Medium', 'Strategy': 'Onboarding Support', 'Offer': 'Provide free onboarding assistance and offer a 10% discount on first 3 months', 'Action': 'Assign dedicated support agent for first 30 days'}",Medium
0,1,0,0,49,1,2,1,0,0,2,0,0,2,0,1,1,90.85,4515.85,1,8.415570127221873,0,1,2.294447469135896,-0.440639109830192,Loyal Premium Customers,"{'Risk': 'Very High', 'Strategy': 'Loyalty Reward', 'Offer': 'Offer exclusive VIP loyalty program with 20% discount and priority support', 'Action': 'Personal call from retention team within 24 hours'}",Very High
0,0,1,0,2,1,0,1,0,2,2,0,0,0,0,0,0,79.7,165.0,1,5.111987788356544,2,3,-0.8687238056871619,0.6950418405013256,New Price-Shocked Customers,"{'Risk': 'Very High', 'Strategy': 'Price Reduction', 'Offer': 'Immediately offer 25% price reduction or downgrade to affordable plan', 'Action': 'Trigger automated discount coupon within 48 hours of signup'}",Very High
1,0,1,1,55,1,0,0,2,2,0,2,0,0,2,0,0,57.55,3046.4,1,8.022044047035255,0,4,1.3633278531981725,-1.584490212412843,Mid-Tenure Low Spenders,"{'Risk': 'Medium', 'Strategy': 'Upsell + Retain', 'Offer': 'Offer bundled services upgrade at same price point', 'Action': 'Send monthly value report showing benefits they are missing'}",Medium
0,0,1,0,21,1,2,1,0,0,0,0,0,2,0,1,2,86.5,1808.7,1,7.500916364666155,1,2,0.41353196590879016,0.331011920769278,Mid-Tenure High Spenders,"{'Risk': 'High', 'Strategy': 'Value Enhancement', 'Offer': 'Upgrade to annual contract with 15% discount and free add-on services', 'Action': 'Send personalized email with tailored upgrade offer'}",High
0,0,1,1,69,1,2,1,0,2,2,0,2,2,0,1,2,103.95,7446.9,1,8.915687392443568,0,1,4.163113435302893,-0.7528917989500695,Loyal Premium Customers,"{'Risk': 'Very High', 'Strategy': 'Loyalty Reward', 'Offer': 'Offer exclusive VIP loyalty program with 20% discount and priority support', 'Action': 'Personal call from retention team within 24 hours'}",Very High
1,1,0,0,1,0,1,0,0,0,0,0,0,0,0,1,2,25.1,25.1,1,3.261935314328648,2,0,-1.9641936303453202,-1.210137014302591,New Low-Value Customers,"{'Risk': 'Medium', 'Strategy': 'Onboarding Support', 'Offer': 'Provide free onboarding assistance and offer a 10% discount on first 3 months', 'Action': 'Assign dedicated support agent for first 30 days'}",Medium
1,0,0,0,39,0,1,0,2,2,0,2,2,0,0,1,1,48.95,1880.85,1,7.540010614524708,0,4,0.30436653139429876,-1.4058076847980843,Mid-Tenure Low Spenders,"{'Risk': 'Medium', 'Strategy': 'Upsell + Retain', 'Offer': 'Offer bundled services upgrade at same price point', 'Action': 'Send monthly value report showing benefits they are missing'}",Medium
1,0,1,1,6,1,0,1,0,2,0,0,0,2,0,1,1,83.55,477.55,1,6.1707606986419155,2,3,-0.5651389585139774,0.7084006712807572,New Price-Shocked Customers,"{'Risk': 'Very High', 'Strategy': 'Price Reduction', 'Offer': 'Immediately offer 25% price reduction or downgrade to affordable plan', 'Action': 'Trigger automated discount coupon within 48 hours of signup'}",Very High
0,1,0,0,17,1,0,1,0,2,2,0,2,0,0,1,2,89.15,1496.9,1,7.311819406174673,1,2,0.23121315498324022,0.5489135928030271,Mid-Tenure High Spenders,"{'Risk': 'High', 'Strategy': 'Value Enhancement', 'Offer': 'Upgrade to annual contract with 15% discount and free add-on services', 'Action': 'Send personalized email with tailored upgrade offer'}",High
1,0,0,1,1,1,0,1,0,0,0,0,0,0,0,1,3,70.45,70.45,1,4.268997904375876,2,3,-1.1044895056504498,0.3986541034819673,New Price-Shocked Customers,"{'Risk': 'Very High', 'Strategy': 'Price Reduction', 'Offer': 'Immediately offer 25% price reduction or downgrade to affordable plan', 'Action': 'Trigger automated discount coupon within 48 hours of signup'}",Very High
1,0,1,0,58,1,0,0,2,2,2,0,0,0,1,0,1,60.3,3563.8,1,8.17886323029291,0,4,1.6846754466606346,-1.6124879078295027,Mid-Tenure Low Spenders,"{'Risk': 'Medium', 'Strategy': 'Upsell + Retain', 'Offer': 'Offer bundled services upgrade at same price point', 'Action': 'Send monthly value report showing benefits they are missing'}",Medium
1,0,0,1,1,0,1,0,0,0,0,0,0,0,0,0,2,24.75,24.75,1,3.248434627109745,2,0,-1.9708286125645746,-1.2225532632821847,New Low-Value Customers,"{'Risk': 'Medium', 'Strategy': 'Onboarding Support', 'Offer': 'Provide free onboarding assistance and offer a 10% discount on first 3 months', 'Action': 'Assign dedicated support agent for first 30 days'}",Medium
1,0,1,1,19,1,2,1,0,0,2,2,2,2,0,0,2,103.3,2012.7,1,7.60772910488436,1,2,0.7328417803836104,0.9486243330315062,Mid-Tenure High Spenders,"{'Risk': 'High', 'Strategy': 'Value Enhancement', 'Offer': 'Upgrade to annual contract with 15% discount and free add-on services', 'Action': 'Send personalized email with tailored upgrade offer'}",High
1,0,0,0,3,1,0,1,0,0,0,0,2,0,0,1,2,78.5,242.05,1,5.493267183491464,2,3,-0.833456793850972,0.6215410411928611,New Price-Shocked Customers,"{'Risk': 'Very High', 'Strategy': 'Price Reduction', 'Offer': 'Immediately offer 25% price reduction or downgrade to affordable plan', 'Action': 'Trigger automated discount coupon within 48 hours of signup'}",Very High
0,0,0,0,3,1,0,2,1,1,1,1,1,1,0,0,3,19.85,63.75,1,4.1705337005796475,2,0,-1.9859725353046584,-1.4450628327707575,New Low-Value Customers,"{'Risk': 'Medium', 'Strategy': 'Onboarding Support', 'Offer': 'Provide free onboarding assistance and offer a 10% discount on first 3 months', 'Action': 'Assign dedicated support agent for first 30 days'}",Medium
1,1,0,0,3,1,0,1,0,0,0,0,2,0,0,1,2,79.9,260.9,1,5.567962751513666,2,3,-0.8009836764837439,0.6691635623678676,New Price-Shocked Customers,"{'Risk': 'Very High', 'Strategy': 'Price Reduction', 'Offer': 'Immediately offer 25% price reduction or downgrade to affordable plan', 'Action': 'Trigger automated discount coupon within 48 hours of signup'}",Very High
0,1,0,0,30,1,2,1,0,2,0,0,2,2,0,1,2,99.7,2967.35,1,7.995761521863022,1,2,1.3359180474786219,0.46926340448515946,Mid-Tenure High Spenders,"{'Risk': 'High', 'Strategy': 'Value Enhancement', 'Offer': 'Upgrade to annual contract with 15% discount and free add-on services', 'Action': 'Send personalized email with tailored upgrade offer'}",High
1,0,0,0,15,1,2,0,0,2,0,2,0,0,0,1,1,58.6,939.7,1,6.846624278977906,1,0,-0.5898120501626336,-0.4296609180313902,New Low-Value Customers,"{'Risk': 'Medium', 'Strategy': 'Onboarding Support', 'Offer': 'Provide free onboarding assistance and offer a 10% discount on first 3 months', 'Action': 'Assign dedicated support agent for first 30 days'}",Medium
1,0,1,0,10,1,2,1,0,0,2,0,2,2,0,1,2,98.5,1037.75,1,6.945773346169658,2,3,0.029299165619367584,1.0878444395815954,New Price-Shocked Customers,"{'Risk': 'Very High', 'Strategy': 'Price Reduction', 'Offer': 'Immediately offer 25% price reduction or downgrade to affordable plan', 'Action': 'Trigger automated discount coupon within 48 hours of signup'}",Very High
0,0,0,0,1,1,0,0,0,0,2,0,0,0,0,1,3,50.45,50.45,1,3.9406104622800586,2,0,-1.4836313467507234,-0.3108458382091277,New Low-Value Customers,"{'Risk': 'Medium', 'Strategy': 'Onboarding Support', 'Offer': 'Provide free onboarding assistance and offer a 10% discount on first 3 months', 'Action': 'Assign dedicated support agent for first 30 days'}",Medium
1,0,1,1,38,1,2,1,0,2,2,0,2,0,0,1,2,94.65,3624.3,1,8.19569232248516,0,2,1.7165492998807772,0.03845454527587408,Mid-Tenure High Spenders,"{'Risk': 'High', 'Strategy': 'Value Enhancement', 'Offer': 'Upgrade to annual contract with 15% discount and free add-on services', 'Action': 'Send personalized email with tailored upgrade offer'}",High
0,0,0,0,1,1,2,1,0,2,0,0,2,2,0,1,1,100.25,100.25,1,4.617592705986649,2,3,-0.5395681624110424,1.4558090166016988,New Price-Shocked Customers,"{'Risk': 'Very High', 'Strategy': 'Price Reduction', 'Offer': 'Immediately offer 25% price reduction or downgrade to affordable plan', 'Action': 'Trigger automated discount coupon within 48 hours of signup'}",Very High
0,0,0,0,16,1,2,1,0,0,2,0,0,2,0,1,2,88.45,1422.1,1,7.2605928696896145,1,3,0.16133871306970837,0.5545261515084312,New Price-Shocked Customers,"{'Risk': 'Very High', 'Strategy': 'Price Reduction', 'Offer': 'Immediately offer 25% price reduction or downgrade to affordable plan', 'Action': 'Trigger automated discount coupon within 48 hours of signup'}",Very High
1,0,0,0,1,1,0,1,0,0,0,0,0,0,0,1,2,69.85,69.85,1,4.260564966136689,2,3,-1.1158637608834583,0.3773691052312342,New Price-Shocked Customers,"{'Risk': 'Very High', 'Strategy': 'Price Reduction', 'Offer': 'Immediately offer 25% price reduction or downgrade to affordable plan', 'Action': 'Trigger automated discount coupon within 48 hours of signup'}",Very High
1,0,0,0,12,1,0,1,2,0,2,0,0,0,0,0,0,81.7,858.6,1,6.756467164768355,2,3,-0.28156138043243295,0.46732340282809176,New Price-Shocked Customers,"{'Risk': 'Very High', 'Strategy': 'Price Reduction', 'Offer': 'Immediately offer 25% price reduction or downgrade to affordable plan', 'Action': 'Trigger automated discount coupon within 48 hours of signup'}",Very High
1,0,0,0,4,1,0,1,0,0,0,0,0,2,0,1,2,79.9,324.3,1,5.784747833479305,2,3,-0.7480173145872452,0.6399709114198403,New Price-Shocked Customers,"{'Risk': 'Very High', 'Strategy': 'Price Reduction', 'Offer': 'Immediately offer 25% price reduction or downgrade to affordable plan', 'Action': 'Trigger automated discount coupon within 48 hours of signup'}",Very High
0,0,0,0,15,1,2,2,1,1,1,1,1,1,0,1,1,25.4,399.6,1,5.992963423231718,1,0,-1.3915389817866184,-1.5480995635071177,New Low-Value Customers,"{'Risk': 'Medium', 'Strategy': 'Onboarding Support', 'Offer': 'Provide free onboarding assistance and offer a 10% discount on first 3 months', 'Action': 'Assign dedicated support agent for first 30 days'}",Medium
1,1,1,0,41,1,2,1,2,0,2,0,0,0,0,1,0,83.75,3273.55,1,8.093935734048326,0,2,1.4885933567130165,-0.3737599739145804,Mid-Tenure High Spenders,"{'Risk': 'High', 'Strategy': 'Value Enhancement', 'Offer': 'Upgrade to annual contract with 15% discount and free add-on services', 'Action': 'Send personalized email with tailored upgrade offer'}",High
0,0,0,0,1,1,0,2,1,1,1,1,1,1,0,0,3,20.9,20.9,1,3.086486636822455,2,0,-2.043813416976377,-1.359132002057721,New Low-Value Customers,"{'Risk': 'Medium', 'Strategy': 'Onboarding Support', 'Offer': 'Provide free onboarding assistance and offer a 10% discount on first 3 months', 'Action': 'Assign dedicated support agent for first 30 days'}",Medium
0,0,1,0,1,1,0,1,0,0,0,0,0,0,0,1,3,69.4,69.4,1,4.254193263163997,2,3,-1.124394452308214,0.3614053565431849,New Price-Shocked Customers,"{'Risk': 'Very High', 'Strategy': 'Price Reduction', 'Offer': 'Immediately offer 25% price reduction or downgrade to affordable plan', 'Action': 'Trigger automated discount coupon within 48 hours of signup'}",Very High
0,0,0,0,7,1,2,1,0,0,0,0,0,0,0,1,2,74.9,541.15,1,6.295542715918191,2,3,-0.6731423472980261,0.3713134272717427,New Price-Shocked Customers,"{'Risk': 'Very High', 'Strategy': 'Price Reduction', 'Offer': 'Immediately offer 25% price reduction or downgrade to affordable plan', 'Action': 'Trigger automated discount coupon within 48 hours of signup'}",Very High
0,1,1,0,42,1,0,1,2,0,0,0,0,0,0,1,1,74.15,3229.4,1,8.080361247558573,0,4,1.326267576851816,-0.7320478174409153,Mid-Tenure Low Spenders,"{'Risk': 'Medium', 'Strategy': 'Upsell + Retain', 'Offer': 'Offer bundled services upgrade at same price point', 'Action': 'Send monthly value report showing benefits they are missing'}",Medium
0,0,0,0,1,1,0,1,0,0,0,0,0,0,0,1,2,70.1,70.1,1,4.264087336809195,2,3,-1.1111244878697049,0.38623785450237286,New Price-Shocked Customers,"{'Risk': 'Very High', 'Strategy': 'Price Reduction', 'Offer': 'Immediately offer 25% price reduction or downgrade to affordable plan', 'Action': 'Trigger automated discount coupon within 48 hours of signup'}",Very High
0,0,0,1,12,1,2,1,2,0,0,0,0,0,0,1,2,78.3,909.25,1,6.813719287055543,2,3,-0.3276379095859097,0.3403820081630022,New Price-Shocked Customers,"{'Risk': 'Very High', 'Strategy': 'Price Reduction', 'Offer': 'Immediately offer 25% price reduction or downgrade to affordable plan', 'Action': 'Trigger automated discount coupon within 48 hours of signup'}",Very High
1,0,0,0,55,1,2,1,0,0,0,0,2,2,0,1,2,96.8,5283.95,1,8.572618437521648,0,1,2.8548394618030932,-0.44940157560346006,Loyal Premium Customers,"{'Risk': 'Very High', 'Strategy': 'Loyalty Reward', 'Offer': 'Offer exclusive VIP loyalty program with 20% discount and priority support', 'Action': 'Personal call from retention team within 24 hours'}",Very High
0,0,0,0,17,1,2,1,2,2,0,0,2,0,0,1,2,94.4,1617.5,1,7.389255073366299,1,2,0.36995813425175256,0.7216559256833127,Mid-Tenure High Spenders,"{'Risk': 'High', 'Strategy': 'Value Enhancement', 'Offer': 'Upgrade to annual contract with 15% discount and free add-on services', 'Action': 'Send personalized email with tailored upgrade offer'}",High
0,0,0,0,1,1,0,1,0,2,0,0,2,0,0,0,2,84.3,84.3,1,4.446174454497633,2,3,-0.8419337806885105,0.8899828131030504,New Price-Shocked Customers,"{'Risk': 'Very High', 'Strategy': 'Price Reduction', 'Offer': 'Immediately offer 25% price reduction or downgrade to affordable plan', 'Action': 'Trigger automated discount coupon within 48 hours of signup'}",Very High
0,1,1,1,72,1,2,0,2,2,2,2,2,2,2,0,1,92.45,6440.25,1,8.770477899642435,0,1,3.7009741585276883,-1.1096902447963746,Loyal Premium Customers,"{'Risk': 'Very High', 'Strategy': 'Loyalty Reward', 'Offer': 'Offer exclusive VIP loyalty program with 20% discount and priority support', 'Action': 'Personal call from retention team within 24 hours'}",Very High
0,1,1,0,11,1,2,1,0,0,2,0,2,2,0,1,2,99.55,1131.2,1,7.03191792160256,2,3,0.11203078742383449,1.092506164938669,New Price-Shocked Customers,"{'Risk': 'Very High', 'Strategy': 'Price Reduction', 'Offer': 'Immediately offer 25% price reduction or downgrade to affordable plan', 'Action': 'Trigger automated discount coupon within 48 hours of signup'}",Very High
1,1,0,0,8,1,2,1,0,0,2,0,0,0,0,1,2,81.25,585.95,1,6.374939637324531,2,3,-0.5082817203553834,0.5703073370282363,New Price-Shocked Customers,"{'Risk': 'Very High', 'Strategy': 'Price Reduction', 'Offer': 'Immediately offer 25% price reduction or downgrade to affordable plan', 'Action': 'Trigger automated discount coupon within 48 hours of signup'}",Very High
1,0,1,1,1,1,0,2,1,1,1,1,1,1,0,0,0,19.95,19.95,1,3.0421386463681466,2,0,-2.06182265442864,-1.3928332492880477,New Low-Value Customers,"{'Risk': 'Medium', 'Strategy': 'Onboarding Support', 'Offer': 'Provide free onboarding assistance and offer a 10% discount on first 3 months', 'Action': 'Assign dedicated support agent for first 30 days'}",Medium
1,0,1,0,23,1,2,1,2,2,2,0,2,0,0,1,2,99.25,2186.4,1,7.6904689029011255,1,2,0.8421411858354901,0.6970580259629765,Mid-Tenure High Spenders,"{'Risk': 'High', 'Strategy': 'Value Enhancement', 'Offer': 'Upgrade to annual contract with 15% discount and free add-on services', 'Action': 'Send personalized email with tailored upgrade offer'}",High
0,0,0,0,39,1,0,1,0,0,2,2,0,0,2,1,2,80.45,3201.55,1,8.07170264645151,0,2,1.3398568567190554,-0.4392426083912428,Mid-Tenure High Spenders,"{'Risk': 'High', 'Strategy': 'Value Enhancement', 'Offer': 'Upgrade to annual contract with 15% discount and free add-on services', 'Action': 'Send personalized email with tailored upgrade offer'}",High
1,0,1,1,9,1,2,1,0,0,2,0,0,0,0,1,0,79.35,661.25,1,6.495643128152179,2,3,-0.48664168429952076,0.4720969393869754,New Price-Shocked Customers,"{'Risk': 'Very High', 'Strategy': 'Price Reduction', 'Offer': 'Immediately offer 25% price reduction or downgrade to affordable plan', 'Action': 'Trigger automated discount coupon within 48 hours of signup'}",Very High
0,0,0,0,15,1,2,1,0,2,0,0,0,0,0,1,2,79.75,1111.85,1,7.0146795713036445,1,3,-0.1375279221376877,0.3029611335591521,New Price-Shocked Customers,"{'Risk': 'Very High', 'Strategy': 'Price Reduction', 'Offer': 'Immediately offer 25% price reduction or downgrade to affordable plan', 'Action': 'Trigger automated discount coupon within 48 hours of signup'}",Very High
0,0,1,1,30,1,2,1,0,0,2,0,2,2,0,1,2,100.05,3046.15,1,8.021962006523603,1,2,1.369226877093687,0.47249729566432846,Mid-Tenure High Spenders,"{'Risk': 'High', 'Strategy': 'Value Enhancement', 'Offer': 'Upgrade to annual contract with 15% discount and free add-on services', 'Action': 'Send personalized email with tailored upgrade offer'}",High
1,0,0,0,1,1,0,1,0,0,0,0,0,0,0,1,2,69.35,69.35,1,4.253482783560398,2,3,-1.1253423069109652,0.3596316066889568,New Price-Shocked Customers,"{'Risk': 'Very High', 'Strategy': 'Price Reduction', 'Offer': 'Immediately offer 25% price reduction or downgrade to affordable plan', 'Action': 'Trigger automated discount coupon within 48 hours of signup'}",Very High
0,0,0,0,3,1,0,1,0,0,0,2,0,2,0,0,2,85.8,272.2,1,5.610204127696635,2,3,-0.6873007750298149,0.877833989945296,New Price-Shocked Customers,"{'Risk': 'Very High', 'Strategy': 'Price Reduction', 'Offer': 'Immediately offer 25% price reduction or downgrade to affordable plan', 'Action': 'Trigger automated discount coupon within 48 hours of signup'}",Very High
1,0,1,1,67,1,2,0,2,0,2,0,2,2,2,1,2,79.7,5293.4,1,8.574404937167348,0,1,2.9166165992492306,-1.3203938840987508,Loyal Premium Customers,"{'Risk': 'Very High', 'Strategy': 'Loyalty Reward', 'Offer': 'Offer exclusive VIP loyalty program with 20% discount and priority support', 'Action': 'Personal call from retention team within 24 hours'}",Very High
0,1,0,0,1,1,2,0,0,0,0,0,0,0,0,0,3,50.55,50.55,1,3.942552210462969,2,0,-1.481735637545222,-0.3072983385006725,New Low-Value Customers,"{'Risk': 'Medium', 'Strategy': 'Onboarding Support', 'Offer': 'Provide free onboarding assistance and offer a 10% discount on first 3 months', 'Action': 'Assign dedicated support agent for first 30 days'}",Medium
1,0,1,0,1,1,0,1,0,0,0,0,2,0,0,1,2,80.55,80.55,1,4.401216329067023,2,3,-0.9130228758948118,0.75695157403597,New Price-Shocked Customers,"{'Risk': 'Very High', 'Strategy': 'Price Reduction', 'Offer': 'Immediately offer 25% price reduction or downgrade to affordable plan', 'Action': 'Trigger automated discount coupon within 48 hours of signup'}",Very High
0,0,1,1,12,1,2,1,0,2,2,0,0,0,0,1,2,84.5,916.9,1,6.822088452225045,2,3,-0.20961092318231472,0.5601572715555576,New Price-Shocked Customers,"{'Risk': 'Very High', 'Strategy': 'Price Reduction', 'Offer': 'Immediately offer 25% price reduction or downgrade to affordable plan', 'Action': 'Trigger automated discount coupon within 48 hours of signup'}",Very High
0,0,0,0,22,1,0,1,0,2,0,0,0,2,0,1,3,84.3,1855.65,1,7.526529067552247,1,2,0.4199475713595895,0.22544219973626342,Mid-Tenure High Spenders,"{'Risk': 'High', 'Strategy': 'Value Enhancement', 'Offer': 'Upgrade to annual contract with 15% discount and free add-on services', 'Action': 'Send personalized email with tailored upgrade offer'}",High
1,0,0,0,2,1,0,1,0,0,0,0,0,0,0,1,2,67.75,116.65,1,4.767714115173372,2,3,-1.10763744892759,0.2753761457224829,New Price-Shocked Customers,"{'Risk': 'Very High', 'Strategy': 'Price Reduction', 'Offer': 'Immediately offer 25% price reduction or downgrade to affordable plan', 'Action': 'Trigger automated discount coupon within 48 hours of signup'}",Very High
0,1,0,0,27,1,2,1,0,0,0,0,0,2,0,1,2,85.25,2287.25,1,7.735542612264889,1,2,0.7414308459110932,0.09987777076031924,Mid-Tenure High Spenders,"{'Risk': 'High', 'Strategy': 'Value Enhancement', 'Offer': 'Upgrade to annual contract with 15% discount and free add-on services', 'Action': 'Send personalized email with tailored upgrade offer'}",High
0,0,0,0,10,1,2,1,0,2,0,0,0,0,0,1,0,80.05,830.7,1,6.723471798874642,2,3,-0.3845852200021336,0.45540585721681387,New Price-Shocked Customers,"{'Risk': 'Very High', 'Strategy': 'Price Reduction', 'Offer': 'Immediately offer 25% price reduction or downgrade to affordable plan', 'Action': 'Trigger automated discount coupon within 48 hours of signup'}",Very High
1,0,0,0,1,1,0,2,1,1,1,1,1,1,0,0,3,20.0,20.0,1,3.044522437723423,2,0,-2.0608747998258896,-1.39105949943382,New Low-Value Customers,"{'Risk': 'Medium', 'Strategy': 'Onboarding Support', 'Offer': 'Provide free onboarding assistance and offer a 10% discount on first 3 months', 'Action': 'Assign dedicated support agent for first 30 days'}",Medium
0,0,0,0,22,1,0,0,2,0,0,0,0,0,0,1,1,48.8,1054.6,1,6.961864604629169,1,0,-0.5133244658586942,-0.9443146643993968,New Low-Value Customers,"{'Risk': 'Medium', 'Strategy': 'Onboarding Support', 'Offer': 'Provide free onboarding assistance and offer a 10% discount on first 3 months', 'Action': 'Assign dedicated support agent for first 30 days'}",Medium
0,1,0,0,1,1,2,1,0,0,0,0,0,2,0,1,2,85.05,85.05,1,4.454928522657548,2,3,-0.8277159616472503,0.9165890609164664,New Price-Shocked Customers,"{'Risk': 'Very High', 'Strategy': 'Price Reduction', 'Offer': 'Immediately offer 25% price reduction or downgrade to affordable plan', 'Action': 'Trigger automated discount coupon within 48 hours of signup'}",Very High
0,0,1,1,21,1,0,1,0,2,2,2,2,2,0,1,2,102.8,2110.15,1,7.6549881016953245,1,2,0.8194866465191564,0.8758783461373713,Mid-Tenure High Spenders,"{'Risk': 'High', 'Strategy': 'Value Enhancement', 'Offer': 'Upgrade to annual contract with 15% discount and free add-on services', 'Action': 'Send personalized email with tailored upgrade offer'}",High
0,0,0,0,6,1,0,1,0,0,2,2,2,2,0,1,3,99.95,547.65,1,6.307460715436808,2,3,-0.23598406875878924,1.2839051854319827,New Price-Shocked Customers,"{'Risk': 'Very High', 'Strategy': 'Price Reduction', 'Offer': 'Immediately offer 25% price reduction or downgrade to affordable plan', 'Action': 'Trigger automated discount coupon within 48 hours of signup'}",Very High
1,0,1,0,72,1,2,1,2,2,2,2,2,2,1,1,0,117.8,8684.8,1,9.069444787271305,0,1,4.9360884133241,-0.47015035526381815,Loyal Premium Customers,"{'Risk': 'Very High', 'Strategy': 'Loyalty Reward', 'Offer': 'Offer exclusive VIP loyalty program with 20% discount and priority support', 'Action': 'Personal call from retention team within 24 hours'}",Very High
0,1,0,0,54,1,2,1,0,2,0,0,0,0,0,1,2,79.5,4370.25,1,8.382804288377585,0,1,2.1906864095127925,-0.9364260039473057,Loyal Premium Customers,"{'Risk': 'Very High', 'Strategy': 'Loyalty Reward', 'Offer': 'Offer exclusive VIP loyalty program with 20% discount and priority support', 'Action': 'Personal call from retention team within 24 hours'}",Very High
1,0,1,0,3,1,2,1,0,0,0,2,0,0,0,1,0,79.65,251.75,1,5.532400857900581,2,3,-0.8087490456329046,0.6613365337394793,New Price-Shocked Customers,"{'Risk': 'Very High', 'Strategy': 'Price Reduction', 'Offer': 'Immediately offer 25% price reduction or downgrade to affordable plan', 'Action': 'Trigger automated discount coupon within 48 hours of signup'}",Very High
1,0,0,0,8,1,0,1,0,0,2,0,2,2,0,1,2,94.7,740.3,1,6.608405401662674,2,3,-0.20540131025152747,1.0309540884263344,New Price-Shocked Customers,"{'Risk': 'Very High', 'Strategy': 'Price Reduction', 'Offer': 'Immediately offer 25% price reduction or downgrade to affordable plan', 'Action': 'Trigger automated discount coupon within 48 hours of signup'}",Very High
1,0,0,0,5,1,2,1,0,0,2,0,2,0,0,1,2,92.5,452.7,1,6.117436186669918,2,3,-0.4383750267868609,1.0516299471439299,New Price-Shocked Customers,"{'Risk': 'Very High', 'Strategy': 'Price Reduction', 'Offer': 'Immediately offer 25% price reduction or downgrade to affordable plan', 'Action': 'Trigger automated discount coupon within 48 hours of signup'}",Very High
0,0,1,1,1,1,0,2,1,1,1,1,1,1,0,0,3,19.45,19.45,1,3.017982882488811,2,0,-2.071301200456147,-1.4105707478303249,New Low-Value Customers,"{'Risk': 'Medium', 'Strategy': 'Onboarding Support', 'Offer': 'Provide free onboarding assistance and offer a 10% discount on first 3 months', 'Action': 'Assign dedicated support agent for first 30 days'}",Medium
0,0,0,0,2,1,2,1,0,0,0,0,0,0,0,1,2,75.55,166.3,1,5.119788607992779,2,3,-0.9455426788460338,0.5471826950158175,New Price-Shocked Customers,"{'Risk': 'Very High', 'Strategy': 'Price Reduction', 'Offer': 'Immediately offer 25% price reduction or downgrade to affordable plan', 'Action': 'Trigger automated discount coupon within 48 hours of signup'}",Very High
1,0,1,1,1,1,0,1,0,0,0,0,0,0,0,1,2,70.0,70.0,1,4.2626798770413155,2,3,-1.113020197075206,0.38269035479391755,New Price-Shocked Customers,"{'Risk': 'Very High', 'Strategy': 'Price Reduction', 'Offer': 'Immediately offer 25% price reduction or downgrade to affordable plan', 'Action': 'Trigger automated discount coupon within 48 hours of signup'}",Very High
1,0,1,1,65,1,0,0,2,0,0,2,2,2,2,1,0,74.8,4820.15,1,8.480767767798385,0,1,2.6016634350553844,-1.3958585751606711,Loyal Premium Customers,"{'Risk': 'Very High', 'Strategy': 'Loyalty Reward', 'Offer': 'Offer exclusive VIP loyalty program with 20% discount and priority support', 'Action': 'Personal call from retention team within 24 hours'}",Very High
0,0,1,0,33,1,2,1,0,2,2,0,2,2,0,1,2,104.4,3409.6,1,8.134643507878813,1,2,1.6680171376348873,0.5194662973784456,Mid-Tenure High Spenders,"{'Risk': 'High', 'Strategy': 'Value Enhancement', 'Offer': 'Upgrade to annual contract with 15% discount and free add-on services', 'Action': 'Send personalized email with tailored upgrade offer'}",High
0,0,0,0,15,1,0,1,2,0,0,0,2,0,0,0,2,86.2,1270.2,1,7.147716615222507,1,3,0.036392962400115476,0.5139953854698323,New Price-Shocked Customers,"{'Risk': 'Very High', 'Strategy': 'Price Reduction', 'Offer': 'Immediately offer 25% price reduction or downgrade to affordable plan', 'Action': 'Trigger automated discount coupon within 48 hours of signup'}",Very High
0,0,1,1,30,0,1,0,0,0,0,2,2,2,0,0,1,51.2,1561.5,1,7.354042381610556,1,4,-0.04501457891934633,-1.0923998513699609,Mid-Tenure Low Spenders,"{'Risk': 'Medium', 'Strategy': 'Upsell + Retain', 'Offer': 'Offer bundled services upgrade at same price point', 'Action': 'Send monthly value report showing benefits they are missing'}",Medium
0,0,0,0,2,1,0,2,1,1,1,1,1,1,0,0,3,19.5,31.55,1,3.4827773686545784,2,0,-2.0348465386257932,-1.4319792719572433,New Low-Value Customers,"{'Risk': 'Medium', 'Strategy': 'Onboarding Support', 'Offer': 'Provide free onboarding assistance and offer a 10% discount on first 3 months', 'Action': 'Assign dedicated support agent for first 30 days'}",Medium
0,1,0,0,4,1,2,1,0,0,0,0,0,0,0,1,2,74.9,321.75,1,5.776878029726752,2,3,-0.8419697483980721,0.46230916020215207,New Price-Shocked Customers,"{'Risk': 'Very High', 'Strategy': 'Price Reduction', 'Offer': 'Immediately offer 25% price reduction or downgrade to affordable plan', 'Action': 'Trigger automated discount coupon within 48 hours of signup'}",Very High
0,0,0,0,2,1,2,1,0,0,0,0,0,0,0,0,1,74.9,147.15,1,4.998225274019575,2,3,-0.9641549885138193,0.5262893212806197,New Price-Shocked Customers,"{'Risk': 'Very High', 'Strategy': 'Price Reduction', 'Offer': 'Immediately offer 25% price reduction or downgrade to affordable plan', 'Action': 'Trigger automated discount coupon within 48 hours of signup'}",Very High
0,0,0,0,25,1,2,1,0,2,0,0,2,2,0,1,2,100.25,2387.75,1,7.778525495554483,1,2,0.9920387961508286,0.6655388949408807,Mid-Tenure High Spenders,"{'Risk': 'High', 'Strategy': 'Value Enhancement', 'Offer': 'Upgrade to annual contract with 15% discount and free add-on services', 'Action': 'Send personalized email with tailored upgrade offer'}",High
0,1,0,0,25,1,2,1,2,2,0,0,2,2,0,1,3,102.8,2660.2,1,7.886532427867732,1,2,1.1321482962783562,0.72440908116061,Mid-Tenure High Spenders,"{'Risk': 'High', 'Strategy': 'Value Enhancement', 'Offer': 'Upgrade to annual contract with 15% discount and free add-on services', 'Action': 'Send personalized email with tailored upgrade offer'}",High
1,0,0,0,43,1,2,1,0,0,0,2,2,2,1,1,2,100.0,4211.55,1,8.345823444026378,0,1,2.172870413236181,0.05127670490837231,Loyal Premium Customers,"{'Risk': 'Very High', 'Strategy': 'Loyalty Reward', 'Offer': 'Offer exclusive VIP loyalty program with 20% discount and priority support', 'Action': 'Personal call from retention team within 24 hours'}",Very High
1,0,1,0,10,1,0,1,0,2,0,2,2,2,0,1,2,99.85,990.9,1,6.899622295751948,2,3,0.03850271925019343,1.1413773637334494,New Price-Shocked Customers,"{'Risk': 'Very High', 'Strategy': 'Price Reduction', 'Offer': 'Immediately offer 25% price reduction or downgrade to affordable plan', 'Action': 'Trigger automated discount coupon within 48 hours of signup'}",Very High
0,0,0,1,2,1,2,1,0,0,0,0,2,2,0,1,0,94.2,193.8,1,5.271973391208435,2,3,-0.5889838164247079,1.207755522363175,New Price-Shocked Customers,"{'Risk': 'Very High', 'Strategy': 'Price Reduction', 'Offer': 'Immediately offer 25% price reduction or downgrade to affordable plan', 'Action': 'Trigger automated discount coupon within 48 hours of signup'}",Very High
1,1,0,0,9,1,2,1,0,0,0,0,0,2,0,1,2,83.85,790.15,1,6.6734875831649925,2,3,-0.3590374263166015,0.6171737467216099,New Price-Shocked Customers,"{'Risk': 'Very High', 'Strategy': 'Price Reduction', 'Offer': 'Immediately offer 25% price reduction or downgrade to affordable plan', 'Action': 'Trigger automated discount coupon within 48 hours of signup'}",Very High
0,1,0,0,27,1,2,1,0,0,2,0,0,2,0,0,1,88.3,2467.75,1,7.811467228649432,1,2,0.8595848934460812,0.18730647500797645,Mid-Tenure High Spenders,"{'Risk': 'High', 'Strategy': 'Value Enhancement', 'Offer': 'Upgrade to annual contract with 15% discount and free add-on services', 'Action': 'Send personalized email with tailored upgrade offer'}",High
1,0,0,0,69,1,0,1,0,2,2,2,2,2,1,1,0,104.05,7262.0,1,8.890548245606169,0,1,4.1021071461881276,-0.7276905555439901,Loyal Premium Customers,"{'Risk': 'Very High', 'Strategy': 'Loyalty Reward', 'Offer': 'Offer exclusive VIP loyalty program with 20% discount and priority support', 'Action': 'Personal call from retention team within 24 hours'}",Very High
1,0,1,0,22,1,0,1,0,0,2,0,2,2,0,1,1,94.7,1914.9,1,7.557942765101947,1,2,0.6337108563962994,0.5886644106068278,Mid-Tenure High Spenders,"{'Risk': 'High', 'Strategy': 'Value Enhancement', 'Offer': 'Upgrade to annual contract with 15% discount and free add-on services', 'Action': 'Send personalized email with tailored upgrade offer'}",High
0,1,1,0,56,1,2,1,0,0,2,0,2,2,0,1,0,100.65,5688.05,1,8.646298553602866,0,1,3.09532326667454,-0.38144285839511194,Loyal Premium Customers,"{'Risk': 'Very High', 'Strategy': 'Loyalty Reward', 'Offer': 'Offer exclusive VIP loyalty program with 20% discount and priority support', 'Action': 'Personal call from retention team within 24 hours'}",Very High
0,1,1,0,66,1,2,0,0,2,2,0,2,2,2,1,0,80.55,5265.1,1,8.569045329621488,0,1,2.8914091355587863,-1.2650563543944933,Loyal Premium Customers,"{'Risk': 'Very High', 'Strategy': 'Loyalty Reward', 'Offer': 'Offer exclusive VIP loyalty program with 20% discount and priority support', 'Action': 'Personal call from retention team within 24 hours'}",Very High
1,1,1,0,24,1,2,1,2,0,0,0,0,0,0,1,2,78.85,1772.25,1,7.4805693000821964,1,2,0.3529469317983048,-0.0023164091241898955,Mid-Tenure High Spenders,"{'Risk': 'High', 'Strategy': 'Value Enhancement', 'Offer': 'Upgrade to annual contract with 15% discount and free add-on services', 'Action': 'Send personalized email with tailored upgrade offer'}",High
0,0,0,0,1,1,0,0,0,0,0,0,0,0,0,1,3,44.45,44.45,1,3.816612820623488,2,0,-1.5973738990808053,-0.5236958207164563,New Low-Value Customers,"{'Risk': 'Medium', 'Strategy': 'Onboarding Support', 'Offer': 'Provide free onboarding assistance and offer a 10% discount on first 3 months', 'Action': 'Assign dedicated support agent for first 30 days'}",Medium
1,0,0,0,36,1,2,1,0,0,0,0,0,2,0,1,2,84.9,3067.2,1,8.028846349410673,1,2,1.2827933858833525,-0.19981714785093496,Mid-Tenure High Spenders,"{'Risk': 'High', 'Strategy': 'Value Enhancement', 'Offer': 'Upgrade to annual contract with 15% discount and free add-on services', 'Action': 'Send personalized email with tailored upgrade offer'}",High
1,0,0,0,1,1,0,2,1,1,1,1,1,1,0,0,3,20.25,20.25,1,3.056356895370426,2,0,-2.056135526812136,-1.3821907501626813,New Low-Value Customers,"{'Risk': 'Medium', 'Strategy': 'Onboarding Support', 'Offer': 'Provide free onboarding assistance and offer a 10% discount on first 3 months', 'Action': 'Assign dedicated support agent for first 30 days'}",Medium
1,0,0,0,1,1,0,1,0,2,0,0,0,0,0,1,2,74.35,74.35,1,4.3221439250725044,2,3,-1.0305568466358968,0.5370065921117305,New Price-Shocked Customers,"{'Risk': 'Very High', 'Strategy': 'Price Reduction', 'Offer': 'Immediately offer 25% price reduction or downgrade to affordable plan', 'Action': 'Trigger automated discount coupon within 48 hours of signup'}",Very High
1,0,0,0,1,1,2,0,0,0,2,2,0,0,0,0,3,62.05,62.05,1,4.143928062410929,2,3,-1.2637290789125648,0.10066412797170722,New Price-Shocked Customers,"{'Risk': 'Very High', 'Strategy': 'Price Reduction', 'Offer': 'Immediately offer 25% price reduction or downgrade to affordable plan', 'Action': 'Trigger automated discount coupon within 48 hours of signup'}",Very High
1,0,1,1,39,1,0,0,2,0,2,2,2,2,1,0,1,80.0,3182.95,1,8.065877843323385,0,2,1.3251549692428783,-0.45308194925166073,Mid-Tenure High Spenders,"{'Risk': 'High', 'Strategy': 'Value Enhancement', 'Offer': 'Upgrade to annual contract with 15% discount and free add-on services', 'Action': 'Send personalized email with tailored upgrade offer'}",High
1,0,0,0,5,1,2,1,0,2,2,0,2,2,0,0,3,104.1,541.9,1,6.296925140911405,2,3,-0.19208792073436354,1.4540570456980855,New Price-Shocked Customers,"{'Risk': 'Very High', 'Strategy': 'Price Reduction', 'Offer': 'Immediately offer 25% price reduction or downgrade to affordable plan', 'Action': 'Trigger automated discount coupon within 48 hours of signup'}",Very High
1,1,1,0,24,0,1,0,2,0,0,0,0,2,0,0,0,39.1,971.3,1,6.879664398815612,1,0,-0.6594136996662561,-1.3233511664642597,New Low-Value Customers,"{'Risk': 'Medium', 'Strategy': 'Onboarding Support', 'Offer': 'Provide free onboarding assistance and offer a 10% discount on first 3 months', 'Action': 'Assign dedicated support agent for first 30 days'}",Medium
1,0,0,0,2,1,2,1,0,0,0,0,0,0,0,1,2,76.5,162.45,1,5.09650713317022,2,3,-0.9291654932420804,0.5814457691096506,New Price-Shocked Customers,"{'Risk': 'Very High', 'Strategy': 'Price Reduction', 'Offer': 'Immediately offer 25% price reduction or downgrade to affordable plan', 'Action': 'Trigger automated discount coupon within 48 hours of signup'}",Very High
1,0,0,0,5,1,0,0,0,0,0,2,0,0,0,1,2,49.2,216.9,1,5.384036241950574,2,0,-1.3246691921022036,-0.4619058284454387,New Low-Value Customers,"{'Risk': 'Medium', 'Strategy': 'Onboarding Support', 'Offer': 'Provide free onboarding assistance and offer a 10% discount on first 3 months', 'Action': 'Assign dedicated support agent for first 30 days'}",Medium
1,0,0,0,11,1,2,2,1,1,1,1,1,1,0,0,1,23.15,245.2,1,5.506144213750353,2,0,-1.6115637906607663,-1.523022148009981,New Low-Value Customers,"{'Risk': 'Medium', 'Strategy': 'Onboarding Support', 'Offer': 'Provide free onboarding assistance and offer a 10% discount on first 3 months', 'Action': 'Assign dedicated support agent for first 30 days'}",Medium
0,0,1,1,4,1,0,1,0,0,0,0,0,2,0,0,2,80.85,302.75,1,5.716204994654758,2,3,-0.7376583201739337,0.6763057220728509,New Price-Shocked Customers,"{'Risk': 'Very High', 'Strategy': 'Price Reduction', 'Offer': 'Immediately offer 25% price reduction or downgrade to affordable plan', 'Action': 'Trigger automated discount coupon within 48 hours of signup'}",Very High
1,0,0,0,1,1,2,0,0,2,0,2,0,0,0,0,3,60.1,60.1,1,4.11251186617755,2,0,-1.3006954084198414,0.031487883656825595,New Low-Value Customers,"{'Risk': 'Medium', 'Strategy': 'Onboarding Support', 'Offer': 'Provide free onboarding assistance and offer a 10% discount on first 3 months', 'Action': 'Assign dedicated support agent for first 30 days'}",Medium
1,0,0,0,1,1,0,1,0,0,0,0,2,0,0,1,2,78.95,78.95,1,4.381401439279963,2,3,-0.9433542231828336,0.7001915787006826,New Price-Shocked Customers,"{'Risk': 'Very High', 'Strategy': 'Price Reduction', 'Offer': 'Immediately offer 25% price reduction or downgrade to affordable plan', 'Action': 'Trigger automated discount coupon within 48 hours of signup'}",Very High
1,0,0,0,2,1,0,0,0,0,0,0,0,0,0,1,2,45.15,98.5,1,4.600157644164547,2,0,-1.5345546813031954,-0.52687964870983,New Low-Value Customers,"{'Risk': 'Medium', 'Strategy': 'Onboarding Support', 'Offer': 'Provide free onboarding assistance and offer a 10% discount on first 3 months', 'Action': 'Assign dedicated support agent for first 30 days'}",Medium
0,0,0,0,3,1,0,1,0,0,0,0,2,0,0,1,2,79.4,244.65,1,5.503907758614657,2,3,-0.8158173926385165,0.6532695582214689,New Price-Shocked Customers,"{'Risk': 'Very High', 'Strategy': 'Price Reduction', 'Offer': 'Immediately offer 25% price reduction or downgrade to affordable plan', 'Action': 'Trigger automated discount coupon within 48 hours of signup'}",Very High
1,0,0,0,44,0,1,0,0,2,2,0,2,2,1,1,3,53.95,2375.4,1,7.773342016481586,0,4,0.722652664990574,-1.3945924593858523,Mid-Tenure Low Spenders,"{'Risk': 'Medium', 'Strategy': 'Upsell + Retain', 'Offer': 'Offer bundled services upgrade at same price point', 'Action': 'Send monthly value report showing benefits they are missing'}",Medium
0,0,1,0,24,1,0,1,0,2,2,0,2,2,0,1,1,99.3,2431.35,1,7.796613147205047,1,2,0.9577673628489468,0.6483950465928591,Mid-Tenure High Spenders,"{'Risk': 'High', 'Strategy': 'Value Enhancement', 'Offer': 'Upgrade to annual contract with 15% discount and free add-on services', 'Action': 'Send personalized email with tailored upgrade offer'}",High
1,0,0,0,18,1,2,1,0,2,0,0,0,0,0,1,2,80.65,1451.9,1,7.281316838077293,1,3,0.0890771553191786,0.2298764882330016,New Price-Shocked Customers,"{'Risk': 'Very High', 'Strategy': 'Price Reduction', 'Offer': 'Immediately offer 25% price reduction or downgrade to affordable plan', 'Action': 'Trigger automated discount coupon within 48 hours of signup'}",Very High
0,0,0,0,1,1,0,1,0,0,0,0,0,0,0,0,3,71.1,71.1,1,4.278054044290903,2,3,-1.0921673958146911,0.4217128515869276,New Price-Shocked Customers,"{'Risk': 'Very High', 'Strategy': 'Price Reduction', 'Offer': 'Immediately offer 25% price reduction or downgrade to affordable plan', 'Action': 'Trigger automated discount coupon within 48 hours of signup'}",Very High
0,1,1,0,65,1,2,1,0,2,2,0,2,2,1,1,2,106.25,6979.8,1,8.850918802369344,0,1,3.9214749684298433,-0.5292699024583639,Loyal Premium Customers,"{'Risk': 'Very High', 'Strategy': 'Loyalty Reward', 'Offer': 'Offer exclusive VIP loyalty program with 20% discount and priority support', 'Action': 'Personal call from retention team within 24 hours'}",Very High
0,0,1,0,53,1,0,2,1,1,1,1,1,1,1,0,0,20.8,1021.8,1,6.930299243417031,0,4,-0.0720551061783731,-2.6119802441392377,Mid-Tenure Low Spenders,"{'Risk': 'Medium', 'Strategy': 'Upsell + Retain', 'Offer': 'Offer bundled services upgrade at same price point', 'Action': 'Send monthly value report showing benefits they are missing'}",Medium
1,1,0,0,1,1,2,1,0,0,0,0,2,2,0,1,2,94.0,94.0,1,4.553876891600541,2,3,-0.6580499877548779,1.2340902848232316,New Price-Shocked Customers,"{'Risk': 'Very High', 'Strategy': 'Price Reduction', 'Offer': 'Immediately offer 25% price reduction or downgrade to affordable plan', 'Action': 'Trigger automated discount coupon within 48 hours of signup'}",Very High
0,1,0,0,15,1,2,1,0,2,0,0,0,2,0,0,2,89.85,1424.95,1,7.262593537245912,1,3,0.15696198054249522,0.6257932833543433,New Price-Shocked Customers,"{'Risk': 'Very High', 'Strategy': 'Price Reduction', 'Offer': 'Immediately offer 25% price reduction or downgrade to affordable plan', 'Action': 'Trigger automated discount coupon within 48 hours of signup'}",Very High
0,0,0,0,4,1,0,0,0,0,0,0,0,0,0,1,3,46.0,193.6,1,5.270946169751904,2,0,-1.4235757808597862,-0.5513013146658632,New Low-Value Customers,"{'Risk': 'Medium', 'Strategy': 'Onboarding Support', 'Offer': 'Provide free onboarding assistance and offer a 10% discount on first 3 months', 'Action': 'Assign dedicated support agent for first 30 days'}",Medium
0,0,0,0,9,1,0,0,0,2,0,2,2,0,0,0,3,66.25,620.55,1,6.432216358237724,2,3,-0.7443638883479801,0.010604982044467432,New Price-Shocked Customers,"{'Risk': 'Very High', 'Strategy': 'Price Reduction', 'Offer': 'Immediately offer 25% price reduction or downgrade to affordable plan', 'Action': 'Trigger automated discount coupon within 48 hours of signup'}",Very High
0,0,0,0,22,1,2,1,0,0,0,2,2,0,0,1,2,90.0,1993.8,1,7.598299073671967,1,2,0.573037426762461,0.41214677310335895,Mid-Tenure High Spenders,"{'Risk': 'High', 'Strategy': 'Value Enhancement', 'Offer': 'Upgrade to annual contract with 15% discount and free add-on services', 'Action': 'Send personalized email with tailored upgrade offer'}",High
1,0,0,0,38,1,0,1,0,0,0,0,0,0,1,1,0,70.45,2597.6,1,7.862728117448636,0,4,0.9169268434139474,-0.7027005027818738,Mid-Tenure Low Spenders,"{'Risk': 'Medium', 'Strategy': 'Upsell + Retain', 'Offer': 'Offer bundled services upgrade at same price point', 'Action': 'Send monthly value report showing benefits they are missing'}",Medium
1,0,0,1,53,1,0,2,1,1,1,1,1,1,2,0,0,19.75,1052.35,1,6.95973084057248,0,4,-0.08121571150143227,-2.6529276845961003,Mid-Tenure Low Spenders,"{'Risk': 'Medium', 'Strategy': 'Upsell + Retain', 'Offer': 'Offer bundled services upgrade at same price point', 'Action': 'Send monthly value report showing benefits they are missing'}",Medium
1,0,0,0,1,1,0,0,2,0,0,2,0,0,0,1,2,53.95,53.95,1,4.006423680849631,2,0,-1.4172815245581754,-0.18668334841318615,New Low-Value Customers,"{'Risk': 'Medium', 'Strategy': 'Onboarding Support', 'Offer': 'Provide free onboarding assistance and offer a 10% discount on first 3 months', 'Action': 'Assign dedicated support agent for first 30 days'}",Medium
0,1,0,0,8,1,2,1,0,2,2,0,2,2,0,1,2,105.5,829.55,1,6.7220881319370855,2,3,0.026009131338430493,1.4049016991391006,New Price-Shocked Customers,"{'Risk': 'Very High', 'Strategy': 'Price Reduction', 'Offer': 'Immediately offer 25% price reduction or downgrade to affordable plan', 'Action': 'Trigger automated discount coupon within 48 hours of signup'}",Very High
0,0,0,1,16,1,0,1,0,0,0,0,2,0,0,1,2,81.0,1312.15,1,7.180184109971104,1,3,-0.014742729917588541,0.3022347677096144,New Price-Shocked Customers,"{'Risk': 'Very High', 'Strategy': 'Price Reduction', 'Offer': 'Immediately offer 25% price reduction or downgrade to affordable plan', 'Action': 'Trigger automated discount coupon within 48 hours of signup'}",Very High
0,0,1,1,1,1,0,1,0,0,0,0,0,0,0,1,2,69.8,69.8,1,4.259859000699674,2,3,-1.1168116154862089,0.3755953553770065,New Price-Shocked Customers,"{'Risk': 'Very High', 'Strategy': 'Price Reduction', 'Offer': 'Immediately offer 25% price reduction or downgrade to affordable plan', 'Action': 'Trigger automated discount coupon within 48 hours of signup'}",Very High
1,1,0,0,7,1,2,1,0,0,0,0,0,0,0,0,3,73.75,545.15,1,6.302893663289552,2,3,-0.6931919475323763,0.32991438721886795,New Price-Shocked Customers,"{'Risk': 'Very High', 'Strategy': 'Price Reduction', 'Offer': 'Immediately offer 25% price reduction or downgrade to affordable plan', 'Action': 'Trigger automated discount coupon within 48 hours of signup'}",Very High
1,1,0,0,9,1,2,0,2,0,0,0,0,0,0,0,2,54.55,494.05,1,6.204658767568524,2,0,-1.0051951054303787,-0.3910154580259732,New Low-Value Customers,"{'Risk': 'Medium', 'Strategy': 'Onboarding Support', 'Offer': 'Provide free onboarding assistance and offer a 10% discount on first 3 months', 'Action': 'Assign dedicated support agent for first 30 days'}",Medium
0,1,0,0,37,1,2,1,0,0,0,0,0,0,0,1,2,76.25,2841.55,1,7.952456815619502,0,2,1.0764418726985625,-0.5030484709705566,Mid-Tenure High Spenders,"{'Risk': 'High', 'Strategy': 'Value Enhancement', 'Offer': 'Upgrade to annual contract with 15% discount and free add-on services', 'Action': 'Send personalized email with tailored upgrade offer'}",High
0,0,0,0,5,1,2,1,0,0,0,0,2,2,0,1,3,93.9,486.85,1,6.1900079815539595,2,3,-0.40069974415314574,1.097461645191511,New Price-Shocked Customers,"{'Risk': 'Very High', 'Strategy': 'Price Reduction', 'Offer': 'Immediately offer 25% price reduction or downgrade to affordable plan', 'Action': 'Trigger automated discount coupon within 48 hours of signup'}",Very High
0,1,0,0,3,1,0,1,0,0,0,0,0,0,0,1,2,70.4,204.7,1,5.326418796658912,2,3,-0.9969545554472193,0.33761719725745715,New Price-Shocked Customers,"{'Risk': 'Very High', 'Strategy': 'Price Reduction', 'Offer': 'Immediately offer 25% price reduction or downgrade to affordable plan', 'Action': 'Trigger automated discount coupon within 48 hours of signup'}",Very High
0,0,1,1,31,1,2,1,0,2,0,0,0,2,0,1,2,91.15,2995.45,1,8.005183533625202,1,2,1.217705983358445,0.13989054275560256,Mid-Tenure High Spenders,"{'Risk': 'High', 'Strategy': 'Value Enhancement', 'Offer': 'Upgrade to annual contract with 15% discount and free add-on services', 'Action': 'Send personalized email with tailored upgrade offer'}",High
0,0,0,0,2,1,0,1,0,0,0,0,0,0,0,1,2,70.95,137.95,1,4.934114156188513,2,3,-1.0408205588402122,0.386777580928588,New Price-Shocked Customers,"{'Risk': 'Very High', 'Strategy': 'Price Reduction', 'Offer': 'Immediately offer 25% price reduction or downgrade to affordable plan', 'Action': 'Trigger automated discount coupon within 48 hours of signup'}",Very High
0,0,1,0,37,1,2,1,0,0,2,0,2,2,0,1,2,99.5,3762.0,1,8.232971790593437,0,2,1.822251954290837,0.21673040667502552,Mid-Tenure High Spenders,"{'Risk': 'High', 'Strategy': 'Value Enhancement', 'Offer': 'Upgrade to annual contract with 15% discount and free add-on services', 'Action': 'Send personalized email with tailored upgrade offer'}",High
0,0,0,0,38,1,0,1,2,2,2,0,0,0,0,1,1,83.9,3233.6,1,8.081660551685678,0,2,1.3835734561716218,-0.29842956571869844,Mid-Tenure High Spenders,"{'Risk': 'High', 'Strategy': 'Value Enhancement', 'Offer': 'Upgrade to annual contract with 15% discount and free add-on services', 'Action': 'Send personalized email with tailored upgrade offer'}",High
0,1,1,0,48,1,2,1,2,2,2,2,2,2,0,0,2,117.45,5438.9,1,8.60151595732809,0,1,3.0720991239444255,0.4198406479552915,Loyal Premium Customers,"{'Risk': 'Very High', 'Strategy': 'Loyalty Reward', 'Offer': 'Offer exclusive VIP loyalty program with 20% discount and priority support', 'Action': 'Personal call from retention team within 24 hours'}",Very High
1,0,0,0,10,1,0,1,2,2,2,0,2,2,0,1,2,104.4,1081.45,1,6.986982269433439,2,3,0.1539984170493867,1.2927225358303596,New Price-Shocked Customers,"{'Risk': 'Very High', 'Strategy': 'Price Reduction', 'Offer': 'Immediately offer 25% price reduction or downgrade to affordable plan', 'Action': 'Trigger automated discount coupon within 48 hours of signup'}",Very High
1,1,0,0,8,0,1,0,0,0,2,0,0,0,0,1,2,29.4,221.9,1,5.406723240391823,2,0,-1.597358315708314,-1.232529106225396,New Low-Value Customers,"{'Risk': 'Medium', 'Strategy': 'Onboarding Support', 'Offer': 'Provide free onboarding assistance and offer a 10% discount on first 3 months', 'Action': 'Assign dedicated support agent for first 30 days'}",Medium
1,0,0,0,2,1,0,0,0,0,0,0,0,0,0,0,3,44.65,74.9,1,4.3294166844015844,2,0,-1.5518874768506925,-0.541913355471485,New Low-Value Customers,"{'Risk': 'Medium', 'Strategy': 'Onboarding Support', 'Offer': 'Provide free onboarding assistance and offer a 10% discount on first 3 months', 'Action': 'Assign dedicated support agent for first 30 days'}",Medium
0,0,0,0,3,0,1,0,0,0,0,0,0,0,0,0,2,25.25,58.9,1,4.092676505121403,2,0,-1.8870893489253293,-1.25229811406605,New Low-Value Customers,"{'Risk': 'Medium', 'Strategy': 'Onboarding Support', 'Offer': 'Provide free onboarding assistance and offer a 10% discount on first 3 months', 'Action': 'Assign dedicated support agent for first 30 days'}",Medium
0,0,0,1,4,1,2,1,0,2,2,0,0,0,0,0,0,84.05,333.55,1,5.812786345228826,2,3,-0.6676113274701097,0.7865952082782671,New Price-Shocked Customers,"{'Risk': 'Very High', 'Strategy': 'Price Reduction', 'Offer': 'Immediately offer 25% price reduction or downgrade to affordable plan', 'Action': 'Trigger automated discount coupon within 48 hours of signup'}",Very High
1,1,1,0,37,1,2,1,0,0,0,0,2,0,0,1,2,85.7,3171.15,1,8.062164870413456,0,2,1.3644408507926762,-0.2052824298447269,Mid-Tenure High Spenders,"{'Risk': 'High', 'Strategy': 'Value Enhancement', 'Offer': 'Upgrade to annual contract with 15% discount and free add-on services', 'Action': 'Send personalized email with tailored upgrade offer'}",High
0,0,0,0,1,1,0,1,0,2,0,0,0,0,0,1,2,74.7,74.7,1,4.3267781604434035,2,3,-1.0239218644166417,0.5494228410913249,New Price-Shocked Customers,"{'Risk': 'Very High', 'Strategy': 'Price Reduction', 'Offer': 'Immediately offer 25% price reduction or downgrade to affordable plan', 'Action': 'Trigger automated discount coupon within 48 hours of signup'}",Very High
0,0,0,0,5,1,2,1,0,2,0,0,2,0,0,1,2,90.8,455.5,1,6.1235887000350235,2,3,-0.46907203467259395,0.9907957394156497,New Price-Shocked Customers,"{'Risk': 'Very High', 'Strategy': 'Price Reduction', 'Offer': 'Immediately offer 25% price reduction or downgrade to affordable plan', 'Action': 'Trigger automated discount coupon within 48 hours of signup'}",Very High
0,1,0,0,28,1,2,1,0,2,2,0,2,2,0,1,2,106.15,3152.5,1,8.056268226103706,1,2,1.4561318673693358,0.7207044986597045,Mid-Tenure High Spenders,"{'Risk': 'High', 'Strategy': 'Value Enhancement', 'Offer': 'Upgrade to annual contract with 15% discount and free add-on services', 'Action': 'Send personalized email with tailored upgrade offer'}",High
0,0,0,0,30,1,0,0,2,2,2,2,2,2,1,0,0,85.35,2530.4,1,7.836527788358348,1,2,0.9201952116775828,0.009661369762966098,Mid-Tenure High Spenders,"{'Risk': 'High', 'Strategy': 'Value Enhancement', 'Offer': 'Upgrade to annual contract with 15% discount and free add-on services', 'Action': 'Send personalized email with tailored upgrade offer'}",High
1,1,0,0,36,1,2,1,2,0,0,0,2,0,0,1,2,90.85,3186.7,1,8.06705493259633,1,2,1.4341963101472581,-0.002031631937646664,Mid-Tenure High Spenders,"{'Risk': 'High', 'Strategy': 'Value Enhancement', 'Offer': 'Upgrade to annual contract with 15% discount and free add-on services', 'Action': 'Send personalized email with tailored upgrade offer'}",High
0,0,0,0,1,0,1,0,0,0,0,0,2,0,0,1,2,35.75,35.75,1,3.6041382256588457,2,0,-1.7623005999594243,-0.8323282953520829,New Low-Value Customers,"{'Risk': 'Medium', 'Strategy': 'Onboarding Support', 'Offer': 'Provide free onboarding assistance and offer a 10% discount on first 3 months', 'Action': 'Assign dedicated support agent for first 30 days'}",Medium
0,1,1,1,4,1,0,0,0,0,0,0,0,0,0,0,2,46.0,181.6,1,5.207297968160868,2,0,-1.4276559104805602,-0.5498967475070984,New Low-Value Customers,"{'Risk': 'Medium', 'Strategy': 'Onboarding Support', 'Offer': 'Provide free onboarding assistance and offer a 10% discount on first 3 months', 'Action': 'Assign dedicated support agent for first 30 days'}",Medium
1,0,1,1,17,1,0,1,2,0,2,0,2,0,0,1,2,89.4,1539.45,1,7.339829860515501,1,2,0.25033488491022216,0.5528312428395198,Mid-Tenure High Spenders,"{'Risk': 'High', 'Strategy': 'Value Enhancement', 'Offer': 'Upgrade to annual contract with 15% discount and free add-on services', 'Action': 'Send personalized email with tailored upgrade offer'}",High
1,0,0,0,3,1,0,2,1,1,1,1,1,1,0,1,3,19.8,58.15,1,4.080076590424396,2,0,-1.9888074498570172,-1.4461869703140566,New Low-Value Customers,"{'Risk': 'Medium', 'Strategy': 'Onboarding Support', 'Offer': 'Provide free onboarding assistance and offer a 10% discount on first 3 months', 'Action': 'Assign dedicated support agent for first 30 days'}",Medium
1,0,1,1,4,1,2,0,0,0,0,0,0,0,0,1,2,50.9,225.6,1,5.423186348593906,2,0,-1.3214717370633047,-0.3806458097850887,New Low-Value Customers,"{'Risk': 'Medium', 'Strategy': 'Onboarding Support', 'Offer': 'Provide free onboarding assistance and offer a 10% discount on first 3 months', 'Action': 'Assign dedicated support agent for first 30 days'}",Medium
1,0,0,0,4,1,0,1,0,0,0,0,2,0,0,1,2,81.0,340.85,1,5.834372044359803,2,3,-0.7219113464399836,0.6771850279959406,New Price-Shocked Customers,"{'Risk': 'Very High', 'Strategy': 'Price Reduction', 'Offer': 'Immediately offer 25% price reduction or downgrade to affordable plan', 'Action': 'Trigger automated discount coupon within 48 hours of signup'}",Very High
1,0,0,0,26,1,2,1,0,0,2,0,2,2,0,1,2,98.35,2515.3,1,7.830544847596122,1,2,1.031444396597145,0.5612127777958313,Mid-Tenure High Spenders,"{'Risk': 'High', 'Strategy': 'Value Enhancement', 'Offer': 'Upgrade to annual contract with 15% discount and free add-on services', 'Action': 'Send personalized email with tailored upgrade offer'}",High
1,0,0,0,5,0,1,0,0,2,0,0,2,2,0,1,3,51.0,305.95,1,5.726684867873505,2,0,-1.2608804839521341,-0.40826320741009275,New Low-Value Customers,"{'Risk': 'Medium', 'Strategy': 'Onboarding Support', 'Offer': 'Provide free onboarding assistance and offer a 10% discount on first 3 months', 'Action': 'Assign dedicated support agent for first 30 days'}",Medium
0,0,1,0,4,1,2,1,0,2,0,0,2,0,0,1,2,91.65,365.4,1,5.903725632799975,2,3,-0.5152921659100246,1.0533667899875463,New Price-Shocked Customers,"{'Risk': 'Very High', 'Strategy': 'Price Reduction', 'Offer': 'Immediately offer 25% price reduction or downgrade to affordable plan', 'Action': 'Trigger automated discount coupon within 48 hours of signup'}",Very High
1,0,0,1,1,1,0,1,0,0,0,0,2,2,0,1,2,90.85,90.85,1,4.520156811661135,2,3,-0.7177648277281711,1.122344044006884,New Price-Shocked Customers,"{'Risk': 'Very High', 'Strategy': 'Price Reduction', 'Offer': 'Immediately offer 25% price reduction or downgrade to affordable plan', 'Action': 'Trigger automated discount coupon within 48 hours of signup'}",Very High
1,0,0,0,1,1,0,1,0,0,0,0,0,0,0,0,3,69.4,69.4,1,4.254193263163997,2,3,-1.124394452308214,0.3614053565431849,New Price-Shocked Customers,"{'Risk': 'Very High', 'Strategy': 'Price Reduction', 'Offer': 'Immediately offer 25% price reduction or downgrade to affordable plan', 'Action': 'Trigger automated discount coupon within 48 hours of signup'}",Very High
0,1,0,0,8,1,0,1,0,0,2,0,2,2,0,1,1,94.45,742.95,1,6.611973828273706,2,3,-0.20915455194026047,1.0217459020918276,New Price-Shocked Customers,"{'Risk': 'Very High', 'Strategy': 'Price Reduction', 'Offer': 'Immediately offer 25% price reduction or downgrade to affordable plan', 'Action': 'Trigger automated discount coupon within 48 hours of signup'}",Very High
0,0,1,1,1,1,0,2,1,1,1,1,1,1,0,1,1,20.15,20.15,1,3.051639905492287,2,0,-2.0580312360176376,-1.3857382498711368,New Low-Value Customers,"{'Risk': 'Medium', 'Strategy': 'Onboarding Support', 'Offer': 'Provide free onboarding assistance and offer a 10% discount on first 3 months', 'Action': 'Assign dedicated support agent for first 30 days'}",Medium
1,1,0,0,50,1,2,1,0,0,0,0,2,2,0,1,2,95.7,4816.7,1,8.480051914735554,0,1,2.5184422399818813,-0.3250032183455195,Loyal Premium Customers,"{'Risk': 'Very High', 'Strategy': 'Loyalty Reward', 'Offer': 'Offer exclusive VIP loyalty program with 20% discount and priority support', 'Action': 'Personal call from retention team within 24 hours'}",Very High
0,0,0,0,26,1,2,1,0,0,0,0,0,0,0,1,0,74.95,1834.95,1,7.51531733769414,1,2,0.36447834631253234,-0.19200795440353743,Mid-Tenure High Spenders,"{'Risk': 'High', 'Strategy': 'Value Enhancement', 'Offer': 'Upgrade to annual contract with 15% discount and free add-on services', 'Action': 'Send personalized email with tailored upgrade offer'}",High
0,0,0,0,6,0,1,0,0,0,2,0,2,2,0,1,2,47.95,305.1,1,5.723911845951367,2,0,-1.286541913889375,-0.5384913069563114,New Low-Value Customers,"{'Risk': 'Medium', 'Strategy': 'Onboarding Support', 'Offer': 'Provide free onboarding assistance and offer a 10% discount on first 3 months', 'Action': 'Assign dedicated support agent for first 30 days'}",Medium
0,0,0,0,3,1,2,0,0,0,0,2,2,0,0,1,2,63.6,155.65,1,5.054014017398201,2,3,-1.1402282377944544,0.10133246395396914,New Price-Shocked Customers,"{'Risk': 'Very High', 'Strategy': 'Price Reduction', 'Offer': 'Immediately offer 25% price reduction or downgrade to affordable plan', 'Action': 'Trigger automated discount coupon within 48 hours of signup'}",Very High
1,0,0,0,3,0,1,0,0,2,0,2,0,0,0,1,3,36.85,108.7,1,4.697749367281185,2,0,-1.65419866846104,-0.8452593533406164,New Low-Value Customers,"{'Risk': 'Medium', 'Strategy': 'Onboarding Support', 'Offer': 'Provide free onboarding assistance and offer a 10% discount on first 3 months', 'Action': 'Assign dedicated support agent for first 30 days'}",Medium
0,0,0,0,1,1,0,0,0,0,0,0,0,0,0,1,2,44.1,44.1,1,3.8088822465086327,2,0,-1.6040088813000601,-0.5361120696960505,New Low-Value Customers,"{'Risk': 'Medium', 'Strategy': 'Onboarding Support', 'Offer': 'Provide free onboarding assistance and offer a 10% discount on first 3 months', 'Action': 'Assign dedicated support agent for first 30 days'}",Medium
1,0,0,0,14,0,1,0,0,0,2,0,2,2,0,1,2,50.75,712.75,1,6.57053276097022,1,0,-0.844531266520533,-0.6607227353121445,New Low-Value Customers,"{'Risk': 'Medium', 'Strategy': 'Onboarding Support', 'Offer': 'Provide free onboarding assistance and offer a 10% discount on first 3 months', 'Action': 'Assign dedicated support agent for first 30 days'}",Medium
0,1,1,0,61,1,2,1,0,2,2,0,2,2,1,1,1,104.4,6405.0,1,8.764990330169104,0,1,3.565956451009224,-0.4407489997600525,Loyal Premium Customers,"{'Risk': 'Very High', 'Strategy': 'Loyalty Reward', 'Offer': 'Offer exclusive VIP loyalty program with 20% discount and priority support', 'Action': 'Personal call from retention team within 24 hours'}",Very High
0,1,1,0,40,0,1,0,0,2,0,0,2,0,0,1,2,39.3,1637.4,1,7.401475434845189,0,4,0.07334574468541134,-1.7425476109799898,Mid-Tenure Low Spenders,"{'Risk': 'Medium', 'Strategy': 'Upsell + Retain', 'Offer': 'Offer bundled services upgrade at same price point', 'Action': 'Send monthly value report showing benefits they are missing'}",Medium
0,0,0,0,58,1,0,1,2,2,2,0,2,2,1,1,2,106.45,6145.85,1,8.723695034461883,0,1,3.4217786371095933,-0.27213694720327525,Loyal Premium Customers,"{'Risk': 'Very High', 'Strategy': 'Loyalty Reward', 'Offer': 'Offer exclusive VIP loyalty program with 20% discount and priority support', 'Action': 'Personal call from retention team within 24 hours'}",Very High
0,0,0,0,18,1,0,1,2,0,0,0,2,2,0,1,2,96.05,1740.7,1,7.46261692673774,1,2,0.47397532615969123,0.7441907215679527,Mid-Tenure High Spenders,"{'Risk': 'High', 'Strategy': 'Value Enhancement', 'Offer': 'Upgrade to annual contract with 15% discount and free add-on services', 'Action': 'Send personalized email with tailored upgrade offer'}",High
0,0,0,0,7,1,2,1,0,0,0,0,0,0,0,1,0,75.1,552.95,1,6.317074429966682,2,3,-0.6654068035869419,0.3770506784351806,New Price-Shocked Customers,"{'Risk': 'Very High', 'Strategy': 'Price Reduction', 'Offer': 'Immediately offer 25% price reduction or downgrade to affordable plan', 'Action': 'Trigger automated discount coupon within 48 hours of signup'}",Very High
1,1,0,0,2,1,0,0,0,0,0,0,0,0,0,1,2,44.7,93.7,1,4.550714000192032,2,0,-1.544564419715482,-0.5423342418028271,New Low-Value Customers,"{'Risk': 'Medium', 'Strategy': 'Onboarding Support', 'Offer': 'Provide free onboarding assistance and offer a 10% discount on first 3 months', 'Action': 'Assign dedicated support agent for first 30 days'}",Medium
1,0,0,0,19,1,0,0,0,0,2,2,0,0,0,1,1,55.0,1046.5,1,6.9541616517962925,1,0,-0.4948816807825921,-0.6573803432333031,New Low-Value Customers,"{'Risk': 'Medium', 'Strategy': 'Onboarding Support', 'Offer': 'Provide free onboarding assistance and offer a 10% discount on first 3 months', 'Action': 'Assign dedicated support agent for first 30 days'}",Medium
1,0,1,1,11,1,2,1,0,0,0,0,0,0,0,1,2,74.35,834.2,1,6.727671217128374,2,3,-0.4581028682730424,0.2303496845539121,New Price-Shocked Customers,"{'Risk': 'Very High', 'Strategy': 'Price Reduction', 'Offer': 'Immediately offer 25% price reduction or downgrade to affordable plan', 'Action': 'Trigger automated discount coupon within 48 hours of signup'}",Very High
0,0,1,0,39,1,0,1,2,0,2,2,2,2,1,1,1,104.7,4134.85,1,8.32744814860604,0,2,2.1086531583668586,0.31462425626961377,Mid-Tenure High Spenders,"{'Risk': 'High', 'Strategy': 'Value Enhancement', 'Offer': 'Upgrade to annual contract with 15% discount and free add-on services', 'Action': 'Send personalized email with tailored upgrade offer'}",High
0,0,0,0,15,1,2,0,2,0,0,0,0,0,0,1,3,55.7,899.8,1,6.803283257385426,1,0,-0.6573680167862267,-0.5282076608370743,New Low-Value Customers,"{'Risk': 'Medium', 'Strategy': 'Onboarding Support', 'Offer': 'Provide free onboarding assistance and offer a 10% discount on first 3 months', 'Action': 'Assign dedicated support agent for first 30 days'}",Medium
0,0,0,0,5,1,0,2,1,1,1,1,1,1,0,0,1,19.85,108.05,1,4.691806492647638,2,0,-1.9080907026544829,-1.4937917354503039,New Low-Value Customers,"{'Risk': 'Medium', 'Strategy': 'Onboarding Support', 'Offer': 'Provide free onboarding assistance and offer a 10% discount on first 3 months', 'Action': 'Assign dedicated support agent for first 30 days'}",Medium
0,0,0,0,1,1,0,1,0,0,0,0,0,0,0,1,2,70.3,70.3,1,4.26689632742025,2,3,-1.107333069458702,0.39333285391928385,New Price-Shocked Customers,"{'Risk': 'Very High', 'Strategy': 'Price Reduction', 'Offer': 'Immediately offer 25% price reduction or downgrade to affordable plan', 'Action': 'Trigger automated discount coupon within 48 hours of signup'}",Very High
1,1,1,0,10,1,2,1,0,0,0,0,0,2,0,0,2,85.55,851.75,1,6.7484664212987555,2,3,-0.2750340457326387,0.6486982562386322,New Price-Shocked Customers,"{'Risk': 'Very High', 'Strategy': 'Price Reduction', 'Offer': 'Immediately offer 25% price reduction or downgrade to affordable plan', 'Action': 'Trigger automated discount coupon within 48 hours of signup'}",Very High
1,0,0,1,6,1,0,1,0,0,2,0,2,2,0,0,3,94.5,575.45,1,6.356888605678963,2,3,-0.3279948613010523,1.0866746298187484,New Price-Shocked Customers,"{'Risk': 'Very High', 'Strategy': 'Price Reduction', 'Offer': 'Immediately offer 25% price reduction or downgrade to affordable plan', 'Action': 'Trigger automated discount coupon within 48 hours of signup'}",Very High
0,1,1,0,16,1,2,1,0,0,0,0,0,2,0,1,1,85.35,1375.15,1,7.22704502417986,1,3,0.08766225404325402,0.44968618303896424,New Price-Shocked Customers,"{'Risk': 'Very High', 'Strategy': 'Price Reduction', 'Offer': 'Immediately offer 25% price reduction or downgrade to affordable plan', 'Action': 'Trigger automated discount coupon within 48 hours of signup'}",Very High
0,0,0,0,2,1,0,1,0,0,0,0,2,0,0,1,3,79.65,152.7,1,5.03500265054455,2,3,-0.8738367926111194,0.6947019196216704,New Price-Shocked Customers,"{'Risk': 'Very High', 'Strategy': 'Price Reduction', 'Offer': 'Immediately offer 25% price reduction or downgrade to affordable plan', 'Action': 'Trigger automated discount coupon within 48 hours of signup'}",Very High
0,1,0,0,2,1,0,1,0,0,0,0,0,2,0,1,2,79.6,195.05,1,5.27836972873834,2,3,-0.8603681892204686,0.6879653658064733,New Price-Shocked Customers,"{'Risk': 'Very High', 'Strategy': 'Price Reduction', 'Offer': 'Immediately offer 25% price reduction or downgrade to affordable plan', 'Action': 'Trigger automated discount coupon within 48 hours of signup'}",Very High
1,1,0,0,19,1,2,1,2,0,0,0,2,0,0,1,2,90.6,1660.0,1,7.415175109613295,1,2,0.37648303869633837,0.5378879395559971,Mid-Tenure High Spenders,"{'Risk': 'High', 'Strategy': 'Value Enhancement', 'Offer': 'Upgrade to annual contract with 15% discount and free add-on services', 'Action': 'Send personalized email with tailored upgrade offer'}",High
0,0,0,0,1,1,0,2,1,1,1,1,1,1,0,1,0,20.2,20.2,1,3.054001181677967,2,0,-2.057083381414887,-1.383964500016909,New Low-Value Customers,"{'Risk': 'Medium', 'Strategy': 'Onboarding Support', 'Offer': 'Provide free onboarding assistance and offer a 10% discount on first 3 months', 'Action': 'Assign dedicated support agent for first 30 days'}",Medium
1,0,1,0,66,1,2,1,2,0,2,0,2,2,2,1,1,106.05,6981.35,1,8.851140815311464,0,1,3.9496882459886127,-0.5583415890451481,Loyal Premium Customers,"{'Risk': 'Very High', 'Strategy': 'Loyalty Reward', 'Offer': 'Offer exclusive VIP loyalty program with 20% discount and priority support', 'Action': 'Personal call from retention team within 24 hours'}",Very High
0,0,0,0,36,1,2,1,0,2,0,0,2,2,0,1,2,99.15,3615.6,1,8.19328963695088,1,2,1.7345487174120024,0.24318076494945148,Mid-Tenure High Spenders,"{'Risk': 'High', 'Strategy': 'Value Enhancement', 'Offer': 'Upgrade to annual contract with 15% discount and free add-on services', 'Action': 'Send personalized email with tailored upgrade offer'}",High
0,0,1,0,39,0,1,0,2,0,2,0,2,2,0,0,2,55.9,2184.35,1,7.689531277768115,0,4,0.5369485244300226,-1.1939668209714043,Mid-Tenure Low Spenders,"{'Risk': 'Medium', 'Strategy': 'Upsell + Retain', 'Offer': 'Offer bundled services upgrade at same price point', 'Action': 'Send monthly value report showing benefits they are missing'}",Medium
1,0,0,0,21,1,2,1,0,2,0,0,0,0,0,1,2,82.35,1852.85,1,7.525019836703854,1,2,0.3512825556040988,0.17813730005434722,Mid-Tenure High Spenders,"{'Risk': 'High', 'Strategy': 'Value Enhancement', 'Offer': 'Upgrade to annual contract with 15% discount and free add-on services', 'Action': 'Send personalized email with tailored upgrade offer'}",High
1,0,0,0,2,0,1,0,0,2,2,2,0,0,0,1,1,40.4,77.15,1,4.358630056867486,2,0,-1.6302450478732478,-0.6934429002918402,New Low-Value Customers,"{'Risk': 'Medium', 'Strategy': 'Onboarding Support', 'Offer': 'Provide free onboarding assistance and offer a 10% discount on first 3 months', 'Action': 'Assign dedicated support agent for first 30 days'}",Medium
0,0,0,0,4,1,2,1,0,0,0,0,0,0,0,0,2,75.35,338.1,1,5.826295049131593,2,3,-0.8280328852257905,0.4764118574048379,New Price-Shocked Customers,"{'Risk': 'Very High', 'Strategy': 'Price Reduction', 'Offer': 'Immediately offer 25% price reduction or downgrade to affordable plan', 'Action': 'Trigger automated discount coupon within 48 hours of signup'}",Very High
1,0,0,1,35,1,0,1,0,0,2,0,2,0,1,1,2,85.15,3030.6,1,8.016845811937873,1,2,1.24359358378657,-0.1648633524705362,Mid-Tenure High Spenders,"{'Risk': 'High', 'Strategy': 'Value Enhancement', 'Offer': 'Upgrade to annual contract with 15% discount and free add-on services', 'Action': 'Send personalized email with tailored upgrade offer'}",High
0,0,1,1,33,1,0,1,0,0,2,0,2,2,1,1,2,93.8,3124.5,1,8.047349549371868,1,2,1.3737389967765359,0.17556080203891,Mid-Tenure High Spenders,"{'Risk': 'High', 'Strategy': 'Value Enhancement', 'Offer': 'Upgrade to annual contract with 15% discount and free add-on services', 'Action': 'Send personalized email with tailored upgrade offer'}",High
1,0,0,0,45,1,0,2,1,1,1,1,1,1,1,1,2,20.4,930.45,1,6.836742511735718,0,4,-0.36183934195176753,-2.441349958708496,Mid-Tenure Low Spenders,"{'Risk': 'Medium', 'Strategy': 'Upsell + Retain', 'Offer': 'Offer bundled services upgrade at same price point', 'Action': 'Send monthly value report showing benefits they are missing'}",Medium
1,1,1,0,7,1,2,1,2,2,0,0,0,2,0,1,1,94.7,673.1,1,6.513378467859393,2,3,-0.2596597131946046,1.060591518974637,New Price-Shocked Customers,"{'Risk': 'Very High', 'Strategy': 'Price Reduction', 'Offer': 'Immediately offer 25% price reduction or downgrade to affordable plan', 'Action': 'Trigger automated discount coupon within 48 hours of signup'}",Very High
1,0,0,0,6,0,1,0,0,2,0,0,0,0,0,1,1,30.5,208.7,1,5.345677937907874,2,0,-1.6441870230460398,-1.1482891246497515,New Low-Value Customers,"{'Risk': 'Medium', 'Strategy': 'Onboarding Support', 'Offer': 'Provide free onboarding assistance and offer a 10% discount on first 3 months', 'Action': 'Assign dedicated support agent for first 30 days'}",Medium
1,1,0,0,3,1,2,1,0,0,0,0,0,0,0,1,2,77.0,237.75,1,5.47541697936084,2,3,-0.8628444621783398,0.5686562779030742,New Price-Shocked Customers,"{'Risk': 'Very High', 'Strategy': 'Price Reduction', 'Offer': 'Immediately offer 25% price reduction or downgrade to affordable plan', 'Action': 'Trigger automated discount coupon within 48 hours of signup'}",Very High
0,0,0,1,11,1,0,2,1,1,1,1,1,1,0,0,1,20.1,221.35,1,5.404252716956705,2,0,-1.6764551461045663,-1.6287863060426806,New Low-Value Customers,"{'Risk': 'Medium', 'Strategy': 'Onboarding Support', 'Offer': 'Provide free onboarding assistance and offer a 10% discount on first 3 months', 'Action': 'Assign dedicated support agent for first 30 days'}",Medium
0,0,0,0,1,1,0,1,0,0,2,0,0,0,0,0,2,75.3,75.3,1,4.334672938290411,2,3,-1.0125476091836336,0.5707078393420576,New Price-Shocked Customers,"{'Risk': 'Very High', 'Strategy': 'Price Reduction', 'Offer': 'Immediately offer 25% price reduction or downgrade to affordable plan', 'Action': 'Trigger automated discount coupon within 48 hours of signup'}",Very High
0,1,1,0,40,1,0,1,0,2,0,2,2,2,1,1,1,99.2,4062.2,1,8.309726119487035,0,2,2.0129671037947774,0.10559964157126424,Mid-Tenure High Spenders,"{'Risk': 'High', 'Strategy': 'Value Enhancement', 'Offer': 'Upgrade to annual contract with 15% discount and free add-on services', 'Action': 'Send personalized email with tailored upgrade offer'}",High
1,1,0,0,47,1,0,1,2,0,0,0,0,2,0,0,3,85.5,4042.3,1,8.304816469212922,0,1,1.9710146151375532,-0.5320851066696461,Loyal Premium Customers,"{'Risk': 'Very High', 'Strategy': 'Loyalty Reward', 'Offer': 'Offer exclusive VIP loyalty program with 20% discount and priority support', 'Action': 'Personal call from retention team within 24 hours'}",Very High
0,0,0,0,7,1,0,2,1,1,1,1,1,1,0,0,3,20.05,164.85,1,5.111083765393062,2,0,-1.8222353187320115,-1.5368653200506734,New Low-Value Customers,"{'Risk': 'Medium', 'Strategy': 'Onboarding Support', 'Offer': 'Provide free onboarding assistance and offer a 10% discount on first 3 months', 'Action': 'Assign dedicated support agent for first 30 days'}",Medium
1,0,0,0,1,1,0,1,0,0,0,0,0,0,0,0,2,70.4,70.4,1,4.268297869345539,2,3,-1.1054373602532006,0.39688035362773966,New Price-Shocked Customers,"{'Risk': 'Very High', 'Strategy': 'Price Reduction', 'Offer': 'Immediately offer 25% price reduction or downgrade to affordable plan', 'Action': 'Trigger automated discount coupon within 48 hours of signup'}",Very High
1,0,1,1,7,1,0,0,2,0,0,0,0,0,1,1,2,49.75,331.3,1,5.806038175360548,2,0,-1.2127132075613676,-0.4992641198861543,New Low-Value Customers,"{'Risk': 'Medium', 'Strategy': 'Onboarding Support', 'Offer': 'Provide free onboarding assistance and offer a 10% discount on first 3 months', 'Action': 'Assign dedicated support agent for first 30 days'}",Medium
0,1,0,0,15,1,0,1,0,2,0,0,0,0,0,1,1,75.3,1147.45,1,7.046168486135763,1,3,-0.20826954917316512,0.14040965364050575,New Price-Shocked Customers,"{'Risk': 'Very High', 'Strategy': 'Price Reduction', 'Offer': 'Immediately offer 25% price reduction or downgrade to affordable plan', 'Action': 'Trigger automated discount coupon within 48 hours of signup'}",Very High
0,0,1,0,11,1,2,1,0,0,0,0,2,2,0,1,2,94.0,1078.9,1,6.984623723238714,2,3,-0.00907657846242355,0.9010918906754113,New Price-Shocked Customers,"{'Risk': 'Very High', 'Strategy': 'Price Reduction', 'Offer': 'Immediately offer 25% price reduction or downgrade to affordable plan', 'Action': 'Trigger automated discount coupon within 48 hours of signup'}",Very High
1,0,0,0,67,1,2,1,2,2,2,2,2,2,1,1,0,118.35,7804.15,1,8.962539051214572,0,1,4.489848910135137,-0.23863778621258486,Loyal Premium Customers,"{'Risk': 'Very High', 'Strategy': 'Loyalty Reward', 'Offer': 'Offer exclusive VIP loyalty program with 20% discount and priority support', 'Action': 'Personal call from retention team within 24 hours'}",Very High
1,0,0,0,8,0,1,0,2,0,0,0,0,0,0,1,2,30.45,226.45,1,5.426930434016013,2,0,-1.5762633312444907,-1.19569002470792,New Low-Value Customers,"{'Risk': 'Medium', 'Strategy': 'Onboarding Support', 'Offer': 'Provide free onboarding assistance and offer a 10% discount on first 3 months', 'Action': 'Assign dedicated support agent for first 30 days'}",Medium
0,0,1,0,44,1,2,1,0,0,0,0,2,2,0,1,2,96.1,4364.1,1,8.38139637751873,0,1,2.1835421212192117,-0.12715968251300747,Loyal Premium Customers,"{'Risk': 'Very High', 'Strategy': 'Loyalty Reward', 'Offer': 'Offer exclusive VIP loyalty program with 20% discount and priority support', 'Action': 'Personal call from retention team within 24 hours'}",Very High
1,1,1,0,24,1,2,1,0,2,2,0,2,2,0,1,2,104.25,2433.9,1,7.79766096691158,1,2,1.0507889425971098,0.8242771955931582,Mid-Tenure High Spenders,"{'Risk': 'High', 'Strategy': 'Value Enhancement', 'Offer': 'Upgrade to annual contract with 15% discount and free add-on services', 'Action': 'Send personalized email with tailored upgrade offer'}",High
1,1,0,0,15,1,2,1,0,2,0,0,0,0,0,1,2,80.2,1217.25,1,7.1051706817236155,1,3,-0.09331309707124504,0.30664077197117123,New Price-Shocked Customers,"{'Risk': 'Very High', 'Strategy': 'Price Reduction', 'Offer': 'Immediately offer 25% price reduction or downgrade to affordable plan', 'Action': 'Trigger automated discount coupon within 48 hours of signup'}",Very High
0,0,1,1,17,1,2,1,2,0,2,0,2,2,0,1,2,104.2,1743.5,1,7.464223260626829,1,2,0.5952468915520486,1.0557100051245767,Mid-Tenure High Spenders,"{'Risk': 'High', 'Strategy': 'Value Enhancement', 'Offer': 'Upgrade to annual contract with 15% discount and free add-on services', 'Action': 'Send personalized email with tailored upgrade offer'}",High
1,1,0,0,1,1,0,1,0,0,0,0,0,0,0,1,2,69.65,69.65,1,4.257738109130536,2,3,-1.1196551792944607,0.3702741058143236,New Price-Shocked Customers,"{'Risk': 'Very High', 'Strategy': 'Price Reduction', 'Offer': 'Immediately offer 25% price reduction or downgrade to affordable plan', 'Action': 'Trigger automated discount coupon within 48 hours of signup'}",Very High
1,0,0,0,9,1,0,1,0,0,0,0,0,2,0,1,2,80.8,713.1,1,6.5710230085550645,2,3,-0.4420173564124998,0.5176365030927677,New Price-Shocked Customers,"{'Risk': 'Very High', 'Strategy': 'Price Reduction', 'Offer': 'Immediately offer 25% price reduction or downgrade to affordable plan', 'Action': 'Trigger automated discount coupon within 48 hours of signup'}",Very High
0,0,0,0,7,1,0,1,0,0,0,0,2,0,0,1,3,80.3,526.7,1,6.268527940411622,2,3,-0.5775232646153161,0.5652017997034614,New Price-Shocked Customers,"{'Risk': 'Very High', 'Strategy': 'Price Reduction', 'Offer': 'Immediately offer 25% price reduction or downgrade to affordable plan', 'Action': 'Trigger automated discount coupon within 48 hours of signup'}",Very High
1,1,1,0,36,1,2,1,0,0,0,0,0,2,0,1,2,84.1,3021.6,1,8.01387266713602,1,2,1.252395228321785,-0.2229534281258572,Mid-Tenure High Spenders,"{'Risk': 'High', 'Strategy': 'Value Enhancement', 'Offer': 'Upgrade to annual contract with 15% discount and free add-on services', 'Action': 'Send personalized email with tailored upgrade offer'}",High
1,0,0,0,3,1,0,0,0,0,0,2,2,2,0,1,2,69.35,191.35,1,5.259316629198304,2,3,-1.0210416349662774,0.3018081316564082,New Price-Shocked Customers,"{'Risk': 'Very High', 'Strategy': 'Price Reduction', 'Offer': 'Immediately offer 25% price reduction or downgrade to affordable plan', 'Action': 'Trigger automated discount coupon within 48 hours of signup'}",Very High
0,1,1,1,34,1,2,1,0,2,0,0,0,0,0,1,3,79.6,2718.3,1,7.908129773227916,1,2,1.002673732383465,-0.3040734838346701,Mid-Tenure High Spenders,"{'Risk': 'High', 'Strategy': 'Value Enhancement', 'Offer': 'Upgrade to annual contract with 15% discount and free add-on services', 'Action': 'Send personalized email with tailored upgrade offer'}",High
0,1,0,0,1,0,1,0,0,0,0,0,2,0,0,1,2,36.45,36.45,1,3.6230067099632284,2,0,-1.7490306355209146,-0.8074957973928942,New Low-Value Customers,"{'Risk': 'Medium', 'Strategy': 'Onboarding Support', 'Offer': 'Provide free onboarding assistance and offer a 10% discount on first 3 months', 'Action': 'Assign dedicated support agent for first 30 days'}",Medium
1,0,0,1,22,1,0,1,0,2,2,0,2,0,0,1,2,89.4,2001.5,1,7.602151678942514,1,2,0.5644852611838216,0.38989028256781394,Mid-Tenure High Spenders,"{'Risk': 'High', 'Strategy': 'Value Enhancement', 'Offer': 'Upgrade to annual contract with 15% discount and free add-on services', 'Action': 'Send personalized email with tailored upgrade offer'}",High
0,1,1,0,47,1,2,1,2,0,0,0,0,0,0,0,2,80.35,3825.85,1,8.249797289465494,0,2,1.801541308648436,-0.6900492549345194,Mid-Tenure High Spenders,"{'Risk': 'High', 'Strategy': 'Value Enhancement', 'Offer': 'Upgrade to annual contract with 15% discount and free add-on services', 'Action': 'Send personalized email with tailored upgrade offer'}",High
0,1,1,0,24,0,1,0,0,0,2,0,0,2,0,1,1,40.65,933.3,1,6.83979758579891,1,0,-0.6434776341894528,-1.2637357017224375,New Low-Value Customers,"{'Risk': 'Medium', 'Strategy': 'Onboarding Support', 'Offer': 'Provide free onboarding assistance and offer a 10% discount on first 3 months', 'Action': 'Assign dedicated support agent for first 30 days'}",Medium
1,0,1,0,53,0,1,0,0,2,2,2,2,2,1,1,2,60.45,3184.25,1,8.06628605786149,0,4,1.4013685237178493,-1.4538645401221368,Mid-Tenure Low Spenders,"{'Risk': 'Medium', 'Strategy': 'Upsell + Retain', 'Offer': 'Offer bundled services upgrade at same price point', 'Action': 'Send monthly value report showing benefits they are missing'}",Medium
0,0,1,0,8,1,2,1,0,0,0,0,0,2,0,1,2,84.9,764.95,1,6.6411168934587055,2,3,-0.3794674402710225,0.6792668387794105,New Price-Shocked Customers,"{'Risk': 'Very High', 'Strategy': 'Price Reduction', 'Offer': 'Immediately offer 25% price reduction or downgrade to affordable plan', 'Action': 'Trigger automated discount coupon within 48 hours of signup'}",Very High
0,0,1,1,2,1,0,1,0,2,0,0,0,0,0,1,0,73.55,145.4,1,4.986342601527212,2,3,-0.9898830671087804,0.47844489412176266,New Price-Shocked Customers,"{'Risk': 'Very High', 'Strategy': 'Price Reduction', 'Offer': 'Immediately offer 25% price reduction or downgrade to affordable plan', 'Action': 'Trigger automated discount coupon within 48 hours of signup'}",Very High
0,0,1,0,8,1,0,2,1,1,1,1,1,1,0,0,0,20.15,156.25,1,5.05783689558055,2,0,-1.7918880264348287,-1.554071363611333,New Low-Value Customers,"{'Risk': 'Medium', 'Strategy': 'Onboarding Support', 'Offer': 'Provide free onboarding assistance and offer a 10% discount on first 3 months', 'Action': 'Assign dedicated support agent for first 30 days'}",Medium
0,0,1,0,48,0,1,0,0,2,2,0,0,0,1,0,3,34.7,1604.5,1,7.381190513529568,0,4,0.22779823207729546,-2.0765949956932794,Mid-Tenure Low Spenders,"{'Risk': 'Medium', 'Strategy': 'Upsell + Retain', 'Offer': 'Offer bundled services upgrade at same price point', 'Action': 'Send monthly value report showing benefits they are missing'}",Medium
0,1,1,0,43,1,2,1,0,0,2,2,2,2,1,1,2,107.55,4533.9,1,8.419558311589467,0,1,2.4230318586365067,0.2822664544318304,Loyal Premium Customers,"{'Risk': 'Very High', 'Strategy': 'Loyalty Reward', 'Offer': 'Offer exclusive VIP loyalty program with 20% discount and priority support', 'Action': 'Personal call from retention team within 24 hours'}",Very High
1,1,1,0,16,1,2,1,0,0,2,0,2,2,0,1,2,98.75,1587.55,1,7.370576929449647,1,2,0.4093494371249404,0.9017587385891482,Mid-Tenure High Spenders,"{'Risk': 'High', 'Strategy': 'Value Enhancement', 'Offer': 'Upgrade to annual contract with 15% discount and free add-on services', 'Action': 'Send personalized email with tailored upgrade offer'}",High
0,0,1,0,8,1,0,1,0,2,2,0,2,2,0,0,2,101.15,842.9,1,6.738034004163921,2,3,-0.05043602791023706,1.2485137252621097,New Price-Shocked Customers,"{'Risk': 'Very High', 'Strategy': 'Price Reduction', 'Offer': 'Immediately offer 25% price reduction or downgrade to affordable plan', 'Action': 'Trigger automated discount coupon within 48 hours of signup'}",Very High
1,0,0,0,20,1,2,1,0,0,2,0,2,0,0,1,2,88.7,1761.45,1,7.474460165489695,1,2,0.4070143572174715,0.43661675598126165,Mid-Tenure High Spenders,"{'Risk': 'High', 'Strategy': 'Value Enhancement', 'Offer': 'Upgrade to annual contract with 15% discount and free add-on services', 'Action': 'Send personalized email with tailored upgrade offer'}",High
0,0,0,0,2,1,0,1,0,0,0,0,2,0,0,1,2,79.75,164.5,1,5.1089711948171175,2,3,-0.8679629570253634,0.69687996635033,New Price-Shocked Customers,"{'Risk': 'Very High', 'Strategy': 'Price Reduction', 'Offer': 'Immediately offer 25% price reduction or downgrade to affordable plan', 'Action': 'Trigger automated discount coupon within 48 hours of signup'}",Very High
0,0,0,0,27,1,2,1,0,0,0,0,2,2,0,1,3,94.55,2724.6,1,7.910443866346757,1,2,1.063273425703748,0.37969316262090513,Mid-Tenure High Spenders,"{'Risk': 'High', 'Strategy': 'Value Enhancement', 'Offer': 'Upgrade to annual contract with 15% discount and free add-on services', 'Action': 'Send personalized email with tailored upgrade offer'}",High
0,1,0,0,5,1,0,1,0,0,0,0,0,0,0,1,3,69.05,318.5,1,5.766757273817589,2,3,-0.9205750317686588,0.23270424991388763,New Price-Shocked Customers,"{'Risk': 'Very High', 'Strategy': 'Price Reduction', 'Offer': 'Immediately offer 25% price reduction or downgrade to affordable plan', 'Action': 'Trigger automated discount coupon within 48 hours of signup'}",Very High
1,0,1,1,52,1,2,1,0,0,2,2,0,2,2,1,0,96.25,4990.25,1,8.515441658377432,0,1,2.6505098634451163,-0.3692848554063135,Loyal Premium Customers,"{'Risk': 'Very High', 'Strategy': 'Loyalty Reward', 'Offer': 'Offer exclusive VIP loyalty program with 20% discount and priority support', 'Action': 'Personal call from retention team within 24 hours'}",Very High
1,1,0,0,37,1,2,1,0,0,2,0,2,2,0,1,2,101.1,3744.05,1,8.228190246997041,0,2,1.8459360904050148,0.2757786760064672,Mid-Tenure High Spenders,"{'Risk': 'High', 'Strategy': 'Value Enhancement', 'Offer': 'Upgrade to annual contract with 15% discount and free add-on services', 'Action': 'Send personalized email with tailored upgrade offer'}",High
1,0,0,0,69,1,2,1,0,2,0,2,2,2,1,1,0,104.7,7220.35,1,8.884797195017596,0,1,4.100046799110658,-0.6996807082043834,Loyal Premium Customers,"{'Risk': 'Very High', 'Strategy': 'Loyalty Reward', 'Offer': 'Offer exclusive VIP loyalty program with 20% discount and priority support', 'Action': 'Personal call from retention team within 24 hours'}",Very High
1,0,0,1,40,1,0,0,2,2,0,0,0,0,0,1,3,55.25,2139.2,1,7.668654561592901,0,4,0.5409056109839689,-1.2335888203218317,Mid-Tenure Low Spenders,"{'Risk': 'Medium', 'Strategy': 'Upsell + Retain', 'Offer': 'Offer bundled services upgrade at same price point', 'Action': 'Send monthly value report showing benefits they are missing'}",Medium
0,0,0,0,6,1,2,1,0,2,0,0,2,0,0,1,2,90.1,521.3,1,6.258242135442253,2,3,-0.4283216037292384,0.9364077439924199,New Price-Shocked Customers,"{'Risk': 'Very High', 'Strategy': 'Price Reduction', 'Offer': 'Immediately offer 25% price reduction or downgrade to affordable plan', 'Action': 'Trigger automated discount coupon within 48 hours of signup'}",Very High
1,0,0,0,11,1,2,0,0,0,2,0,0,0,0,0,2,53.75,608.0,1,6.411818267709897,2,0,-0.9185251854422528,-0.4763703380677451,New Low-Value Customers,"{'Risk': 'Medium', 'Strategy': 'Onboarding Support', 'Offer': 'Provide free onboarding assistance and offer a 10% discount on first 3 months', 'Action': 'Assign dedicated support agent for first 30 days'}",Medium
0,0,0,0,6,1,0,1,0,0,0,0,2,2,0,0,2,89.3,577.6,1,6.360611392542035,2,3,-0.42407266059439935,0.9013443475943201,New Price-Shocked Customers,"{'Risk': 'Very High', 'Strategy': 'Price Reduction', 'Offer': 'Immediately offer 25% price reduction or downgrade to affordable plan', 'Action': 'Trigger automated discount coupon within 48 hours of signup'}",Very High
0,0,1,0,3,1,2,1,0,0,0,0,2,2,0,1,2,95.2,292.85,1,5.68306943305866,2,3,-0.5052789881932106,1.209982180828769,New Price-Shocked Customers,"{'Risk': 'Very High', 'Strategy': 'Price Reduction', 'Offer': 'Immediately offer 25% price reduction or downgrade to affordable plan', 'Action': 'Trigger automated discount coupon within 48 hours of signup'}",Very High
0,1,0,0,5,0,1,0,0,0,0,0,2,2,0,0,2,45.7,198.0,1,5.293304824724492,2,0,-1.3962551806414114,-0.5842657903876323,New Low-Value Customers,"{'Risk': 'Medium', 'Strategy': 'Onboarding Support', 'Offer': 'Provide free onboarding assistance and offer a 10% discount on first 3 months', 'Action': 'Assign dedicated support agent for first 30 days'}",Medium
1,0,1,0,8,1,0,1,2,0,0,0,0,0,0,1,2,74.5,609.9,1,6.414933279655721,2,3,-0.6258037601135787,0.3272577557263185,New Price-Shocked Customers,"{'Risk': 'Very High', 'Strategy': 'Price Reduction', 'Offer': 'Immediately offer 25% price reduction or downgrade to affordable plan', 'Action': 'Trigger automated discount coupon within 48 hours of signup'}",Very High
0,0,0,0,1,1,0,1,0,0,0,0,2,0,0,1,2,79.65,79.65,1,4.390118804571218,2,3,-0.9300842587443239,0.725024076659871,New Price-Shocked Customers,"{'Risk': 'Very High', 'Strategy': 'Price Reduction', 'Offer': 'Immediately offer 25% price reduction or downgrade to affordable plan', 'Action': 'Trigger automated discount coupon within 48 hours of signup'}",Very High
0,1,1,0,28,1,2,1,0,0,0,2,2,2,0,1,1,101.3,2812.2,1,7.942077904433863,1,2,1.2501333474617977,0.587914267250252,Mid-Tenure High Spenders,"{'Risk': 'High', 'Strategy': 'Value Enhancement', 'Offer': 'Upgrade to annual contract with 15% discount and free add-on services', 'Action': 'Send personalized email with tailored upgrade offer'}",High
0,0,1,1,1,1,0,1,0,0,0,0,2,0,0,1,3,80.05,80.05,1,4.395066248181685,2,3,-0.9225014219223187,0.7392140754936927,New Price-Shocked Customers,"{'Risk': 'Very High', 'Strategy': 'Price Reduction', 'Offer': 'Immediately offer 25% price reduction or downgrade to affordable plan', 'Action': 'Trigger automated discount coupon within 48 hours of signup'}",Very High
1,0,1,1,29,1,2,1,0,0,2,0,0,2,0,1,2,89.2,2698.35,1,7.900766282268976,1,2,1.017566111586728,0.14880450710161316,Mid-Tenure High Spenders,"{'Risk': 'High', 'Strategy': 'Value Enhancement', 'Offer': 'Upgrade to annual contract with 15% discount and free add-on services', 'Action': 'Send personalized email with tailored upgrade offer'}",High
1,0,1,1,19,1,2,1,0,0,0,0,0,2,0,1,2,83.65,1465.75,1,7.290804347805969,1,2,0.18104722574974516,0.3132596622213962,Mid-Tenure High Spenders,"{'Risk': 'High', 'Strategy': 'Value Enhancement', 'Offer': 'Upgrade to annual contract with 15% discount and free add-on services', 'Action': 'Send personalized email with tailored upgrade offer'}",High
0,0,1,0,6,1,0,2,1,1,1,1,1,1,0,0,0,19.5,146.3,1,4.9924713234685845,2,0,-1.8701915908601723,-1.5324978632498112,New Low-Value Customers,"{'Risk': 'Medium', 'Strategy': 'Onboarding Support', 'Offer': 'Provide free onboarding assistance and offer a 10% discount on first 3 months', 'Action': 'Assign dedicated support agent for first 30 days'}",Medium
1,0,0,0,1,1,0,0,0,0,0,2,0,0,0,0,3,51.25,51.25,1,3.9560398908449206,2,0,-1.4684656731067125,-0.2824658405414841,New Low-Value Customers,"{'Risk': 'Medium', 'Strategy': 'Onboarding Support', 'Offer': 'Provide free onboarding assistance and offer a 10% discount on first 3 months', 'Action': 'Assign dedicated support agent for first 30 days'}",Medium
1,0,0,0,1,1,0,0,0,0,0,0,0,0,0,1,2,45.6,45.6,1,3.8416005411316,2,0,-1.5755732432175396,-0.48289957406921824,New Low-Value Customers,"{'Risk': 'Medium', 'Strategy': 'Onboarding Support', 'Offer': 'Provide free onboarding assistance and offer a 10% discount on first 3 months', 'Action': 'Assign dedicated support agent for first 30 days'}",Medium
0,0,0,0,6,1,0,0,0,0,0,2,0,0,0,1,0,49.65,267.35,1,5.592292098622838,2,0,-1.2677282835241466,-0.473566297378129,New Low-Value Customers,"{'Risk': 'Medium', 'Strategy': 'Onboarding Support', 'Offer': 'Provide free onboarding assistance and offer a 10% discount on first 3 months', 'Action': 'Assign dedicated support agent for first 30 days'}",Medium
1,0,1,1,15,1,0,2,1,1,1,1,1,1,0,1,2,20.0,288.05,1,5.666599683528485,1,0,-1.529999425487456,-1.7272399807718062,New Low-Value Customers,"{'Risk': 'Medium', 'Strategy': 'Onboarding Support', 'Offer': 'Provide free onboarding assistance and offer a 10% discount on first 3 months', 'Action': 'Assign dedicated support agent for first 30 days'}",Medium
0,0,1,0,25,0,1,0,0,0,0,0,2,0,0,1,0,34.0,853.0,1,6.74993119378857,1,0,-0.7631744148360521,-1.512795755857027,New Low-Value Customers,"{'Risk': 'Medium', 'Strategy': 'Onboarding Support', 'Offer': 'Provide free onboarding assistance and offer a 10% discount on first 3 months', 'Action': 'Assign dedicated support agent for first 30 days'}",Medium
1,1,1,0,10,1,0,1,0,2,2,2,2,0,0,1,3,92.5,934.1,1,6.8406534754414015,2,3,-0.11764544149976332,0.8864241223287155,New Price-Shocked Customers,"{'Risk': 'Very High', 'Strategy': 'Price Reduction', 'Offer': 'Immediately offer 25% price reduction or downgrade to affordable plan', 'Action': 'Trigger automated discount coupon within 48 hours of signup'}",Very High
0,0,1,1,13,1,0,1,0,0,0,0,2,2,0,0,2,88.35,1222.8,1,7.10971605102844,1,3,-0.002516179040869581,0.6396100300131308,New Price-Shocked Customers,"{'Risk': 'Very High', 'Strategy': 'Price Reduction', 'Offer': 'Immediately offer 25% price reduction or downgrade to affordable plan', 'Action': 'Trigger automated discount coupon within 48 hours of signup'}",Very High
0,0,1,1,49,1,2,1,0,2,2,2,2,2,2,1,0,107.95,5293.2,1,8.574367160690755,0,1,2.8771069552927524,0.0769981584447821,Loyal Premium Customers,"{'Risk': 'Very High', 'Strategy': 'Loyalty Reward', 'Offer': 'Offer exclusive VIP loyalty program with 20% discount and priority support', 'Action': 'Personal call from retention team within 24 hours'}",Very High
0,1,0,0,1,1,2,1,0,0,0,0,0,0,0,1,3,74.45,74.45,1,4.323470185213858,2,3,-1.0286611374303951,0.5405540918201862,New Price-Shocked Customers,"{'Risk': 'Very High', 'Strategy': 'Price Reduction', 'Offer': 'Immediately offer 25% price reduction or downgrade to affordable plan', 'Action': 'Trigger automated discount coupon within 48 hours of signup'}",Very High
0,0,0,0,37,1,0,0,0,0,0,0,2,2,0,1,2,64.75,2345.2,1,7.7605522770716195,0,4,0.6935810768465469,-0.8542605718656762,Mid-Tenure Low Spenders,"{'Risk': 'Medium', 'Strategy': 'Upsell + Retain', 'Offer': 'Offer bundled services upgrade at same price point', 'Action': 'Send monthly value report showing benefits they are missing'}",Medium
1,0,0,0,26,1,0,1,0,2,2,0,2,0,0,0,2,89.8,2335.3,1,7.756323760359912,1,2,0.811066407569969,0.2779693060037406,Mid-Tenure High Spenders,"{'Risk': 'High', 'Strategy': 'Value Enhancement', 'Offer': 'Upgrade to annual contract with 15% discount and free add-on services', 'Action': 'Send personalized email with tailored upgrade offer'}",High
0,0,0,0,12,1,0,1,0,0,2,0,2,2,1,0,3,95.5,1115.15,1,7.01764054251138,2,3,0.06258411204699749,0.9284651394457671,New Price-Shocked Customers,"{'Risk': 'Very High', 'Strategy': 'Price Reduction', 'Offer': 'Immediately offer 25% price reduction or downgrade to affordable plan', 'Action': 'Trigger automated discount coupon within 48 hours of signup'}",Very High
0,1,0,0,10,0,1,0,0,0,0,2,0,0,0,1,2,29.65,291.4,1,5.678122727875623,2,0,-1.5062539405411923,-1.2753095888514023,New Low-Value Customers,"{'Risk': 'Medium', 'Strategy': 'Onboarding Support', 'Offer': 'Provide free onboarding assistance and offer a 10% discount on first 3 months', 'Action': 'Assign dedicated support agent for first 30 days'}",Medium
1,0,1,1,5,1,2,1,2,0,2,0,0,0,0,1,2,84.5,453.75,1,6.119747817398232,2,3,-0.5869546654713033,0.7667706927352566,New Price-Shocked Customers,"{'Risk': 'Very High', 'Strategy': 'Price Reduction', 'Offer': 'Immediately offer 25% price reduction or downgrade to affordable plan', 'Action': 'Trigger automated discount coupon within 48 hours of signup'}",Very High
1,0,0,0,18,1,2,1,0,0,2,0,0,2,0,1,1,90.7,1597.25,1,7.376664559646836,1,2,0.3255993919462934,0.5705637142177034,Mid-Tenure High Spenders,"{'Risk': 'High', 'Strategy': 'Value Enhancement', 'Offer': 'Upgrade to annual contract with 15% discount and free add-on services', 'Action': 'Send personalized email with tailored upgrade offer'}",High
0,1,0,0,3,1,0,1,0,0,0,0,0,0,0,1,2,70.3,235.5,1,5.465948207931987,2,3,-0.9883439308792277,0.330452937115182,New Price-Shocked Customers,"{'Risk': 'Very High', 'Strategy': 'Price Reduction', 'Offer': 'Immediately offer 25% price reduction or downgrade to affordable plan', 'Action': 'Trigger automated discount coupon within 48 hours of signup'}",Very High
0,0,0,0,54,1,2,1,2,0,2,0,2,2,1,1,0,103.95,5639.05,1,8.637648209701036,0,1,3.07727975139206,-0.21471008723069157,Loyal Premium Customers,"{'Risk': 'Very High', 'Strategy': 'Loyalty Reward', 'Offer': 'Offer exclusive VIP loyalty program with 20% discount and priority support', 'Action': 'Personal call from retention team within 24 hours'}",Very High
0,0,0,0,10,1,2,1,0,0,0,0,0,0,0,1,2,74.75,799.65,1,6.6854238977684854,2,3,-0.49381308603828367,0.27040233969685656,New Price-Shocked Customers,"{'Risk': 'Very High', 'Strategy': 'Price Reduction', 'Offer': 'Immediately offer 25% price reduction or downgrade to affordable plan', 'Action': 'Trigger automated discount coupon within 48 hours of signup'}",Very High
0,0,0,0,1,1,0,0,0,0,0,2,0,0,0,1,2,50.8,50.8,1,3.9473901492654373,2,0,-1.4769963645314688,-0.2984295892295338,New Low-Value Customers,"{'Risk': 'Medium', 'Strategy': 'Onboarding Support', 'Offer': 'Provide free onboarding assistance and offer a 10% discount on first 3 months', 'Action': 'Assign dedicated support agent for first 30 days'}",Medium
1,0,0,0,2,1,0,1,0,0,0,0,2,0,0,1,2,80.25,144.55,1,4.980519670191632,2,3,-0.8654376318932591,0.717011081425669,New Price-Shocked Customers,"{'Risk': 'Very High', 'Strategy': 'Price Reduction', 'Offer': 'Immediately offer 25% price reduction or downgrade to affordable plan', 'Action': 'Trigger automated discount coupon within 48 hours of signup'}",Very High
1,0,1,0,32,1,2,1,0,0,2,0,0,0,0,1,2,78.9,2447.95,1,7.803414640247219,1,2,0.8349005011246604,-0.2538004783453407,Mid-Tenure High Spenders,"{'Risk': 'High', 'Strategy': 'Value Enhancement', 'Offer': 'Upgrade to annual contract with 15% discount and free add-on services', 'Action': 'Send personalized email with tailored upgrade offer'}",High
1,0,0,0,36,1,2,1,0,0,0,0,0,2,0,1,2,84.75,3050.15,1,8.023273847716606,1,2,1.2742036395258438,-0.20316029866502464,Mid-Tenure High Spenders,"{'Risk': 'High', 'Strategy': 'Value Enhancement', 'Offer': 'Upgrade to annual contract with 15% discount and free add-on services', 'Action': 'Send personalized email with tailored upgrade offer'}",High
1,0,0,0,53,1,2,1,0,0,0,0,2,0,0,0,0,85.45,4517.25,1,8.415880029715748,0,1,2.3200299537575635,-0.7200874333136332,Loyal Premium Customers,"{'Risk': 'Very High', 'Strategy': 'Loyalty Reward', 'Offer': 'Offer exclusive VIP loyalty program with 20% discount and priority support', 'Action': 'Personal call from retention team within 24 hours'}",Very High
1,0,1,1,1,1,0,2,1,1,1,1,1,1,0,0,3,19.9,19.9,1,3.039749158970765,2,0,-2.062770509031391,-1.3946069991422756,New Low-Value Customers,"{'Risk': 'Medium', 'Strategy': 'Onboarding Support', 'Offer': 'Provide free onboarding assistance and offer a 10% discount on first 3 months', 'Action': 'Assign dedicated support agent for first 30 days'}",Medium
1,1,0,0,12,1,2,1,0,0,2,0,2,2,0,1,2,99.45,1200.15,1,7.091034710201204,2,3,0.16502250114461298,1.0591046972449347,New Price-Shocked Customers,"{'Risk': 'Very High', 'Strategy': 'Price Reduction', 'Offer': 'Immediately offer 25% price reduction or downgrade to affordable plan', 'Action': 'Trigger automated discount coupon within 48 hours of signup'}",Very High
0,0,0,0,1,1,0,1,0,0,0,0,0,0,0,1,2,70.6,70.6,1,4.2710950739666,2,3,-1.101645941842198,0.4039753530446502,New Price-Shocked Customers,"{'Risk': 'Very High', 'Strategy': 'Price Reduction', 'Offer': 'Immediately offer 25% price reduction or downgrade to affordable plan', 'Action': 'Trigger automated discount coupon within 48 hours of signup'}",Very High
0,0,0,0,5,1,0,1,0,0,0,0,2,0,0,1,1,81.0,389.6,1,5.967684018442578,2,3,-0.6739261427888465,0.6497071194542386,New Price-Shocked Customers,"{'Risk': 'Very High', 'Strategy': 'Price Reduction', 'Offer': 'Immediately offer 25% price reduction or downgrade to affordable plan', 'Action': 'Trigger automated discount coupon within 48 hours of signup'}",Very High
1,0,0,0,6,1,0,1,0,2,0,0,2,0,0,1,2,84.85,523.5,1,6.262445427836352,2,3,-0.5253132565451629,0.7492920071874409,New Price-Shocked Customers,"{'Risk': 'Very High', 'Strategy': 'Price Reduction', 'Offer': 'Immediately offer 25% price reduction or downgrade to affordable plan', 'Action': 'Trigger automated discount coupon within 48 hours of signup'}",Very High
0,1,0,0,26,1,2,1,0,2,0,0,2,0,0,1,2,89.15,2277.65,1,7.731338441321782,1,2,0.7793636820355334,0.2615822519029132,Mid-Tenure High Spenders,"{'Risk': 'High', 'Strategy': 'Value Enhancement', 'Offer': 'Upgrade to annual contract with 15% discount and free add-on services', 'Action': 'Send personalized email with tailored upgrade offer'}",High
0,1,1,0,1,0,1,0,0,0,0,0,0,0,0,1,2,24.8,24.8,1,3.250374491927572,2,0,-1.9698807579618243,-1.2207795134279575,New Low-Value Customers,"{'Risk': 'Medium', 'Strategy': 'Onboarding Support', 'Offer': 'Provide free onboarding assistance and offer a 10% discount on first 3 months', 'Action': 'Assign dedicated support agent for first 30 days'}",Medium
1,0,0,0,64,1,2,1,0,2,0,2,2,2,1,1,1,105.65,6903.1,1,8.83987071701526,0,1,3.852816214118351,-0.5198757495180435,Loyal Premium Customers,"{'Risk': 'Very High', 'Strategy': 'Loyalty Reward', 'Offer': 'Offer exclusive VIP loyalty program with 20% discount and priority support', 'Action': 'Personal call from retention team within 24 hours'}",Very High
1,0,0,0,13,1,0,1,0,0,0,0,0,2,0,1,2,80.85,1008.7,1,6.917408536010275,1,3,-0.21494060109113206,0.39772951646237104,New Price-Shocked Customers,"{'Risk': 'Very High', 'Strategy': 'Price Reduction', 'Offer': 'Immediately offer 25% price reduction or downgrade to affordable plan', 'Action': 'Trigger automated discount coupon within 48 hours of signup'}",Very High
0,0,1,0,9,1,0,1,0,0,0,0,2,2,0,0,2,89.45,853.1,1,6.750048282952101,2,3,-0.2333780913292421,0.8091210698488532,New Price-Shocked Customers,"{'Risk': 'Very High', 'Strategy': 'Price Reduction', 'Offer': 'Immediately offer 25% price reduction or downgrade to affordable plan', 'Action': 'Trigger automated discount coupon within 48 hours of signup'}",Very High
1,0,0,0,10,1,2,0,0,0,0,0,2,2,0,1,1,72.15,794.25,1,6.678656530629254,2,3,-0.5440535556261664,0.17849507961405953,New Price-Shocked Customers,"{'Risk': 'Very High', 'Strategy': 'Price Reduction', 'Offer': 'Immediately offer 25% price reduction or downgrade to affordable plan', 'Action': 'Trigger automated discount coupon within 48 hours of signup'}",Very High
0,0,0,0,2,1,0,0,0,0,2,2,2,2,0,0,2,76.4,160.8,1,5.086361004624392,2,3,-0.931588219190265,0.5780796926592024,New Price-Shocked Customers,"{'Risk': 'Very High', 'Strategy': 'Price Reduction', 'Offer': 'Immediately offer 25% price reduction or downgrade to affordable plan', 'Action': 'Trigger automated discount coupon within 48 hours of signup'}",Very High
0,1,0,0,20,1,2,0,0,0,0,0,0,2,0,1,3,61.6,1174.35,1,7.069321254563527,1,3,-0.297128886442855,-0.4592091976011474,New Price-Shocked Customers,"{'Risk': 'Very High', 'Strategy': 'Price Reduction', 'Offer': 'Immediately offer 25% price reduction or downgrade to affordable plan', 'Action': 'Trigger automated discount coupon within 48 hours of signup'}",Very High
1,0,1,0,9,1,0,1,0,2,2,0,0,0,0,1,2,79.9,741.7,1,6.61029219467525,2,3,-0.4490484206109424,0.48225611145137187,New Price-Shocked Customers,"{'Risk': 'Very High', 'Strategy': 'Price Reduction', 'Offer': 'Immediately offer 25% price reduction or downgrade to affordable plan', 'Action': 'Trigger automated discount coupon within 48 hours of signup'}",Very High
1,1,0,0,32,1,2,1,0,0,0,0,2,2,0,1,1,96.15,3019.25,1,8.013094888399673,1,2,1.3502933237728014,0.2932931851704249,Mid-Tenure High Spenders,"{'Risk': 'High', 'Strategy': 'Value Enhancement', 'Offer': 'Upgrade to annual contract with 15% discount and free add-on services', 'Action': 'Send personalized email with tailored upgrade offer'}",High
0,0,1,0,70,1,2,0,2,0,2,2,0,0,2,0,1,65.3,4759.75,1,8.468160497838927,0,1,2.56131289605835,-1.835772614061613,Loyal Premium Customers,"{'Risk': 'Very High', 'Strategy': 'Loyalty Reward', 'Offer': 'Offer exclusive VIP loyalty program with 20% discount and priority support', 'Action': 'Personal call from retention team within 24 hours'}",Very High
1,0,0,0,1,1,0,2,1,1,1,1,1,1,0,0,3,19.65,19.65,1,3.027715319407042,2,0,-2.067509782045144,-1.4034757484134142,New Low-Value Customers,"{'Risk': 'Medium', 'Strategy': 'Onboarding Support', 'Offer': 'Provide free onboarding assistance and offer a 10% discount on first 3 months', 'Action': 'Assign dedicated support agent for first 30 days'}",Medium
1,0,0,0,1,1,2,1,0,0,0,0,2,0,0,1,3,84.65,84.65,1,4.450269224770129,2,3,-0.8352987984692556,0.9023990620826448,New Price-Shocked Customers,"{'Risk': 'Very High', 'Strategy': 'Price Reduction', 'Offer': 'Immediately offer 25% price reduction or downgrade to affordable plan', 'Action': 'Trigger automated discount coupon within 48 hours of signup'}",Very High
0,1,1,0,1,1,0,1,0,0,0,0,0,0,0,1,2,69.55,69.55,1,4.256321678298823,2,3,-1.1215508884999623,0.36672660610586777,New Price-Shocked Customers,"{'Risk': 'Very High', 'Strategy': 'Price Reduction', 'Offer': 'Immediately offer 25% price reduction or downgrade to affordable plan', 'Action': 'Trigger automated discount coupon within 48 hours of signup'}",Very High
0,0,0,0,13,0,1,0,0,2,0,0,0,0,0,1,2,31.05,347.25,1,5.852920612659915,1,0,-1.3669713923096838,-1.2973333797935804,New Low-Value Customers,"{'Risk': 'Medium', 'Strategy': 'Onboarding Support', 'Offer': 'Provide free onboarding assistance and offer a 10% discount on first 3 months', 'Action': 'Assign dedicated support agent for first 30 days'}",Medium
1,0,0,0,7,1,0,0,2,0,0,0,0,0,0,1,3,51.0,354.05,1,5.8722586246281026,2,0,-1.1817066102553802,-0.45743688968991464,New Low-Value Customers,"{'Risk': 'Medium', 'Strategy': 'Onboarding Support', 'Offer': 'Provide free onboarding assistance and offer a 10% discount on first 3 months', 'Action': 'Assign dedicated support agent for first 30 days'}",Medium
0,0,1,1,1,1,0,0,0,0,0,0,0,0,0,1,0,44.35,44.35,1,3.814410176561146,2,0,-1.5992696082863067,-0.5272433204249118,New Low-Value Customers,"{'Risk': 'Medium', 'Strategy': 'Onboarding Support', 'Offer': 'Provide free onboarding assistance and offer a 10% discount on first 3 months', 'Action': 'Assign dedicated support agent for first 30 days'}",Medium
0,0,0,0,7,1,0,1,0,0,0,0,2,0,0,1,2,79.7,586.05,1,6.375109995076221,2,3,-0.5685138722845405,0.5368998180220662,New Price-Shocked Customers,"{'Risk': 'Very High', 'Strategy': 'Price Reduction', 'Offer': 'Immediately offer 25% price reduction or downgrade to affordable plan', 'Action': 'Trigger automated discount coupon within 48 hours of signup'}",Very High
1,0,0,1,54,1,2,0,0,2,0,0,0,0,0,1,1,55.0,3092.65,1,8.03710690256227,0,4,1.3001701185156267,-1.6588915069648813,Mid-Tenure Low Spenders,"{'Risk': 'Medium', 'Strategy': 'Upsell + Retain', 'Offer': 'Offer bundled services upgrade at same price point', 'Action': 'Send monthly value report showing benefits they are missing'}",Medium
0,1,0,0,5,1,0,1,0,0,2,0,2,0,0,1,3,84.85,415.55,1,6.032006502420918,2,3,-0.5934270996587852,0.7836991137123824,New Price-Shocked Customers,"{'Risk': 'Very High', 'Strategy': 'Price Reduction', 'Offer': 'Immediately offer 25% price reduction or downgrade to affordable plan', 'Action': 'Trigger automated discount coupon within 48 hours of signup'}",Very High
1,1,0,0,1,1,2,1,0,0,0,0,0,0,0,1,2,73.65,73.65,1,4.312810523985199,2,3,-1.043826811074406,0.5121740941525426,New Price-Shocked Customers,"{'Risk': 'Very High', 'Strategy': 'Price Reduction', 'Offer': 'Immediately offer 25% price reduction or downgrade to affordable plan', 'Action': 'Trigger automated discount coupon within 48 hours of signup'}",Very High
1,0,1,1,33,1,0,0,0,0,2,2,2,2,1,1,3,73.9,2405.05,1,7.785741677698578,1,2,0.7586383085307231,-0.44851122695090206,Mid-Tenure High Spenders,"{'Risk': 'High', 'Strategy': 'Value Enhancement', 'Offer': 'Upgrade to annual contract with 15% discount and free add-on services', 'Action': 'Send personalized email with tailored upgrade offer'}",High
0,0,1,0,55,1,2,1,0,0,2,0,0,0,0,1,2,77.75,4458.15,1,8.402713443891228,0,1,2.2194031438584605,-1.0307723904531017,Loyal Premium Customers,"{'Risk': 'Very High', 'Strategy': 'Loyalty Reward', 'Offer': 'Offer exclusive VIP loyalty program with 20% discount and priority support', 'Action': 'Personal call from retention team within 24 hours'}",Very High
0,1,1,0,6,1,2,1,0,0,0,0,0,2,0,1,2,84.35,474.9,1,6.165207748127065,2,3,-0.5511463221359392,0.7371844820065458,New Price-Shocked Customers,"{'Risk': 'Very High', 'Strategy': 'Price Reduction', 'Offer': 'Immediately offer 25% price reduction or downgrade to affordable plan', 'Action': 'Trigger automated discount coupon within 48 hours of signup'}",Very High
0,0,0,0,8,1,0,1,2,0,0,0,2,0,0,0,2,84.95,668.4,1,6.506381788777226,2,3,-0.4113646291155031,0.6923473542616949,New Price-Shocked Customers,"{'Risk': 'Very High', 'Strategy': 'Price Reduction', 'Offer': 'Immediately offer 25% price reduction or downgrade to affordable plan', 'Action': 'Trigger automated discount coupon within 48 hours of signup'}",Very High
1,0,0,0,11,1,0,1,0,0,0,2,0,0,0,1,2,73.85,926.25,1,6.8322232163697,2,3,-0.4361134146003294,0.20177946179966114,New Price-Shocked Customers,"{'Risk': 'Very High', 'Strategy': 'Price Reduction', 'Offer': 'Immediately offer 25% price reduction or downgrade to affordable plan', 'Action': 'Trigger automated discount coupon within 48 hours of signup'}",Very High
1,0,1,1,49,0,1,0,0,2,0,0,2,2,1,1,0,51.8,2541.25,1,7.8408047946712465,0,4,0.8960651170968431,-1.5993869156364515,Mid-Tenure Low Spenders,"{'Risk': 'Medium', 'Strategy': 'Upsell + Retain', 'Offer': 'Offer bundled services upgrade at same price point', 'Action': 'Send monthly value report showing benefits they are missing'}",Medium
0,1,1,0,1,1,0,0,0,0,0,0,0,0,0,0,2,46.0,46.0,1,3.8501476017100584,2,0,-1.5679904063955343,-0.4687095752353965,New Low-Value Customers,"{'Risk': 'Medium', 'Strategy': 'Onboarding Support', 'Offer': 'Provide free onboarding assistance and offer a 10% discount on first 3 months', 'Action': 'Assign dedicated support agent for first 30 days'}",Medium
1,1,0,0,15,1,0,1,0,0,0,0,0,2,0,1,2,79.4,1156.1,1,7.0536721538822915,1,3,-0.12899842259973213,0.28532457663948224,New Price-Shocked Customers,"{'Risk': 'Very High', 'Strategy': 'Price Reduction', 'Offer': 'Immediately offer 25% price reduction or downgrade to affordable plan', 'Action': 'Trigger automated discount coupon within 48 hours of signup'}",Very High
1,1,1,0,16,1,0,1,0,0,0,0,0,0,0,1,0,71.8,1167.8,1,7.06373286043649,1,3,-0.2351004366776822,-0.008316267842700726,New Price-Shocked Customers,"{'Risk': 'Very High', 'Strategy': 'Price Reduction', 'Offer': 'Immediately offer 25% price reduction or downgrade to affordable plan', 'Action': 'Trigger automated discount coupon within 48 hours of signup'}",Very High
1,1,1,0,44,1,2,1,0,2,0,0,0,2,1,0,3,88.4,3912.9,1,8.272289598319464,0,2,1.8867777218278317,-0.3484066988213956,Mid-Tenure High Spenders,"{'Risk': 'High', 'Strategy': 'Value Enhancement', 'Offer': 'Upgrade to annual contract with 15% discount and free add-on services', 'Action': 'Send personalized email with tailored upgrade offer'}",High
0,0,0,1,5,1,0,0,0,0,0,0,0,0,0,0,3,46.0,221.7,1,5.405825574263321,2,0,-1.382611800264398,-0.5763621972218573,New Low-Value Customers,"{'Risk': 'Medium', 'Strategy': 'Onboarding Support', 'Offer': 'Provide free onboarding assistance and offer a 10% discount on first 3 months', 'Action': 'Assign dedicated support agent for first 30 days'}",Medium
1,0,0,0,4,1,2,0,0,0,0,0,0,0,0,0,1,51.75,201.1,1,5.308762624409575,2,0,-1.313977482640428,-0.34752491414032655,New Low-Value Customers,"{'Risk': 'Medium', 'Strategy': 'Onboarding Support', 'Offer': 'Provide free onboarding assistance and offer a 10% discount on first 3 months', 'Action': 'Assign dedicated support agent for first 30 days'}",Medium
1,0,1,1,30,1,2,1,2,2,0,0,2,0,0,1,2,94.4,2838.7,1,7.951453691772792,1,2,1.1935051271935095,0.29568369985648946,Mid-Tenure High Spenders,"{'Risk': 'High', 'Strategy': 'Value Enhancement', 'Offer': 'Upgrade to annual contract with 15% discount and free add-on services', 'Action': 'Send personalized email with tailored upgrade offer'}",High
0,0,0,0,1,1,0,1,0,0,0,0,0,0,0,1,3,70.15,70.15,1,4.264790324535862,2,3,-1.1101766332669538,0.3880116043566009,New Price-Shocked Customers,"{'Risk': 'Very High', 'Strategy': 'Price Reduction', 'Offer': 'Immediately offer 25% price reduction or downgrade to affordable plan', 'Action': 'Trigger automated discount coupon within 48 hours of signup'}",Very High
1,0,0,0,9,0,1,0,0,0,0,0,2,0,0,1,1,34.7,296.1,1,5.694068782468562,2,0,-1.4420493065107214,-1.0743480325730503,New Low-Value Customers,"{'Risk': 'Medium', 'Strategy': 'Onboarding Support', 'Offer': 'Provide free onboarding assistance and offer a 10% discount on first 3 months', 'Action': 'Assign dedicated support agent for first 30 days'}",Medium
0,0,0,0,1,1,0,1,0,0,0,0,0,2,0,1,2,81.1,81.1,1,4.407938016458383,2,3,-0.9025964752645543,0.776462822432475,New Price-Shocked Customers,"{'Risk': 'Very High', 'Strategy': 'Price Reduction', 'Offer': 'Immediately offer 25% price reduction or downgrade to affordable plan', 'Action': 'Trigger automated discount coupon within 48 hours of signup'}",Very High
0,0,1,1,1,1,0,2,1,1,1,1,1,1,0,0,3,20.55,20.55,1,3.070375816549757,2,0,-2.050448399195632,-1.3715482510373151,New Low-Value Customers,"{'Risk': 'Medium', 'Strategy': 'Onboarding Support', 'Offer': 'Provide free onboarding assistance and offer a 10% discount on first 3 months', 'Action': 'Assign dedicated support agent for first 30 days'}",Medium
0,0,0,0,61,1,2,1,0,0,2,2,2,2,2,1,2,106.6,6428.4,1,8.768636500280573,0,1,3.6148702825269545,-0.36518540815451694,Loyal Premium Customers,"{'Risk': 'Very High', 'Strategy': 'Loyalty Reward', 'Offer': 'Offer exclusive VIP loyalty program with 20% discount and priority support', 'Action': 'Personal call from retention team within 24 hours'}",Very High
1,0,1,0,59,1,2,1,2,2,2,2,2,0,0,1,2,106.75,6252.9,1,8.7409605481234,0,1,3.4951715948776423,-0.2957610978869741,Loyal Premium Customers,"{'Risk': 'Very High', 'Strategy': 'Loyalty Reward', 'Offer': 'Offer exclusive VIP loyalty program with 20% discount and priority support', 'Action': 'Personal call from retention team within 24 hours'}",Very High
0,0,0,0,3,1,0,1,0,0,0,0,2,2,0,1,2,89.45,240.45,1,5.486662412319551,2,3,-0.6301437714102983,1.0114612024222775,New Price-Shocked Customers,"{'Risk': 'Very High', 'Strategy': 'Price Reduction', 'Offer': 'Immediately offer 25% price reduction or downgrade to affordable plan', 'Action': 'Trigger automated discount coupon within 48 hours of signup'}",Very High
0,0,0,0,3,1,0,1,0,2,0,2,2,2,0,1,2,97.9,315.3,1,5.756691130311603,2,3,-0.44737962631048306,1.3034529895082665,New Price-Shocked Customers,"{'Risk': 'Very High', 'Strategy': 'Price Reduction', 'Offer': 'Immediately offer 25% price reduction or downgrade to affordable plan', 'Action': 'Trigger automated discount coupon within 48 hours of signup'}",Very High
1,0,0,0,1,1,0,0,0,0,0,0,0,2,0,1,3,55.7,55.7,1,4.037774210733707,2,0,-1.3841066134619016,-0.12460210351521536,New Low-Value Customers,"{'Risk': 'Medium', 'Strategy': 'Onboarding Support', 'Offer': 'Provide free onboarding assistance and offer a 10% discount on first 3 months', 'Action': 'Assign dedicated support agent for first 30 days'}",Medium
1,0,0,0,13,1,0,1,0,2,2,0,0,0,0,1,2,79.8,973.45,1,6.881873209268033,1,3,-0.2464739171681024,0.3644837859260684,New Price-Shocked Customers,"{'Risk': 'Very High', 'Strategy': 'Price Reduction', 'Offer': 'Immediately offer 25% price reduction or downgrade to affordable plan', 'Action': 'Trigger automated discount coupon within 48 hours of signup'}",Very High
0,0,1,0,18,0,1,0,0,0,2,0,2,0,0,1,2,39.05,669.85,1,6.5085455650364805,1,0,-0.951298872311236,-1.1592157444255256,New Low-Value Customers,"{'Risk': 'Medium', 'Strategy': 'Onboarding Support', 'Offer': 'Provide free onboarding assistance and offer a 10% discount on first 3 months', 'Action': 'Assign dedicated support agent for first 30 days'}",Medium
0,1,1,0,3,1,0,1,0,0,0,2,2,0,0,1,3,83.9,267.4,1,5.592478405097527,2,3,-0.7243052812593612,0.8107709325480105,New Price-Shocked Customers,"{'Risk': 'Very High', 'Strategy': 'Price Reduction', 'Offer': 'Immediately offer 25% price reduction or downgrade to affordable plan', 'Action': 'Trigger automated discount coupon within 48 hours of signup'}",Very High
0,1,0,0,1,1,0,1,0,0,0,0,0,0,0,1,2,69.85,69.85,1,4.260564966136689,2,3,-1.1158637608834583,0.3773691052312342,New Price-Shocked Customers,"{'Risk': 'Very High', 'Strategy': 'Price Reduction', 'Offer': 'Immediately offer 25% price reduction or downgrade to affordable plan', 'Action': 'Trigger automated discount coupon within 48 hours of signup'}",Very High
0,0,0,0,1,1,0,0,0,0,0,0,2,0,0,1,3,53.55,53.55,1,3.9991177122790798,2,0,-1.424864361380181,-0.2008733472470082,New Low-Value Customers,"{'Risk': 'Medium', 'Strategy': 'Onboarding Support', 'Offer': 'Provide free onboarding assistance and offer a 10% discount on first 3 months', 'Action': 'Assign dedicated support agent for first 30 days'}",Medium
0,0,1,1,70,1,2,1,2,2,2,2,0,0,2,0,0,93.9,6579.05,1,8.791797623074686,0,1,3.7123430714917496,-1.0307842317100264,Loyal Premium Customers,"{'Risk': 'Very High', 'Strategy': 'Loyalty Reward', 'Offer': 'Offer exclusive VIP loyalty program with 20% discount and priority support', 'Action': 'Personal call from retention team within 24 hours'}",Very High
1,0,1,1,68,1,2,1,2,2,2,2,2,2,2,1,2,113.15,7856.0,1,8.969160133175821,0,1,4.442079324754572,-0.4515571718787834,Loyal Premium Customers,"{'Risk': 'Very High', 'Strategy': 'Loyalty Reward', 'Offer': 'Offer exclusive VIP loyalty program with 20% discount and priority support', 'Action': 'Personal call from retention team within 24 hours'}",Very High
0,1,1,0,26,1,0,1,0,2,0,0,0,2,0,0,2,84.95,2169.75,1,7.682828008940755,1,2,0.6644847752649535,0.12472506534477575,Mid-Tenure High Spenders,"{'Risk': 'High', 'Strategy': 'Value Enhancement', 'Offer': 'Upgrade to annual contract with 15% discount and free add-on services', 'Action': 'Send personalized email with tailored upgrade offer'}",High
1,0,1,0,11,1,2,1,0,2,0,0,0,0,0,1,0,80.5,896.9,1,6.800058703526763,2,3,-0.3222891412968105,0.44190189388824486,New Price-Shocked Customers,"{'Risk': 'Very High', 'Strategy': 'Price Reduction', 'Offer': 'Immediately offer 25% price reduction or downgrade to affordable plan', 'Action': 'Trigger automated discount coupon within 48 hours of signup'}",Very High
1,0,0,0,1,1,0,2,1,1,1,1,1,1,0,1,3,19.3,19.3,1,3.0106208860477417,2,0,-2.0741447642643993,-1.4158919973930084,New Low-Value Customers,"{'Risk': 'Medium', 'Strategy': 'Onboarding Support', 'Offer': 'Provide free onboarding assistance and offer a 10% discount on first 3 months', 'Action': 'Assign dedicated support agent for first 30 days'}",Medium
1,0,0,0,1,1,0,0,0,0,2,0,0,0,0,1,3,49.65,49.65,1,3.9249392306946924,2,0,-1.4987970203947343,-0.33922583587677174,New Low-Value Customers,"{'Risk': 'Medium', 'Strategy': 'Onboarding Support', 'Offer': 'Provide free onboarding assistance and offer a 10% discount on first 3 months', 'Action': 'Assign dedicated support agent for first 30 days'}",Medium
0,0,0,0,46,1,0,0,0,0,2,2,0,0,2,0,1,54.35,2460.15,1,7.808383999366624,0,4,0.8217347670720886,-1.4338191061239545,Mid-Tenure Low Spenders,"{'Risk': 'Medium', 'Strategy': 'Upsell + Retain', 'Offer': 'Offer bundled services upgrade at same price point', 'Action': 'Send monthly value report showing benefits they are missing'}",Medium
1,0,0,0,4,1,0,1,0,0,0,0,2,2,0,1,2,88.45,370.65,1,5.917952551171302,2,3,-0.57308176921144,0.9388577499426741,New Price-Shocked Customers,"{'Risk': 'Very High', 'Strategy': 'Price Reduction', 'Offer': 'Immediately offer 25% price reduction or downgrade to affordable plan', 'Action': 'Trigger automated discount coupon within 48 hours of signup'}",Very High
1,1,0,0,22,1,2,1,0,0,0,2,2,0,0,1,0,90.5,1910.6,1,7.555695866704003,1,2,0.5540570686850688,0.43968112757802097,Mid-Tenure High Spenders,"{'Risk': 'High', 'Strategy': 'Value Enhancement', 'Offer': 'Upgrade to annual contract with 15% discount and free add-on services', 'Action': 'Send personalized email with tailored upgrade offer'}",High
1,0,1,0,9,1,0,1,0,2,2,2,2,0,0,1,3,94.85,890.6,1,6.793017601511714,2,3,-0.12009544749659785,0.9969288369557526,New Price-Shocked Customers,"{'Risk': 'Very High', 'Strategy': 'Price Reduction', 'Offer': 'Immediately offer 25% price reduction or downgrade to affordable plan', 'Action': 'Trigger automated discount coupon within 48 hours of signup'}",Very High
1,0,1,1,7,1,0,1,0,0,0,0,0,0,0,1,0,69.95,529.5,1,6.2738199580540375,2,3,-0.7692580253419427,0.1964964083668402,New Price-Shocked Customers,"{'Risk': 'Very High', 'Strategy': 'Price Reduction', 'Offer': 'Immediately offer 25% price reduction or downgrade to affordable plan', 'Action': 'Trigger automated discount coupon within 48 hours of signup'}",Very High
0,0,0,0,1,1,0,0,2,0,0,0,0,0,0,1,1,48.6,48.6,1,3.903990833730882,2,0,-1.5187019670524986,-0.376474582815554,New Low-Value Customers,"{'Risk': 'Medium', 'Strategy': 'Onboarding Support', 'Offer': 'Provide free onboarding assistance and offer a 10% discount on first 3 months', 'Action': 'Assign dedicated support agent for first 30 days'}",Medium
0,1,0,0,40,0,1,0,2,2,0,0,2,2,0,1,2,55.8,2109.35,1,7.6546090894913315,0,4,0.5409956832415989,-1.2105193351231225,Mid-Tenure Low Spenders,"{'Risk': 'Medium', 'Strategy': 'Upsell + Retain', 'Offer': 'Offer bundled services upgrade at same price point', 'Action': 'Send monthly value report showing benefits they are missing'}",Medium
1,0,1,0,29,1,2,1,0,2,0,0,0,0,0,1,0,80.15,2265.25,1,7.7258817620690605,1,2,0.7018228480147515,-0.12261032454075557,Mid-Tenure High Spenders,"{'Risk': 'High', 'Strategy': 'Value Enhancement', 'Offer': 'Upgrade to annual contract with 15% discount and free add-on services', 'Action': 'Send personalized email with tailored upgrade offer'}",High
0,0,0,0,3,1,2,1,0,0,0,0,0,0,0,1,2,75.5,220.6,1,5.400873954873129,2,3,-0.896601269307953,0.5172755719457978,New Price-Shocked Customers,"{'Risk': 'Very High', 'Strategy': 'Price Reduction', 'Offer': 'Immediately offer 25% price reduction or downgrade to affordable plan', 'Action': 'Trigger automated discount coupon within 48 hours of signup'}",Very High
1,0,0,0,1,1,0,2,1,1,1,1,1,1,0,1,0,20.2,20.2,1,3.054001181677967,2,0,-2.057083381414887,-1.383964500016909,New Low-Value Customers,"{'Risk': 'Medium', 'Strategy': 'Onboarding Support', 'Offer': 'Provide free onboarding assistance and offer a 10% discount on first 3 months', 'Action': 'Assign dedicated support agent for first 30 days'}",Medium
0,0,1,0,3,1,2,1,0,0,0,0,0,0,0,1,1,74.75,229.5,1,5.440250862436703,2,3,-0.9075379841125075,0.4895398180422084,New Price-Shocked Customers,"{'Risk': 'Very High', 'Strategy': 'Price Reduction', 'Offer': 'Immediately offer 25% price reduction or downgrade to affordable plan', 'Action': 'Trigger automated discount coupon within 48 hours of signup'}",Very High
1,0,0,0,23,1,2,1,0,0,2,2,2,2,0,1,3,104.05,2470.1,1,7.812418674615313,1,2,1.0279642403023792,0.8346935302538803,Mid-Tenure High Spenders,"{'Risk': 'High', 'Strategy': 'Value Enhancement', 'Offer': 'Upgrade to annual contract with 15% discount and free add-on services', 'Action': 'Send personalized email with tailored upgrade offer'}",High
0,0,0,0,13,1,2,1,2,2,0,0,2,0,0,1,2,96.65,1244.5,1,7.127292334702235,1,3,0.15938382975894183,0.9324840724876482,New Price-Shocked Customers,"{'Risk': 'Very High', 'Strategy': 'Price Reduction', 'Offer': 'Immediately offer 25% price reduction or downgrade to affordable plan', 'Action': 'Trigger automated discount coupon within 48 hours of signup'}",Very High
1,1,0,0,1,1,0,2,1,1,1,1,1,1,0,0,3,20.05,20.05,1,3.0469005601283903,2,0,-2.059926945223139,-1.3892857495795925,New Low-Value Customers,"{'Risk': 'Medium', 'Strategy': 'Onboarding Support', 'Offer': 'Provide free onboarding assistance and offer a 10% discount on first 3 months', 'Action': 'Assign dedicated support agent for first 30 days'}",Medium
0,0,0,0,39,1,2,1,0,2,2,0,2,2,0,1,2,103.45,3994.45,1,8.292911492657877,0,2,2.0376442902371985,0.2865676365924305,Mid-Tenure High Spenders,"{'Risk': 'High', 'Strategy': 'Value Enhancement', 'Offer': 'Upgrade to annual contract with 15% discount and free add-on services', 'Action': 'Send personalized email with tailored upgrade offer'}",High
0,0,1,1,1,1,0,2,1,1,1,1,1,1,0,1,2,19.9,19.9,1,3.039749158970765,2,0,-2.062770509031391,-1.3946069991422756,New Low-Value Customers,"{'Risk': 'Medium', 'Strategy': 'Onboarding Support', 'Offer': 'Provide free onboarding assistance and offer a 10% discount on first 3 months', 'Action': 'Assign dedicated support agent for first 30 days'}",Medium
1,0,1,0,14,0,1,0,0,0,0,0,2,2,0,0,2,46.35,667.7,1,6.505335529059933,1,0,-0.9417639106529652,-0.8120547512338694,New Low-Value Customers,"{'Risk': 'Medium', 'Strategy': 'Onboarding Support', 'Offer': 'Provide free onboarding assistance and offer a 10% discount on first 3 months', 'Action': 'Assign dedicated support agent for first 30 days'}",Medium
1,0,0,0,1,1,0,2,1,1,1,1,1,1,0,0,2,19.95,19.95,1,3.0421386463681466,2,0,-2.06182265442864,-1.3928332492880477,New Low-Value Customers,"{'Risk': 'Medium', 'Strategy': 'Onboarding Support', 'Offer': 'Provide free onboarding assistance and offer a 10% discount on first 3 months', 'Action': 'Assign dedicated support agent for first 30 days'}",Medium
1,0,0,0,1,1,0,1,0,0,0,0,0,2,0,0,2,79.6,79.6,1,4.389498649512583,2,3,-0.9310321133470748,0.7232503268056429,New Price-Shocked Customers,"{'Risk': 'Very High', 'Strategy': 'Price Reduction', 'Offer': 'Immediately offer 25% price reduction or downgrade to affordable plan', 'Action': 'Trigger automated discount coupon within 48 hours of signup'}",Very High
1,0,0,0,1,1,0,1,0,0,0,2,0,0,0,1,2,75.9,75.9,1,4.3425058765115985,2,3,-1.0011733539506253,0.5919928375927908,New Price-Shocked Customers,"{'Risk': 'Very High', 'Strategy': 'Price Reduction', 'Offer': 'Immediately offer 25% price reduction or downgrade to affordable plan', 'Action': 'Trigger automated discount coupon within 48 hours of signup'}",Very High
1,0,1,0,1,1,0,1,0,0,2,0,0,0,0,0,2,76.2,76.2,1,4.3463994570307305,2,3,-0.9954862263341212,0.602635336718157,New Price-Shocked Customers,"{'Risk': 'Very High', 'Strategy': 'Price Reduction', 'Offer': 'Immediately offer 25% price reduction or downgrade to affordable plan', 'Action': 'Trigger automated discount coupon within 48 hours of signup'}",Very High
1,0,0,1,1,1,0,2,1,1,1,1,1,1,0,0,3,19.25,19.25,1,3.0081547935525483,2,0,-2.0750926188671497,-1.417665747247236,New Low-Value Customers,"{'Risk': 'Medium', 'Strategy': 'Onboarding Support', 'Offer': 'Provide free onboarding assistance and offer a 10% discount on first 3 months', 'Action': 'Assign dedicated support agent for first 30 days'}",Medium
0,0,1,0,42,1,2,1,0,0,2,2,0,0,0,1,2,84.3,3588.4,1,8.185740336595176,0,2,1.6372948293941236,-0.41280853481061025,Mid-Tenure High Spenders,"{'Risk': 'High', 'Strategy': 'Value Enhancement', 'Offer': 'Upgrade to annual contract with 15% discount and free add-on services', 'Action': 'Send personalized email with tailored upgrade offer'}",High
0,0,0,0,7,1,0,1,0,0,0,0,2,0,0,1,2,79.0,522.95,1,6.261396259920951,2,3,-0.6030005107510752,0.5193710692884549,New Price-Shocked Customers,"{'Risk': 'Very High', 'Strategy': 'Price Reduction', 'Offer': 'Immediately offer 25% price reduction or downgrade to affordable plan', 'Action': 'Trigger automated discount coupon within 48 hours of signup'}",Very High
0,0,0,0,1,1,0,1,0,0,0,0,0,0,0,1,2,70.25,70.25,1,4.26619481914876,2,3,-1.1082809240614526,0.39155910406505623,New Price-Shocked Customers,"{'Risk': 'Very High', 'Strategy': 'Price Reduction', 'Offer': 'Immediately offer 25% price reduction or downgrade to affordable plan', 'Action': 'Trigger automated discount coupon within 48 hours of signup'}",Very High
0,1,0,0,10,1,0,1,0,0,2,0,0,2,0,1,1,84.6,865.55,1,6.764519810895385,2,3,-0.288028123859367,0.6132705618756567,New Price-Shocked Customers,"{'Risk': 'Very High', 'Strategy': 'Price Reduction', 'Offer': 'Immediately offer 25% price reduction or downgrade to affordable plan', 'Action': 'Trigger automated discount coupon within 48 hours of signup'}",Very High
0,0,1,1,17,1,2,2,1,1,1,1,1,1,0,0,3,24.1,409.9,1,6.018349875889364,1,0,-1.3494197220245698,-1.639118516888951,New Low-Value Customers,"{'Risk': 'Medium', 'Strategy': 'Onboarding Support', 'Offer': 'Provide free onboarding assistance and offer a 10% discount on first 3 months', 'Action': 'Assign dedicated support agent for first 30 days'}",Medium
0,0,0,1,1,1,0,0,2,2,0,2,0,0,0,1,2,60.0,60.0,1,4.110873864173311,2,0,-1.3025911176253429,0.02794038394837004,New Low-Value Customers,"{'Risk': 'Medium', 'Strategy': 'Onboarding Support', 'Offer': 'Provide free onboarding assistance and offer a 10% discount on first 3 months', 'Action': 'Assign dedicated support agent for first 30 days'}",Medium
1,0,0,0,8,1,2,1,0,0,0,0,0,2,0,1,2,86.55,649.65,1,6.477971863222766,2,3,-0.3879525016427106,0.751489261403721,New Price-Shocked Customers,"{'Risk': 'Very High', 'Strategy': 'Price Reduction', 'Offer': 'Immediately offer 25% price reduction or downgrade to affordable plan', 'Action': 'Trigger automated discount coupon within 48 hours of signup'}",Very High
0,1,1,0,1,1,0,2,1,1,1,1,1,1,0,1,3,20.85,20.85,1,3.084200921541599,2,0,-2.044761271579128,-1.360905751911948,New Low-Value Customers,"{'Risk': 'Medium', 'Strategy': 'Onboarding Support', 'Offer': 'Provide free onboarding assistance and offer a 10% discount on first 3 months', 'Action': 'Assign dedicated support agent for first 30 days'}",Medium
0,0,0,0,39,0,1,0,0,0,2,0,2,2,0,1,2,50.75,2011.4,1,7.607083318617163,0,4,0.38226568781621173,-1.3570225251867998,Mid-Tenure Low Spenders,"{'Risk': 'Medium', 'Strategy': 'Upsell + Retain', 'Offer': 'Offer bundled services upgrade at same price point', 'Action': 'Send monthly value report showing benefits they are missing'}",Medium
0,1,1,0,58,1,0,1,2,2,0,2,2,2,1,1,1,105.5,6205.5,1,8.733352408956003,0,1,3.424374054242239,-0.3129312585853648,Loyal Premium Customers,"{'Risk': 'Very High', 'Strategy': 'Loyalty Reward', 'Offer': 'Offer exclusive VIP loyalty program with 20% discount and priority support', 'Action': 'Personal call from retention team within 24 hours'}",Very High
1,1,0,0,6,1,0,1,2,0,0,0,2,0,0,1,0,85.15,503.6,1,6.223766036206958,2,3,-0.5264943471236282,0.7622988610300617,New Price-Shocked Customers,"{'Risk': 'Very High', 'Strategy': 'Price Reduction', 'Offer': 'Immediately offer 25% price reduction or downgrade to affordable plan', 'Action': 'Trigger automated discount coupon within 48 hours of signup'}",Very High
1,0,1,0,22,1,0,0,2,0,0,2,0,0,0,1,2,54.2,1152.7,1,7.050729447933244,1,4,-0.37943716744114064,-0.763599961444259,Mid-Tenure Low Spenders,"{'Risk': 'Medium', 'Strategy': 'Upsell + Retain', 'Offer': 'Offer bundled services upgrade at same price point', 'Action': 'Send monthly value report showing benefits they are missing'}",Medium
0,0,1,0,70,1,2,1,0,2,2,2,2,2,1,1,2,109.5,7674.55,1,8.94579523112564,0,1,4.375251372339455,-0.6037736167534828,Loyal Premium Customers,"{'Risk': 'Very High', 'Strategy': 'Loyalty Reward', 'Offer': 'Offer exclusive VIP loyalty program with 20% discount and priority support', 'Action': 'Personal call from retention team within 24 hours'}",Very High
1,0,1,1,21,1,2,1,0,2,2,0,2,2,0,0,2,104.4,2157.95,1,7.677377271376789,1,2,0.8655264928471584,0.9272307579114148,Mid-Tenure High Spenders,"{'Risk': 'High', 'Strategy': 'Value Enhancement', 'Offer': 'Upgrade to annual contract with 15% discount and free add-on services', 'Action': 'Send personalized email with tailored upgrade offer'}",High
1,1,1,1,71,1,2,1,2,2,0,0,2,2,0,1,1,105.1,7548.1,1,8.92918362983954,0,1,4.281751526012847,-0.7673498399074731,Loyal Premium Customers,"{'Risk': 'Very High', 'Strategy': 'Loyalty Reward', 'Offer': 'Offer exclusive VIP loyalty program with 20% discount and priority support', 'Action': 'Personal call from retention team within 24 hours'}",Very High
0,0,0,0,1,1,0,1,0,2,0,0,0,0,0,1,2,75.7,75.7,1,4.33990170837321,2,3,-1.004964772361628,0.5848978381758797,New Price-Shocked Customers,"{'Risk': 'Very High', 'Strategy': 'Price Reduction', 'Offer': 'Immediately offer 25% price reduction or downgrade to affordable plan', 'Action': 'Trigger automated discount coupon within 48 hours of signup'}",Very High
0,1,1,0,20,1,2,1,0,0,2,0,2,0,0,0,2,90.8,1951.0,1,7.5766097669730375,1,2,0.5105592753175081,0.48917374036628775,Mid-Tenure High Spenders,"{'Risk': 'High', 'Strategy': 'Value Enhancement', 'Offer': 'Upgrade to annual contract with 15% discount and free add-on services', 'Action': 'Send personalized email with tailored upgrade offer'}",High
0,0,1,1,4,1,2,1,0,2,0,0,2,2,0,1,2,97.95,384.5,1,5.954541193003384,2,3,-0.39151034770127957,1.275361066650892,New Price-Shocked Customers,"{'Risk': 'Very High', 'Strategy': 'Price Reduction', 'Offer': 'Immediately offer 25% price reduction or downgrade to affordable plan', 'Action': 'Trigger automated discount coupon within 48 hours of signup'}",Very High
1,0,0,0,32,1,2,1,2,2,0,2,2,2,0,1,1,108.15,3432.9,1,8.141451920474294,1,2,1.7143437669482906,0.6719811169085912,Mid-Tenure High Spenders,"{'Risk': 'High', 'Strategy': 'Value Enhancement', 'Offer': 'Upgrade to annual contract with 15% discount and free add-on services', 'Action': 'Send personalized email with tailored upgrade offer'}",High
1,0,0,0,6,1,0,1,0,0,0,0,2,0,0,1,1,80.5,463.05,1,6.139992305041402,2,3,-0.626851212961591,0.6015421213368534,New Price-Shocked Customers,"{'Risk': 'Very High', 'Strategy': 'Price Reduction', 'Offer': 'Immediately offer 25% price reduction or downgrade to affordable plan', 'Action': 'Trigger automated discount coupon within 48 hours of signup'}",Very High
0,1,1,0,27,1,2,1,2,0,0,2,2,2,0,1,0,104.3,2867.75,1,7.9616316738088555,1,2,1.2934625141910696,0.7099602792803783,Mid-Tenure High Spenders,"{'Risk': 'High', 'Strategy': 'Value Enhancement', 'Offer': 'Upgrade to annual contract with 15% discount and free add-on services', 'Action': 'Send personalized email with tailored upgrade offer'}",High
1,0,0,0,1,1,0,1,0,0,0,0,0,0,0,1,3,71.35,71.35,1,4.281515453077493,2,3,-1.0874281228009377,0.43058160085806624,New Price-Shocked Customers,"{'Risk': 'Very High', 'Strategy': 'Price Reduction', 'Offer': 'Immediately offer 25% price reduction or downgrade to affordable plan', 'Action': 'Trigger automated discount coupon within 48 hours of signup'}",Very High
0,0,0,0,13,1,2,1,0,2,2,2,0,0,0,0,2,89.4,1132.35,1,7.032933127710366,1,3,-0.013722220741507214,0.6875686015374953,New Price-Shocked Customers,"{'Risk': 'Very High', 'Strategy': 'Price Reduction', 'Offer': 'Immediately offer 25% price reduction or downgrade to affordable plan', 'Action': 'Trigger automated discount coupon within 48 hours of signup'}",Very High
1,0,0,0,1,1,0,2,1,1,1,1,1,1,0,0,3,20.6,20.6,1,3.0726933146901194,2,0,-2.049500544592881,-1.3697745011830869,New Low-Value Customers,"{'Risk': 'Medium', 'Strategy': 'Onboarding Support', 'Offer': 'Provide free onboarding assistance and offer a 10% discount on first 3 months', 'Action': 'Assign dedicated support agent for first 30 days'}",Medium
1,0,0,0,19,1,2,1,0,2,0,0,2,2,0,1,2,99.95,1931.75,1,7.566699138200584,1,2,0.6429506837849757,0.838865960424927,Mid-Tenure High Spenders,"{'Risk': 'High', 'Strategy': 'Value Enhancement', 'Offer': 'Upgrade to annual contract with 15% discount and free add-on services', 'Action': 'Send personalized email with tailored upgrade offer'}",High
0,0,0,0,10,1,2,1,0,2,0,0,0,0,0,1,1,81.0,818.05,1,6.708145132050641,2,3,-0.3712001294534145,0.4906989472270744,New Price-Shocked Customers,"{'Risk': 'Very High', 'Strategy': 'Price Reduction', 'Offer': 'Immediately offer 25% price reduction or downgrade to affordable plan', 'Action': 'Trigger automated discount coupon within 48 hours of signup'}",Very High
0,1,1,0,13,1,0,1,0,0,0,0,0,0,0,1,2,70.15,916.75,1,6.821925022376944,1,3,-0.4454073637204358,0.027657137795105695,New Price-Shocked Customers,"{'Risk': 'Very High', 'Strategy': 'Price Reduction', 'Offer': 'Immediately offer 25% price reduction or downgrade to affordable plan', 'Action': 'Trigger automated discount coupon within 48 hours of signup'}",Very High
0,0,0,0,1,1,0,1,0,0,0,0,0,0,0,1,3,70.15,70.15,1,4.264790324535862,2,3,-1.1101766332669538,0.3880116043566009,New Price-Shocked Customers,"{'Risk': 'Very High', 'Strategy': 'Price Reduction', 'Offer': 'Immediately offer 25% price reduction or downgrade to affordable plan', 'Action': 'Trigger automated discount coupon within 48 hours of signup'}",Very High
0,1,1,0,68,1,2,1,2,2,0,0,0,2,1,1,1,96.55,6581.9,1,8.792230656709933,0,1,3.6998280134643973,-0.8932551899701631,Loyal Premium Customers,"{'Risk': 'Very High', 'Strategy': 'Loyalty Reward', 'Offer': 'Offer exclusive VIP loyalty program with 20% discount and priority support', 'Action': 'Personal call from retention team within 24 hours'}",Very High
0,0,0,0,39,1,0,1,2,0,2,2,2,0,1,1,2,95.55,3692.85,1,8.214424553545985,0,2,1.7880220905341453,0.0406919408352167,Mid-Tenure High Spenders,"{'Risk': 'High', 'Strategy': 'Value Enhancement', 'Offer': 'Upgrade to annual contract with 15% discount and free add-on services', 'Action': 'Send personalized email with tailored upgrade offer'}",High
0,1,0,0,1,1,0,1,0,0,0,0,0,0,0,1,2,69.65,69.65,1,4.257738109130536,2,3,-1.1196551792944607,0.3702741058143236,New Price-Shocked Customers,"{'Risk': 'Very High', 'Strategy': 'Price Reduction', 'Offer': 'Immediately offer 25% price reduction or downgrade to affordable plan', 'Action': 'Trigger automated discount coupon within 48 hours of signup'}",Very High
0,1,0,0,1,1,0,1,0,0,0,0,2,2,0,1,2,89.3,89.3,1,4.5031374604229395,2,3,-0.7471483204134421,1.0673577985258242,New Price-Shocked Customers,"{'Risk': 'Very High', 'Strategy': 'Price Reduction', 'Offer': 'Immediately offer 25% price reduction or downgrade to affordable plan', 'Action': 'Trigger automated discount coupon within 48 hours of signup'}",Very High
0,0,0,0,36,1,0,1,0,0,2,2,0,2,0,1,2,87.55,3078.1,1,8.032392625474397,1,2,1.335834768943421,-0.10677404549851603,Mid-Tenure High Spenders,"{'Risk': 'High', 'Strategy': 'Value Enhancement', 'Offer': 'Upgrade to annual contract with 15% discount and free add-on services', 'Action': 'Send personalized email with tailored upgrade offer'}",High
0,1,0,0,15,1,0,1,2,0,2,2,0,2,0,1,3,96.3,1426.75,1,7.263855057544973,1,2,0.2776541740692835,0.8551512843237429,Mid-Tenure High Spenders,"{'Risk': 'High', 'Strategy': 'Value Enhancement', 'Offer': 'Upgrade to annual contract with 15% discount and free add-on services', 'Action': 'Send personalized email with tailored upgrade offer'}",High
0,0,0,0,5,1,2,1,0,0,0,0,2,0,0,1,2,85.2,474.8,1,6.164997597868857,2,3,-0.5667654812175643,0.7892212788877063,New Price-Shocked Customers,"{'Risk': 'Very High', 'Strategy': 'Price Reduction', 'Offer': 'Immediately offer 25% price reduction or downgrade to affordable plan', 'Action': 'Trigger automated discount coupon within 48 hours of signup'}",Very High
0,0,0,0,13,0,1,0,0,0,0,0,0,2,0,1,2,35.1,446.1,1,6.102782283239935,1,0,-1.2579621454827634,-1.1647557221553755,New Low-Value Customers,"{'Risk': 'Medium', 'Strategy': 'Onboarding Support', 'Offer': 'Provide free onboarding assistance and offer a 10% discount on first 3 months', 'Action': 'Assign dedicated support agent for first 30 days'}",Medium
1,0,1,0,5,1,2,1,0,2,0,0,0,0,0,1,2,81.3,416.3,1,6.033805387597507,2,3,-0.6592627300066396,0.6572595708303225,New Price-Shocked Customers,"{'Risk': 'Very High', 'Strategy': 'Price Reduction', 'Offer': 'Immediately offer 25% price reduction or downgrade to affordable plan', 'Action': 'Trigger automated discount coupon within 48 hours of signup'}",Very High
0,0,0,1,2,1,0,2,1,1,1,1,1,1,0,1,2,19.6,35.85,1,3.6068556186353455,2,0,-2.031522784053021,-1.4289233707543558,New Low-Value Customers,"{'Risk': 'Medium', 'Strategy': 'Onboarding Support', 'Offer': 'Provide free onboarding assistance and offer a 10% discount on first 3 months', 'Action': 'Assign dedicated support agent for first 30 days'}",Medium
0,0,1,1,17,1,2,1,0,0,0,0,0,2,0,1,2,85.45,1451.6,1,7.281110333172068,1,3,0.1469274650276728,0.42252526974055915,New Price-Shocked Customers,"{'Risk': 'Very High', 'Strategy': 'Price Reduction', 'Offer': 'Immediately offer 25% price reduction or downgrade to affordable plan', 'Action': 'Trigger automated discount coupon within 48 hours of signup'}",Very High
1,0,1,1,1,1,0,1,0,0,0,0,0,0,0,1,2,71.0,71.0,1,4.276666119016055,2,3,-1.0940631050201926,0.4181653518784723,New Price-Shocked Customers,"{'Risk': 'Very High', 'Strategy': 'Price Reduction', 'Offer': 'Immediately offer 25% price reduction or downgrade to affordable plan', 'Action': 'Trigger automated discount coupon within 48 hours of signup'}",Very High
1,1,0,0,9,1,2,1,0,0,0,0,0,2,0,1,2,85.05,746.5,1,6.616734305264842,2,3,-0.3515384003082281,0.664993312978959,New Price-Shocked Customers,"{'Risk': 'Very High', 'Strategy': 'Price Reduction', 'Offer': 'Immediately offer 25% price reduction or downgrade to affordable plan', 'Action': 'Trigger automated discount coupon within 48 hours of signup'}",Very High
1,0,0,1,1,1,0,0,0,0,0,0,0,0,0,1,2,44.4,44.4,1,3.8155121050473024,2,0,-1.5983217536835561,-0.5254695705706843,New Low-Value Customers,"{'Risk': 'Medium', 'Strategy': 'Onboarding Support', 'Offer': 'Provide free onboarding assistance and offer a 10% discount on first 3 months', 'Action': 'Assign dedicated support agent for first 30 days'}",Medium
1,1,1,0,1,1,0,1,0,0,0,0,0,0,0,1,2,70.3,70.3,1,4.26689632742025,2,3,-1.107333069458702,0.39333285391928385,New Price-Shocked Customers,"{'Risk': 'Very High', 'Strategy': 'Price Reduction', 'Offer': 'Immediately offer 25% price reduction or downgrade to affordable plan', 'Action': 'Trigger automated discount coupon within 48 hours of signup'}",Very High
0,0,1,0,1,1,0,1,0,0,0,0,2,0,0,1,0,79.35,79.35,1,4.386392092183521,2,3,-0.9357713863608283,0.7143815775345043,New Price-Shocked Customers,"{'Risk': 'Very High', 'Strategy': 'Price Reduction', 'Offer': 'Immediately offer 25% price reduction or downgrade to affordable plan', 'Action': 'Trigger automated discount coupon within 48 hours of signup'}",Very High
0,0,0,0,9,1,0,1,0,0,0,0,2,2,0,1,0,90.8,809.75,1,6.697959745187427,2,3,-0.22298449989235708,0.8622443285794008,New Price-Shocked Customers,"{'Risk': 'Very High', 'Strategy': 'Price Reduction', 'Offer': 'Immediately offer 25% price reduction or downgrade to affordable plan', 'Action': 'Trigger automated discount coupon within 48 hours of signup'}",Very High
1,0,1,1,20,1,0,1,0,0,0,0,0,0,0,1,2,70.45,1470.95,1,7.294343331320612,1,3,-0.03152051355783943,-0.1789358233973858,New Price-Shocked Customers,"{'Risk': 'Very High', 'Strategy': 'Price Reduction', 'Offer': 'Immediately offer 25% price reduction or downgrade to affordable plan', 'Action': 'Trigger automated discount coupon within 48 hours of signup'}",Very High
1,1,0,0,70,0,1,0,0,0,0,0,2,2,1,1,2,45.25,3264.45,1,8.091152857634613,0,4,1.6796222651014154,-2.3743723305262865,Mid-Tenure Low Spenders,"{'Risk': 'Medium', 'Strategy': 'Upsell + Retain', 'Offer': 'Offer bundled services upgrade at same price point', 'Action': 'Send monthly value report showing benefits they are missing'}",Medium
0,0,0,0,3,1,2,1,0,0,0,0,0,0,0,1,2,75.8,246.3,1,5.510602174527371,2,3,-0.8822778673274773,0.524945070585112,New Price-Shocked Customers,"{'Risk': 'Very High', 'Strategy': 'Price Reduction', 'Offer': 'Immediately offer 25% price reduction or downgrade to affordable plan', 'Action': 'Trigger automated discount coupon within 48 hours of signup'}",Very High
1,1,0,0,20,1,0,1,0,0,0,0,0,0,0,0,1,71.3,1389.2,1,7.237202900666386,1,3,-0.04349187753407265,-0.13911397193268332,New Price-Shocked Customers,"{'Risk': 'Very High', 'Strategy': 'Price Reduction', 'Offer': 'Immediately offer 25% price reduction or downgrade to affordable plan', 'Action': 'Trigger automated discount coupon within 48 hours of signup'}",Very High
1,1,1,0,21,1,0,1,0,0,0,0,0,0,0,1,2,69.1,1474.75,1,7.296921614120799,1,3,-0.023951855136450147,-0.24920171732639135,New Price-Shocked Customers,"{'Risk': 'Very High', 'Strategy': 'Price Reduction', 'Offer': 'Immediately offer 25% price reduction or downgrade to affordable plan', 'Action': 'Trigger automated discount coupon within 48 hours of signup'}",Very High
0,0,1,1,17,1,2,1,0,0,2,0,2,0,0,0,2,88.25,1460.65,1,7.287321213564613,1,2,0.20213239029253088,0.5211237161821223,Mid-Tenure High Spenders,"{'Risk': 'High', 'Strategy': 'Value Enhancement', 'Offer': 'Upgrade to annual contract with 15% discount and free add-on services', 'Action': 'Send personalized email with tailored upgrade offer'}",High
0,0,0,0,2,1,0,1,0,0,0,0,0,0,0,0,0,70.0,153.05,1,5.037277225042677,2,3,-1.0533726229246898,0.3511977251234129,New Price-Shocked Customers,"{'Risk': 'Very High', 'Strategy': 'Price Reduction', 'Offer': 'Immediately offer 25% price reduction or downgrade to affordable plan', 'Action': 'Trigger automated discount coupon within 48 hours of signup'}",Very High
0,0,0,0,21,1,2,1,0,0,0,0,2,2,0,1,2,97.35,2119.5,1,7.659407188914646,1,2,0.7212026546849533,0.6808073125307379,Mid-Tenure High Spenders,"{'Risk': 'High', 'Strategy': 'Value Enhancement', 'Offer': 'Upgrade to annual contract with 15% discount and free add-on services', 'Action': 'Send personalized email with tailored upgrade offer'}",High
1,0,1,1,5,1,2,2,1,1,1,1,1,1,0,1,0,25.9,135.0,1,4.912654885736052,2,0,-1.7862940699654688,-1.281614290890263,New Low-Value Customers,"{'Risk': 'Medium', 'Strategy': 'Onboarding Support', 'Offer': 'Provide free onboarding assistance and offer a 10% discount on first 3 months', 'Action': 'Assign dedicated support agent for first 30 days'}",Medium
1,0,0,0,24,1,2,0,2,0,0,0,0,0,0,1,0,55.65,1400.55,1,7.24533404602983,1,4,-0.2053513682813255,-0.7845453702500652,Mid-Tenure Low Spenders,"{'Risk': 'Medium', 'Strategy': 'Upsell + Retain', 'Offer': 'Offer bundled services upgrade at same price point', 'Action': 'Send monthly value report showing benefits they are missing'}",Medium
0,0,0,1,1,1,0,1,0,0,0,0,0,0,0,1,2,69.65,69.65,1,4.257738109130536,2,3,-1.1196551792944607,0.3702741058143236,New Price-Shocked Customers,"{'Risk': 'Very High', 'Strategy': 'Price Reduction', 'Offer': 'Immediately offer 25% price reduction or downgrade to affordable plan', 'Action': 'Trigger automated discount coupon within 48 hours of signup'}",Very High
0,0,0,0,10,1,2,1,0,0,2,0,2,2,0,1,2,100.6,1060.2,1,6.967155622263585,2,3,0.07602827875012558,1.1599600216524217,New Price-Shocked Customers,"{'Risk': 'Very High', 'Strategy': 'Price Reduction', 'Offer': 'Immediately offer 25% price reduction or downgrade to affordable plan', 'Action': 'Trigger automated discount coupon within 48 hours of signup'}",Very High
0,1,0,0,1,1,0,1,0,2,0,0,0,2,0,1,2,86.0,86.0,1,4.465908118654584,2,3,-0.8097067241949872,0.9502903081467935,New Price-Shocked Customers,"{'Risk': 'Very High', 'Strategy': 'Price Reduction', 'Offer': 'Immediately offer 25% price reduction or downgrade to affordable plan', 'Action': 'Trigger automated discount coupon within 48 hours of signup'}",Very High
0,0,0,0,53,1,2,1,2,0,2,0,2,2,1,1,1,106.95,5785.5,1,8.663282897288132,0,1,3.1515158999986954,-0.1033036714282086,Loyal Premium Customers,"{'Risk': 'Very High', 'Strategy': 'Loyalty Reward', 'Offer': 'Offer exclusive VIP loyalty program with 20% discount and priority support', 'Action': 'Personal call from retention team within 24 hours'}",Very High
1,0,0,0,3,0,1,0,0,2,0,0,0,0,0,1,2,29.6,79.45,1,4.387635873438392,2,0,-1.7991178234979748,-1.0998780424125694,New Low-Value Customers,"{'Risk': 'Medium', 'Strategy': 'Onboarding Support', 'Offer': 'Provide free onboarding assistance and offer a 10% discount on first 3 months', 'Action': 'Assign dedicated support agent for first 30 days'}",Medium
1,1,1,0,46,0,1,0,0,2,2,2,2,2,1,1,0,59.9,2816.65,1,7.943658483183582,0,4,1.0462734188449687,-1.278010609335385,Mid-Tenure Low Spenders,"{'Risk': 'Medium', 'Strategy': 'Upsell + Retain', 'Offer': 'Offer bundled services upgrade at same price point', 'Action': 'Send monthly value report showing benefits they are missing'}",Medium
0,0,1,1,49,1,2,1,0,0,0,0,2,2,0,1,2,95.6,4783.5,1,8.473136805219317,0,1,2.473882496172336,-0.3029045991818292,Loyal Premium Customers,"{'Risk': 'Very High', 'Strategy': 'Loyalty Reward', 'Offer': 'Offer exclusive VIP loyalty program with 20% discount and priority support', 'Action': 'Personal call from retention team within 24 hours'}",Very High
1,0,0,0,11,0,1,0,0,0,2,0,2,0,1,1,2,41.6,470.6,1,6.156131168663216,2,0,-1.191440206827498,-0.8927313829254776,New Low-Value Customers,"{'Risk': 'Medium', 'Strategy': 'Onboarding Support', 'Offer': 'Provide free onboarding assistance and offer a 10% discount on first 3 months', 'Action': 'Assign dedicated support agent for first 30 days'}",Medium
1,0,0,0,45,1,2,1,0,2,0,0,2,2,0,1,1,100.85,4740.0,1,8.464003362902119,0,1,2.4311929946097934,-0.023867392568555534,Loyal Premium Customers,"{'Risk': 'Very High', 'Strategy': 'Loyalty Reward', 'Offer': 'Offer exclusive VIP loyalty program with 20% discount and priority support', 'Action': 'Personal call from retention team within 24 hours'}",Very High
1,0,1,1,37,0,1,0,2,2,2,0,0,0,0,0,0,40.2,1448.8,1,7.279180894866777,0,4,-0.06825395059336033,-1.6231240938440696,Mid-Tenure Low Spenders,"{'Risk': 'Medium', 'Strategy': 'Upsell + Retain', 'Offer': 'Offer bundled services upgrade at same price point', 'Action': 'Send monthly value report showing benefits they are missing'}",Medium
1,0,1,1,49,1,2,1,0,0,0,0,2,0,0,0,2,84.5,4254.85,1,8.356049786039481,0,1,2.087486183925716,-0.6360992557354929,Loyal Premium Customers,"{'Risk': 'Very High', 'Strategy': 'Loyalty Reward', 'Offer': 'Offer exclusive VIP loyalty program with 20% discount and priority support', 'Action': 'Personal call from retention team within 24 hours'}",Very High
0,1,0,0,14,1,2,1,0,2,0,0,0,0,0,1,2,78.95,1101.85,1,7.005653017258597,1,3,-0.18723137222436773,0.29742982517244787,New Price-Shocked Customers,"{'Risk': 'Very High', 'Strategy': 'Price Reduction', 'Offer': 'Immediately offer 25% price reduction or downgrade to affordable plan', 'Action': 'Trigger automated discount coupon within 48 hours of signup'}",Very High
1,0,0,0,1,1,0,2,1,1,1,1,1,1,0,0,3,20.2,20.2,1,3.054001181677967,2,0,-2.057083381414887,-1.383964500016909,New Low-Value Customers,"{'Risk': 'Medium', 'Strategy': 'Onboarding Support', 'Offer': 'Provide free onboarding assistance and offer a 10% discount on first 3 months', 'Action': 'Assign dedicated support agent for first 30 days'}",Medium
0,1,0,0,47,1,2,1,0,2,2,0,0,0,0,1,0,85.2,3969.35,1,8.286609531004332,0,1,1.9406257027752793,-0.5342241221213236,Loyal Premium Customers,"{'Risk': 'Very High', 'Strategy': 'Loyalty Reward', 'Offer': 'Offer exclusive VIP loyalty program with 20% discount and priority support', 'Action': 'Personal call from retention team within 24 hours'}",Very High
1,1,1,0,13,1,0,1,0,2,2,0,2,2,0,1,2,98.0,1237.85,1,7.121938808924836,1,3,0.1822558176193608,0.9813116966576402,New Price-Shocked Customers,"{'Risk': 'Very High', 'Strategy': 'Price Reduction', 'Offer': 'Immediately offer 25% price reduction or downgrade to affordable plan', 'Action': 'Trigger automated discount coupon within 48 hours of signup'}",Very High
1,0,1,0,5,1,0,1,0,0,2,0,2,2,0,1,2,94.45,498.1,1,6.2128064764755635,2,3,-0.38663522794436483,1.1157204878714506,New Price-Shocked Customers,"{'Risk': 'Very High', 'Strategy': 'Price Reduction', 'Offer': 'Immediately offer 25% price reduction or downgrade to affordable plan', 'Action': 'Trigger automated discount coupon within 48 hours of signup'}",Very High
1,1,0,0,3,1,2,1,0,2,2,0,2,2,0,1,2,105.0,294.45,1,5.688499617791684,2,3,-0.3222875746282723,1.5585969398158945,New Price-Shocked Customers,"{'Risk': 'Very High', 'Strategy': 'Price Reduction', 'Offer': 'Immediately offer 25% price reduction or downgrade to affordable plan', 'Action': 'Trigger automated discount coupon within 48 hours of signup'}",Very High
0,1,1,0,26,1,2,1,0,2,2,0,0,2,0,1,2,93.85,2381.55,1,7.775926621667013,1,2,0.9021910862258297,0.41670364968786433,Mid-Tenure High Spenders,"{'Risk': 'High', 'Strategy': 'Value Enhancement', 'Offer': 'Upgrade to annual contract with 15% discount and free add-on services', 'Action': 'Send personalized email with tailored upgrade offer'}",High
0,1,1,0,8,1,2,1,0,0,0,0,0,2,0,1,2,84.0,613.4,1,6.420646181833463,2,3,-0.4477514504013359,0.664972511608971,New Price-Shocked Customers,"{'Risk': 'Very High', 'Strategy': 'Price Reduction', 'Offer': 'Immediately offer 25% price reduction or downgrade to affordable plan', 'Action': 'Trigger automated discount coupon within 48 hours of signup'}",Very High
0,0,1,0,9,0,1,0,0,0,2,0,2,2,0,1,2,48.75,442.2,1,6.094021135433074,2,0,-1.1308037367691783,-0.5913804146446308,New Low-Value Customers,"{'Risk': 'Medium', 'Strategy': 'Onboarding Support', 'Offer': 'Provide free onboarding assistance and offer a 10% discount on first 3 months', 'Action': 'Assign dedicated support agent for first 30 days'}",Medium
1,0,0,0,1,1,0,1,0,0,2,0,2,0,0,1,2,84.85,84.85,1,4.4526015873434845,2,3,-0.8315073800582531,0.9094940614995554,New Price-Shocked Customers,"{'Risk': 'Very High', 'Strategy': 'Price Reduction', 'Offer': 'Immediately offer 25% price reduction or downgrade to affordable plan', 'Action': 'Trigger automated discount coupon within 48 hours of signup'}",Very High
1,0,0,0,12,1,0,0,2,0,0,2,0,0,0,0,3,56.65,654.85,1,6.485932104261154,2,0,-0.8171964666798858,-0.40040892820073226,New Low-Value Customers,"{'Risk': 'Medium', 'Strategy': 'Onboarding Support', 'Offer': 'Provide free onboarding assistance and offer a 10% discount on first 3 months', 'Action': 'Assign dedicated support agent for first 30 days'}",Medium
0,0,0,0,42,1,0,0,2,2,2,2,0,2,1,0,1,73.9,3160.55,1,8.058817692651166,0,4,1.2982035628393043,-0.7328871244544484,Mid-Tenure Low Spenders,"{'Risk': 'Medium', 'Strategy': 'Upsell + Retain', 'Offer': 'Offer bundled services upgrade at same price point', 'Action': 'Send monthly value report showing benefits they are missing'}",Medium
0,0,1,1,33,1,2,2,1,1,1,1,1,1,2,1,3,24.5,740.3,1,6.608405401662674,1,4,-0.7270784875633998,-2.0119037862686784,Mid-Tenure Low Spenders,"{'Risk': 'Medium', 'Strategy': 'Upsell + Retain', 'Offer': 'Offer bundled services upgrade at same price point', 'Action': 'Send monthly value report showing benefits they are missing'}",Medium
0,0,0,0,31,1,2,1,0,0,2,0,0,2,0,1,2,89.9,2806.9,1,7.940192151975948,1,2,1.1303255951254294,0.11746974880296324,Mid-Tenure High Spenders,"{'Risk': 'High', 'Strategy': 'Value Enhancement', 'Offer': 'Upgrade to annual contract with 15% discount and free add-on services', 'Action': 'Send personalized email with tailored upgrade offer'}",High
1,1,1,0,18,1,0,1,0,0,0,0,0,2,0,0,2,78.55,1422.65,1,7.260979275244611,1,3,0.040035968736648435,0.1585568275521417,New Price-Shocked Customers,"{'Risk': 'Very High', 'Strategy': 'Price Reduction', 'Offer': 'Immediately offer 25% price reduction or downgrade to affordable plan', 'Action': 'Trigger automated discount coupon within 48 hours of signup'}",Very High
1,0,1,0,42,1,2,1,0,2,2,2,0,2,0,1,2,99.45,4138.05,1,8.32822157188838,0,1,2.1062305475528924,0.06207590882374495,Loyal Premium Customers,"{'Risk': 'Very High', 'Strategy': 'Loyalty Reward', 'Offer': 'Offer exclusive VIP loyalty program with 20% discount and priority support', 'Action': 'Personal call from retention team within 24 hours'}",Very High
1,1,0,0,4,0,1,0,0,0,0,0,0,0,0,1,0,25.2,102.5,1,4.639571612705423,2,0,-1.8417860549657719,-1.2809528314195047,New Low-Value Customers,"{'Risk': 'Medium', 'Strategy': 'Onboarding Support', 'Offer': 'Provide free onboarding assistance and offer a 10% discount on first 3 months', 'Action': 'Assign dedicated support agent for first 30 days'}",Medium
0,0,0,0,12,1,2,0,0,0,0,2,2,2,1,0,3,74.05,872.65,1,6.772679837785048,2,3,-0.41920490025572127,0.19339974951914798,New Price-Shocked Customers,"{'Risk': 'Very High', 'Strategy': 'Price Reduction', 'Offer': 'Immediately offer 25% price reduction or downgrade to affordable plan', 'Action': 'Trigger automated discount coupon within 48 hours of signup'}",Very High
0,1,0,0,15,1,2,0,0,0,0,2,0,0,0,0,1,55.0,757.1,1,6.630815303062258,1,0,-0.7189195150705626,-0.5364194474175457,New Low-Value Customers,"{'Risk': 'Medium', 'Strategy': 'Onboarding Support', 'Offer': 'Provide free onboarding assistance and offer a 10% discount on first 3 months', 'Action': 'Assign dedicated support agent for first 30 days'}",Medium
1,0,1,1,7,1,0,1,0,2,0,2,2,0,0,1,2,89.75,608.8,1,6.413131034554154,2,3,-0.3736769599496673,0.8919370384788153,New Price-Shocked Customers,"{'Risk': 'Very High', 'Strategy': 'Price Reduction', 'Offer': 'Immediately offer 25% price reduction or downgrade to affordable plan', 'Action': 'Trigger automated discount coupon within 48 hours of signup'}",Very High
1,0,1,0,14,1,2,1,0,0,0,0,0,2,0,1,2,85.15,1139.2,1,7.038958964597482,1,3,-0.059106065009356897,0.5137287848470604,New Price-Shocked Customers,"{'Risk': 'Very High', 'Strategy': 'Price Reduction', 'Offer': 'Immediately offer 25% price reduction or downgrade to affordable plan', 'Action': 'Trigger automated discount coupon within 48 hours of signup'}",Very High
1,1,1,0,3,1,2,1,0,0,0,0,2,2,0,1,2,94.6,279.55,1,5.636751962196981,2,3,-0.5209713806082049,1.190183682821062,New Price-Shocked Customers,"{'Risk': 'Very High', 'Strategy': 'Price Reduction', 'Offer': 'Immediately offer 25% price reduction or downgrade to affordable plan', 'Action': 'Trigger automated discount coupon within 48 hours of signup'}",Very High
1,0,0,0,16,1,0,1,2,0,0,0,2,2,0,1,2,94.25,1483.25,1,7.302664873150785,1,2,0.29010944486460793,0.7538025685790458,Mid-Tenure High Spenders,"{'Risk': 'High', 'Strategy': 'Value Enhancement', 'Offer': 'Upgrade to annual contract with 15% discount and free add-on services', 'Action': 'Send personalized email with tailored upgrade offer'}",High
1,0,1,1,65,1,2,0,2,2,2,0,0,2,1,0,1,72.45,4653.85,1,8.4456649657763,0,1,2.501369497782277,-1.4600349195027504,Loyal Premium Customers,"{'Risk': 'Very High', 'Strategy': 'Loyalty Reward', 'Offer': 'Offer exclusive VIP loyalty program with 20% discount and priority support', 'Action': 'Personal call from retention team within 24 hours'}",Very High
0,0,0,0,42,1,2,1,2,0,2,0,2,2,0,1,2,105.2,4400.75,1,8.389757468106554,0,1,2.302599602374045,0.23598184777288322,Loyal Premium Customers,"{'Risk': 'Very High', 'Strategy': 'Loyalty Reward', 'Offer': 'Offer exclusive VIP loyalty program with 20% discount and priority support', 'Action': 'Personal call from retention team within 24 hours'}",Very High
1,0,1,0,6,1,2,1,0,0,0,0,2,0,0,1,2,82.85,460.25,1,6.133940195354737,2,3,-0.5840531022612245,0.6855111578911934,New Price-Shocked Customers,"{'Risk': 'Very High', 'Strategy': 'Price Reduction', 'Offer': 'Immediately offer 25% price reduction or downgrade to affordable plan', 'Action': 'Trigger automated discount coupon within 48 hours of signup'}",Very High
1,1,1,0,53,1,2,1,0,2,2,0,2,2,0,1,2,103.85,5485.5,1,8.610045808430854,0,1,2.991799707594168,-0.17852482993722252,Loyal Premium Customers,"{'Risk': 'Very High', 'Strategy': 'Loyalty Reward', 'Offer': 'Offer exclusive VIP loyalty program with 20% discount and priority support', 'Action': 'Personal call from retention team within 24 hours'}",Very High
0,0,1,1,5,1,0,1,0,2,0,0,0,2,0,1,2,83.6,404.2,1,6.004380772374528,2,3,-0.6205575738250371,0.7405375447153161,New Price-Shocked Customers,"{'Risk': 'Very High', 'Strategy': 'Price Reduction', 'Offer': 'Immediately offer 25% price reduction or downgrade to affordable plan', 'Action': 'Trigger automated discount coupon within 48 hours of signup'}",Very High
1,0,0,0,68,1,2,1,0,2,2,2,2,2,1,0,2,108.45,7176.55,1,8.878713378184818,0,1,4.1235587036279,-0.5393120173114778,Loyal Premium Customers,"{'Risk': 'Very High', 'Strategy': 'Loyalty Reward', 'Offer': 'Offer exclusive VIP loyalty program with 20% discount and priority support', 'Action': 'Personal call from retention team within 24 hours'}",Very High
0,0,1,0,3,1,2,1,0,2,0,0,0,2,0,1,1,91.5,242.95,1,5.496963286261846,2,3,-0.5911287278367413,1.084132275177161,New Price-Shocked Customers,"{'Risk': 'Very High', 'Strategy': 'Price Reduction', 'Offer': 'Immediately offer 25% price reduction or downgrade to affordable plan', 'Action': 'Trigger automated discount coupon within 48 hours of signup'}",Very High
1,0,1,0,12,1,0,1,2,0,0,2,0,0,0,0,0,80.85,866.45,1,6.765557873272337,2,3,-0.2947168147041335,0.4361513441161154,New Price-Shocked Customers,"{'Risk': 'Very High', 'Strategy': 'Price Reduction', 'Offer': 'Immediately offer 25% price reduction or downgrade to affordable plan', 'Action': 'Trigger automated discount coupon within 48 hours of signup'}",Very High
0,0,0,0,43,0,1,0,0,0,2,0,2,2,0,1,0,49.05,2076.2,1,7.638776111970164,0,4,0.4982880579047807,-1.512201081072244,Mid-Tenure Low Spenders,"{'Risk': 'Medium', 'Strategy': 'Upsell + Retain', 'Offer': 'Offer bundled services upgrade at same price point', 'Action': 'Send monthly value report showing benefits they are missing'}",Medium
1,1,1,0,68,1,2,1,0,2,2,0,2,2,0,1,2,105.3,7299.65,1,8.89571866426845,0,1,4.106770227373167,-0.6658354751106635,Loyal Premium Customers,"{'Risk': 'Very High', 'Strategy': 'Loyalty Reward', 'Offer': 'Offer exclusive VIP loyalty program with 20% discount and priority support', 'Action': 'Personal call from retention team within 24 hours'}",Very High
1,1,0,0,25,1,2,1,0,2,0,0,2,0,0,1,2,88.95,2291.2,1,7.737267334062599,1,2,0.7488377350815918,0.27464970707580394,Mid-Tenure High Spenders,"{'Risk': 'High', 'Strategy': 'Value Enhancement', 'Offer': 'Upgrade to annual contract with 15% discount and free add-on services', 'Action': 'Send personalized email with tailored upgrade offer'}",High
1,1,1,0,66,1,2,1,0,2,2,2,2,2,1,1,2,110.85,7491.75,1,8.921691165334195,0,1,4.2125917492079585,-0.44724069932857624,Loyal Premium Customers,"{'Risk': 'Very High', 'Strategy': 'Loyalty Reward', 'Offer': 'Offer exclusive VIP loyalty program with 20% discount and priority support', 'Action': 'Personal call from retention team within 24 hours'}",Very High
0,0,1,1,70,1,2,1,2,2,2,2,2,2,2,1,0,114.2,7723.9,1,8.95220415669834,0,1,4.479531187295316,-0.44226729075931276,Loyal Premium Customers,"{'Risk': 'Very High', 'Strategy': 'Loyalty Reward', 'Offer': 'Offer exclusive VIP loyalty program with 20% discount and priority support', 'Action': 'Personal call from retention team within 24 hours'}",Very High
1,1,1,0,27,0,1,0,0,0,0,0,0,2,0,0,0,36.5,1032.0,1,6.940222469119639,1,4,-0.5929504240594814,-1.4883108140242458,Mid-Tenure Low Spenders,"{'Risk': 'Medium', 'Strategy': 'Upsell + Retain', 'Offer': 'Offer bundled services upgrade at same price point', 'Action': 'Send monthly value report showing benefits they are missing'}",Medium
0,0,0,0,1,1,0,1,0,0,0,0,0,0,0,0,3,70.75,70.75,1,4.273187854639731,2,3,-1.0988023780339458,0.4092966026073336,New Price-Shocked Customers,"{'Risk': 'Very High', 'Strategy': 'Price Reduction', 'Offer': 'Immediately offer 25% price reduction or downgrade to affordable plan', 'Action': 'Trigger automated discount coupon within 48 hours of signup'}",Very High
1,0,0,0,3,0,1,0,0,0,2,0,2,0,0,1,3,40.15,130.75,1,4.880906187421472,2,0,-1.5852650621470352,-0.7303864991471557,New Low-Value Customers,"{'Risk': 'Medium', 'Strategy': 'Onboarding Support', 'Offer': 'Provide free onboarding assistance and offer a 10% discount on first 3 months', 'Action': 'Assign dedicated support agent for first 30 days'}",Medium
1,1,1,0,29,1,2,1,0,0,0,0,2,2,0,1,2,94.45,2653.65,1,7.884068098244135,1,2,1.100107305329078,0.34089475259388413,Mid-Tenure High Spenders,"{'Risk': 'High', 'Strategy': 'Value Enhancement', 'Offer': 'Upgrade to annual contract with 15% discount and free add-on services', 'Action': 'Send personalized email with tailored upgrade offer'}",High
0,0,1,1,36,1,2,1,0,2,2,0,2,0,0,1,0,97.35,3457.9,1,8.148705898429643,1,2,1.6474182677230882,0.197573438534872,Mid-Tenure High Spenders,"{'Risk': 'High', 'Strategy': 'Value Enhancement', 'Offer': 'Upgrade to annual contract with 15% discount and free add-on services', 'Action': 'Send personalized email with tailored upgrade offer'}",High
1,0,0,0,1,0,1,0,0,0,0,0,2,2,0,1,3,45.3,45.3,1,3.835141961092188,2,0,-1.5812603708340438,-0.49354207319458493,New Low-Value Customers,"{'Risk': 'Medium', 'Strategy': 'Onboarding Support', 'Offer': 'Provide free onboarding assistance and offer a 10% discount on first 3 months', 'Action': 'Assign dedicated support agent for first 30 days'}",Medium
1,0,0,0,2,1,0,1,0,0,2,0,2,2,0,0,2,94.95,178.1,1,5.187944309066666,2,3,-0.5803591750719255,1.2362871976567311,New Price-Shocked Customers,"{'Risk': 'Very High', 'Strategy': 'Price Reduction', 'Offer': 'Immediately offer 25% price reduction or downgrade to affordable plan', 'Action': 'Trigger automated discount coupon within 48 hours of signup'}",Very High
0,0,0,1,12,1,0,0,0,0,0,0,0,0,0,1,2,44.55,480.6,1,6.177113893994611,2,0,-1.1017100320462607,-0.8106771791910353,New Low-Value Customers,"{'Risk': 'Medium', 'Strategy': 'Onboarding Support', 'Offer': 'Provide free onboarding assistance and offer a 10% discount on first 3 months', 'Action': 'Assign dedicated support agent for first 30 days'}",Medium
1,0,1,0,1,0,1,0,0,0,0,0,0,0,0,1,2,23.45,23.45,1,3.196630215920881,2,0,-1.9954728322360924,-1.2686707594921058,New Low-Value Customers,"{'Risk': 'Medium', 'Strategy': 'Onboarding Support', 'Offer': 'Provide free onboarding assistance and offer a 10% discount on first 3 months', 'Action': 'Assign dedicated support agent for first 30 days'}",Medium
1,0,0,0,1,0,1,0,2,0,0,0,0,0,0,0,3,29.7,29.7,1,3.4242626545931514,2,0,-1.8769910068922568,-1.0469520277136388,New Low-Value Customers,"{'Risk': 'Medium', 'Strategy': 'Onboarding Support', 'Offer': 'Provide free onboarding assistance and offer a 10% discount on first 3 months', 'Action': 'Assign dedicated support agent for first 30 days'}",Medium
0,0,1,0,59,1,2,1,0,2,0,0,2,2,0,0,2,101.1,6039.9,1,8.706308286450993,0,1,3.3175627850278566,-0.47192508138388495,Loyal Premium Customers,"{'Risk': 'Very High', 'Strategy': 'Loyalty Reward', 'Offer': 'Offer exclusive VIP loyalty program with 20% discount and priority support', 'Action': 'Personal call from retention team within 24 hours'}",Very High
0,0,0,0,3,1,2,0,0,0,0,0,0,0,0,1,3,50.65,151.3,1,5.025852259901116,2,0,-1.3827984870119934,-0.35907535475479646,New Low-Value Customers,"{'Risk': 'Medium', 'Strategy': 'Onboarding Support', 'Offer': 'Provide free onboarding assistance and offer a 10% discount on first 3 months', 'Action': 'Assign dedicated support agent for first 30 days'}",Medium
0,0,0,0,1,1,0,0,0,0,0,0,0,2,0,1,2,55.4,55.4,1,4.032469158504013,2,0,-1.3897937410784056,-0.13524460264058186,New Low-Value Customers,"{'Risk': 'Medium', 'Strategy': 'Onboarding Support', 'Offer': 'Provide free onboarding assistance and offer a 10% discount on first 3 months', 'Action': 'Assign dedicated support agent for first 30 days'}",Medium
0,1,1,0,1,1,2,1,0,2,0,0,2,0,0,1,2,90.6,90.6,1,4.517431271680085,2,3,-0.7225041007419245,1.1134752947357454,New Price-Shocked Customers,"{'Risk': 'Very High', 'Strategy': 'Price Reduction', 'Offer': 'Immediately offer 25% price reduction or downgrade to affordable plan', 'Action': 'Trigger automated discount coupon within 48 hours of signup'}",Very High
1,1,1,0,2,1,2,1,0,0,0,0,2,0,0,1,3,86.85,156.35,1,5.058472623510416,2,3,-0.7385527681611668,0.9505374164149322,New Price-Shocked Customers,"{'Risk': 'Very High', 'Strategy': 'Price Reduction', 'Offer': 'Immediately offer 25% price reduction or downgrade to affordable plan', 'Action': 'Trigger automated discount coupon within 48 hours of signup'}",Very High
0,1,1,0,29,1,2,1,0,0,2,0,2,2,0,1,0,99.05,2952.85,1,7.990864683196767,1,2,1.287477110972144,0.46959761543515965,Mid-Tenure High Spenders,"{'Risk': 'High', 'Strategy': 'Value Enhancement', 'Offer': 'Upgrade to annual contract with 15% discount and free add-on services', 'Action': 'Send personalized email with tailored upgrade offer'}",High
0,0,0,0,52,1,2,1,2,2,0,2,2,2,1,1,1,111.25,5916.45,1,8.685660891838289,0,1,3.244684086807764,0.05618663460646614,Loyal Premium Customers,"{'Risk': 'Very High', 'Strategy': 'Loyalty Reward', 'Offer': 'Offer exclusive VIP loyalty program with 20% discount and priority support', 'Action': 'Personal call from retention team within 24 hours'}",Very High
1,0,0,0,2,1,0,0,2,0,2,0,0,0,0,1,3,55.1,113.35,1,4.73926392046879,2,0,-1.3442655624273268,-0.17447695930833887,New Low-Value Customers,"{'Risk': 'Medium', 'Strategy': 'Onboarding Support', 'Offer': 'Provide free onboarding assistance and offer a 10% discount on first 3 months', 'Action': 'Assign dedicated support agent for first 30 days'}",Medium
1,0,1,0,13,1,2,1,0,0,2,0,2,2,0,1,1,102.25,1359.0,1,7.215239978730097,1,3,0.3025707215755428,1.118397609195364,New Price-Shocked Customers,"{'Risk': 'Very High', 'Strategy': 'Price Reduction', 'Offer': 'Immediately offer 25% price reduction or downgrade to affordable plan', 'Action': 'Trigger automated discount coupon within 48 hours of signup'}",Very High
1,1,0,0,19,1,0,1,0,0,2,0,2,2,0,1,1,95.9,1777.9,1,7.483750474731224,1,2,0.5152408428628409,0.7127259022643945,Mid-Tenure High Spenders,"{'Risk': 'High', 'Strategy': 'Value Enhancement', 'Offer': 'Upgrade to annual contract with 15% discount and free add-on services', 'Action': 'Send personalized email with tailored upgrade offer'}",High
0,1,0,0,47,1,2,1,0,2,0,2,2,0,0,1,2,95.05,4504.55,1,8.413065249160956,0,1,2.305977734206635,-0.2462861805765509,Loyal Premium Customers,"{'Risk': 'Very High', 'Strategy': 'Loyalty Reward', 'Offer': 'Offer exclusive VIP loyalty program with 20% discount and priority support', 'Action': 'Personal call from retention team within 24 hours'}",Very High
0,0,0,0,5,1,0,0,2,0,0,2,0,0,0,0,1,53.85,259.8,1,5.563753830052498,2,0,-1.2235133008801726,-0.301424149820822,New Low-Value Customers,"{'Risk': 'Medium', 'Strategy': 'Onboarding Support', 'Offer': 'Provide free onboarding assistance and offer a 10% discount on first 3 months', 'Action': 'Assign dedicated support agent for first 30 days'}",Medium
1,1,1,0,52,1,2,1,2,0,2,0,2,2,0,1,2,104.2,5568.35,1,8.625033629522884,0,1,2.9950759038895023,-0.15399312571491636,Loyal Premium Customers,"{'Risk': 'Very High', 'Strategy': 'Loyalty Reward', 'Offer': 'Offer exclusive VIP loyalty program with 20% discount and priority support', 'Action': 'Personal call from retention team within 24 hours'}",Very High
0,0,1,0,42,1,2,0,0,0,0,0,0,0,0,1,2,50.25,2203.65,1,7.698324045123251,0,4,0.5325532550226153,-1.4626364470943964,Mid-Tenure Low Spenders,"{'Risk': 'Medium', 'Strategy': 'Upsell + Retain', 'Offer': 'Offer bundled services upgrade at same price point', 'Action': 'Send monthly value report showing benefits they are missing'}",Medium
0,0,0,0,25,1,0,1,0,2,2,0,2,2,0,1,2,99.5,2369.05,1,7.770666330953051,1,2,0.971717783218494,0.6410336455024505,Mid-Tenure High Spenders,"{'Risk': 'High', 'Strategy': 'Value Enhancement', 'Offer': 'Upgrade to annual contract with 15% discount and free add-on services', 'Action': 'Send personalized email with tailored upgrade offer'}",High
0,0,0,0,9,1,0,1,0,0,0,0,0,0,0,0,2,71.0,672.55,1,6.512562232144577,2,3,-0.6382521907048673,0.17358073500846605,New Price-Shocked Customers,"{'Risk': 'Very High', 'Strategy': 'Price Reduction', 'Offer': 'Immediately offer 25% price reduction or downgrade to affordable plan', 'Action': 'Trigger automated discount coupon within 48 hours of signup'}",Very High
0,0,0,0,16,1,0,1,0,2,2,0,0,2,0,1,1,93.2,1573.7,1,7.361820056926364,1,2,0.3013154865652458,0.7058439970546817,Mid-Tenure High Spenders,"{'Risk': 'High', 'Strategy': 'Value Enhancement', 'Offer': 'Upgrade to annual contract with 15% discount and free add-on services', 'Action': 'Send personalized email with tailored upgrade offer'}",High
1,0,1,0,5,1,0,2,1,1,1,1,1,1,0,0,3,19.35,126.05,1,4.8445807097661735,2,0,-1.9112790488499631,-1.5136946083623437,New Low-Value Customers,"{'Risk': 'Medium', 'Strategy': 'Onboarding Support', 'Offer': 'Provide free onboarding assistance and offer a 10% discount on first 3 months', 'Action': 'Assign dedicated support agent for first 30 days'}",Medium
1,0,0,0,3,1,0,2,1,1,1,1,1,1,0,0,3,19.85,64.55,1,4.182813210209709,2,0,-1.9857005266632737,-1.4451564705813418,New Low-Value Customers,"{'Risk': 'Medium', 'Strategy': 'Onboarding Support', 'Offer': 'Provide free onboarding assistance and offer a 10% discount on first 3 months', 'Action': 'Assign dedicated support agent for first 30 days'}",Medium
0,0,1,1,31,1,2,1,0,0,2,2,2,2,0,1,2,104.2,3243.45,1,8.084701123247454,1,2,1.5449815725431117,0.5753390002130591,Mid-Tenure High Spenders,"{'Risk': 'High', 'Strategy': 'Value Enhancement', 'Offer': 'Upgrade to annual contract with 15% discount and free add-on services', 'Action': 'Send personalized email with tailored upgrade offer'}",High
1,0,0,0,1,1,0,1,0,0,0,0,0,2,0,1,2,79.25,79.25,1,4.385146762010125,2,3,-0.9376670955663295,0.7108340778260489,New Price-Shocked Customers,"{'Risk': 'Very High', 'Strategy': 'Price Reduction', 'Offer': 'Immediately offer 25% price reduction or downgrade to affordable plan', 'Action': 'Trigger automated discount coupon within 48 hours of signup'}",Very High
0,0,0,0,1,1,0,0,0,0,0,0,0,0,0,1,0,44.9,44.9,1,3.8264651170664994,2,0,-1.5888432076560493,-0.5077320720284069,New Low-Value Customers,"{'Risk': 'Medium', 'Strategy': 'Onboarding Support', 'Offer': 'Provide free onboarding assistance and offer a 10% discount on first 3 months', 'Action': 'Assign dedicated support agent for first 30 days'}",Medium
1,0,1,0,10,1,0,1,0,0,0,0,0,0,0,1,2,70.1,659.65,1,6.493224198860226,2,3,-0.6279840261084113,0.12128595033191159,New Price-Shocked Customers,"{'Risk': 'Very High', 'Strategy': 'Price Reduction', 'Offer': 'Immediately offer 25% price reduction or downgrade to affordable plan', 'Action': 'Trigger automated discount coupon within 48 hours of signup'}",Very High
1,0,0,0,4,0,1,0,0,0,2,0,0,0,0,1,2,29.65,118.5,1,4.783316371371566,2,0,-1.7534998705609661,-1.1244409902835473,New Low-Value Customers,"{'Risk': 'Medium', 'Strategy': 'Onboarding Support', 'Offer': 'Provide free onboarding assistance and offer a 10% discount on first 3 months', 'Action': 'Assign dedicated support agent for first 30 days'}",Medium
1,0,0,0,43,1,2,1,0,2,0,0,0,0,0,1,2,77.85,3365.85,1,8.121732868124141,0,2,1.4729549284519217,-0.6381002068811187,Mid-Tenure High Spenders,"{'Risk': 'High', 'Strategy': 'Value Enhancement', 'Offer': 'Upgrade to annual contract with 15% discount and free add-on services', 'Action': 'Send personalized email with tailored upgrade offer'}",High
1,0,0,0,4,1,0,0,0,0,0,0,0,2,0,0,2,54.3,195.3,1,5.279644101282416,2,0,-1.2684759880945986,-0.2560863269267381,New Low-Value Customers,"{'Risk': 'Medium', 'Strategy': 'Onboarding Support', 'Offer': 'Provide free onboarding assistance and offer a 10% discount on first 3 months', 'Action': 'Assign dedicated support agent for first 30 days'}",Medium
0,1,0,0,11,1,2,1,0,0,0,0,2,2,0,1,0,95.15,997.65,1,6.906404366911181,2,3,-0.015292812661806248,0.9515328318128347,New Price-Shocked Customers,"{'Risk': 'Very High', 'Strategy': 'Price Reduction', 'Offer': 'Immediately offer 25% price reduction or downgrade to affordable plan', 'Action': 'Trigger automated discount coupon within 48 hours of signup'}",Very High
1,0,1,0,47,1,2,1,2,0,2,2,2,2,1,1,1,110.85,5275.8,1,8.57107513236528,0,1,2.8623609488436643,0.22579541835200737,Loyal Premium Customers,"{'Risk': 'Very High', 'Strategy': 'Loyalty Reward', 'Offer': 'Offer exclusive VIP loyalty program with 20% discount and priority support', 'Action': 'Personal call from retention team within 24 hours'}",Very High
1,0,0,0,1,1,0,1,0,0,0,0,0,2,0,0,2,80.5,80.5,1,4.400603020246817,2,3,-0.9139707304975624,0.7551778241817423,New Price-Shocked Customers,"{'Risk': 'Very High', 'Strategy': 'Price Reduction', 'Offer': 'Immediately offer 25% price reduction or downgrade to affordable plan', 'Action': 'Trigger automated discount coupon within 48 hours of signup'}",Very High
1,0,0,0,4,1,2,1,0,0,0,0,0,0,0,1,0,72.2,305.55,1,5.725380874208697,2,3,-0.8977440427699799,0.36810680612746455,New Price-Shocked Customers,"{'Risk': 'Very High', 'Strategy': 'Price Reduction', 'Offer': 'Immediately offer 25% price reduction or downgrade to affordable plan', 'Action': 'Trigger automated discount coupon within 48 hours of signup'}",Very High
1,0,0,0,17,1,0,0,0,0,0,2,0,0,0,0,3,51.5,900.5,1,6.804060042643372,1,0,-0.6725023963553166,-0.7213198891004728,New Low-Value Customers,"{'Risk': 'Medium', 'Strategy': 'Onboarding Support', 'Offer': 'Provide free onboarding assistance and offer a 10% discount on first 3 months', 'Action': 'Assign dedicated support agent for first 30 days'}",Medium
1,1,0,0,43,1,0,1,0,0,0,0,2,2,0,1,3,89.55,3856.75,1,8.257839390951315,0,2,1.857686081685159,-0.2791317895318362,Mid-Tenure High Spenders,"{'Risk': 'High', 'Strategy': 'Value Enhancement', 'Offer': 'Upgrade to annual contract with 15% discount and free add-on services', 'Action': 'Send personalized email with tailored upgrade offer'}",High
1,0,1,1,21,1,2,0,2,2,0,2,2,0,1,0,3,77.5,1625.0,1,7.3938782901077555,1,2,0.18351825035123145,0.03218510389463631,Mid-Tenure High Spenders,"{'Risk': 'High', 'Strategy': 'Value Enhancement', 'Offer': 'Upgrade to annual contract with 15% discount and free add-on services', 'Action': 'Send personalized email with tailored upgrade offer'}",High
1,0,1,0,42,1,2,1,0,2,2,0,2,0,0,1,0,95.25,3959.35,1,8.284087684181289,0,2,1.967278876019745,-0.06649433149768001,Mid-Tenure High Spenders,"{'Risk': 'High', 'Strategy': 'Value Enhancement', 'Offer': 'Upgrade to annual contract with 15% discount and free add-on services', 'Action': 'Send personalized email with tailored upgrade offer'}",High
1,1,0,0,46,1,0,1,2,0,0,0,0,2,0,0,2,85.0,3969.4,1,8.286622124273231,0,1,1.9055096099979671,-0.5195765288948226,Loyal Premium Customers,"{'Risk': 'Very High', 'Strategy': 'Loyalty Reward', 'Offer': 'Offer exclusive VIP loyalty program with 20% discount and priority support', 'Action': 'Personal call from retention team within 24 hours'}",Very High
0,0,1,1,5,1,0,1,0,0,0,2,2,0,0,1,2,85.75,470.95,1,6.1568730477709535,2,3,-0.5578351281149239,0.809247535242425,New Price-Shocked Customers,"{'Risk': 'Very High', 'Strategy': 'Price Reduction', 'Offer': 'Immediately offer 25% price reduction or downgrade to affordable plan', 'Action': 'Trigger automated discount coupon within 48 hours of signup'}",Very High
0,1,0,0,6,1,2,1,0,2,0,0,2,2,0,1,2,98.25,560.6,1,6.330789852711601,2,3,-0.2632299670069509,1.2218829479819144,New Price-Shocked Customers,"{'Risk': 'Very High', 'Strategy': 'Price Reduction', 'Offer': 'Immediately offer 25% price reduction or downgrade to affordable plan', 'Action': 'Trigger automated discount coupon within 48 hours of signup'}",Very High
0,1,0,0,1,0,1,0,0,0,0,0,0,0,0,1,3,25.7,25.7,1,3.2846635654062037,2,0,-1.9528193751123115,-1.1888520160518576,New Low-Value Customers,"{'Risk': 'Medium', 'Strategy': 'Onboarding Support', 'Offer': 'Provide free onboarding assistance and offer a 10% discount on first 3 months', 'Action': 'Assign dedicated support agent for first 30 days'}",Medium
0,0,1,1,7,1,0,1,0,0,0,0,0,0,0,1,2,69.0,506.9,1,6.2302845778072,2,3,-0.7946284966516857,0.16532923438545133,New Price-Shocked Customers,"{'Risk': 'Very High', 'Strategy': 'Price Reduction', 'Offer': 'Immediately offer 25% price reduction or downgrade to affordable plan', 'Action': 'Trigger automated discount coupon within 48 hours of signup'}",Very High
1,0,0,0,2,1,0,0,0,0,0,0,0,0,0,0,0,46.05,80.35,1,4.3987608336650466,2,0,-1.523970504226662,-0.49272240096919145,New Low-Value Customers,"{'Risk': 'Medium', 'Strategy': 'Onboarding Support', 'Offer': 'Provide free onboarding assistance and offer a 10% discount on first 3 months', 'Action': 'Assign dedicated support agent for first 30 days'}",Medium
0,1,1,0,1,1,0,1,0,2,0,0,0,0,0,1,3,76.4,76.4,1,4.3489867805956814,2,3,-0.9916948079231184,0.6097303361350681,New Price-Shocked Customers,"{'Risk': 'Very High', 'Strategy': 'Price Reduction', 'Offer': 'Immediately offer 25% price reduction or downgrade to affordable plan', 'Action': 'Trigger automated discount coupon within 48 hours of signup'}",Very High
0,0,0,0,5,1,2,1,0,0,2,0,2,2,0,1,2,100.5,514.0,1,6.244166900663736,2,3,-0.2685957146144802,1.3291913046901873,New Price-Shocked Customers,"{'Risk': 'Very High', 'Strategy': 'Price Reduction', 'Offer': 'Immediately offer 25% price reduction or downgrade to affordable plan', 'Action': 'Trigger automated discount coupon within 48 hours of signup'}",Very High
1,1,1,1,22,0,1,0,2,0,0,0,0,2,0,0,3,40.05,880.2,1,6.781284614928188,1,0,-0.7355218106468322,-1.2353320097351348,New Low-Value Customers,"{'Risk': 'Medium', 'Strategy': 'Onboarding Support', 'Offer': 'Provide free onboarding assistance and offer a 10% discount on first 3 months', 'Action': 'Assign dedicated support agent for first 30 days'}",Medium
1,0,0,0,1,1,0,1,0,0,0,0,0,0,0,0,2,69.95,69.95,1,4.261975403606051,2,3,-1.1139680516779569,0.38091660493968993,New Price-Shocked Customers,"{'Risk': 'Very High', 'Strategy': 'Price Reduction', 'Offer': 'Immediately offer 25% price reduction or downgrade to affordable plan', 'Action': 'Trigger automated discount coupon within 48 hours of signup'}",Very High
1,0,0,1,1,1,2,1,0,0,0,0,2,2,0,1,2,93.3,93.3,1,4.546481189639412,2,3,-0.6713199521933875,1.209257786864043,New Price-Shocked Customers,"{'Risk': 'Very High', 'Strategy': 'Price Reduction', 'Offer': 'Immediately offer 25% price reduction or downgrade to affordable plan', 'Action': 'Trigger automated discount coupon within 48 hours of signup'}",Very High
1,0,0,0,3,1,0,0,0,0,2,0,0,0,0,1,2,49.15,169.05,1,5.136092511453205,2,0,-1.404688917161189,-0.4145410101988138,New Low-Value Customers,"{'Risk': 'Medium', 'Strategy': 'Onboarding Support', 'Offer': 'Provide free onboarding assistance and offer a 10% discount on first 3 months', 'Action': 'Assign dedicated support agent for first 30 days'}",Medium
0,0,0,0,1,0,1,0,0,0,0,0,0,2,0,0,3,35.05,35.05,1,3.584906863730958,2,0,-1.775570564397934,-0.8571607933112713,New Low-Value Customers,"{'Risk': 'Medium', 'Strategy': 'Onboarding Support', 'Offer': 'Provide free onboarding assistance and offer a 10% discount on first 3 months', 'Action': 'Assign dedicated support agent for first 30 days'}",Medium
0,1,0,0,1,1,0,1,0,2,0,0,0,0,0,1,2,73.0,73.0,1,4.304065093204169,2,3,-1.056148920910165,0.48911534604758183,New Price-Shocked Customers,"{'Risk': 'Very High', 'Strategy': 'Price Reduction', 'Offer': 'Immediately offer 25% price reduction or downgrade to affordable plan', 'Action': 'Trigger automated discount coupon within 48 hours of signup'}",Very High
1,1,0,0,33,1,2,1,0,2,2,0,0,0,0,1,1,83.85,2716.3,1,7.907394019230851,1,2,1.0497066290397108,-0.1308013463709026,Mid-Tenure High Spenders,"{'Risk': 'High', 'Strategy': 'Value Enhancement', 'Offer': 'Upgrade to annual contract with 15% discount and free add-on services', 'Action': 'Send personalized email with tailored upgrade offer'}",High
0,0,0,0,1,1,0,1,0,0,0,0,0,0,0,1,2,70.1,70.1,1,4.264087336809195,2,3,-1.1111244878697049,0.38623785450237286,New Price-Shocked Customers,"{'Risk': 'Very High', 'Strategy': 'Price Reduction', 'Offer': 'Immediately offer 25% price reduction or downgrade to affordable plan', 'Action': 'Trigger automated discount coupon within 48 hours of signup'}",Very High
0,1,0,0,2,1,0,1,0,0,0,0,0,0,0,1,2,70.65,142.35,1,4.9652891923293785,2,3,-1.0449096356885796,0.3755849596660388,New Price-Shocked Customers,"{'Risk': 'Very High', 'Strategy': 'Price Reduction', 'Offer': 'Immediately offer 25% price reduction or downgrade to affordable plan', 'Action': 'Trigger automated discount coupon within 48 hours of signup'}",Very High
1,0,0,0,2,1,0,2,1,1,1,1,1,1,0,0,3,20.35,33.2,1,3.5322256440685598,2,0,-2.0184610017376463,-1.4019191622459561,New Low-Value Customers,"{'Risk': 'Medium', 'Strategy': 'Onboarding Support', 'Offer': 'Provide free onboarding assistance and offer a 10% discount on first 3 months', 'Action': 'Assign dedicated support agent for first 30 days'}",Medium
0,0,0,0,3,1,0,1,2,0,2,0,2,2,0,1,1,99.0,287.4,1,5.664348405410794,2,3,-0.4363871383001721,1.345869856934958,New Price-Shocked Customers,"{'Risk': 'Very High', 'Strategy': 'Price Reduction', 'Offer': 'Immediately offer 25% price reduction or downgrade to affordable plan', 'Action': 'Trigger automated discount coupon within 48 hours of signup'}",Very High
1,0,0,0,26,1,2,1,0,0,0,0,0,2,0,1,2,83.95,2254.2,1,7.720993939799903,1,2,0.6745816062178683,0.07924837961718326,Mid-Tenure High Spenders,"{'Risk': 'High', 'Strategy': 'Value Enhancement', 'Offer': 'Upgrade to annual contract with 15% discount and free add-on services', 'Action': 'Send personalized email with tailored upgrade offer'}",High
1,0,0,0,67,1,2,1,2,2,2,2,2,2,2,0,1,116.2,7752.3,1,8.955873838169165,0,1,4.432192625370819,-0.30909178096182643,Loyal Premium Customers,"{'Risk': 'Very High', 'Strategy': 'Loyalty Reward', 'Offer': 'Offer exclusive VIP loyalty program with 20% discount and priority support', 'Action': 'Personal call from retention team within 24 hours'}",Very High
0,0,1,0,71,1,2,1,0,0,0,0,2,2,2,1,0,93.7,6585.35,1,8.79275460455494,0,1,3.742171400358742,-1.0604118927971546,Loyal Premium Customers,"{'Risk': 'Very High', 'Strategy': 'Loyalty Reward', 'Offer': 'Offer exclusive VIP loyalty program with 20% discount and priority support', 'Action': 'Personal call from retention team within 24 hours'}",Very High
1,0,0,0,1,1,0,2,1,1,1,1,1,1,0,0,3,19.7,19.7,1,3.0301337002713233,2,0,-2.0665619274423936,-1.4017019985591863,New Low-Value Customers,"{'Risk': 'Medium', 'Strategy': 'Onboarding Support', 'Offer': 'Provide free onboarding assistance and offer a 10% discount on first 3 months', 'Action': 'Assign dedicated support agent for first 30 days'}",Medium
0,0,0,0,5,1,2,1,0,0,0,0,0,0,0,0,2,75.55,413.65,1,6.027434790897213,2,3,-0.7672119758376016,0.4529154910781184,New Price-Shocked Customers,"{'Risk': 'Very High', 'Strategy': 'Price Reduction', 'Offer': 'Immediately offer 25% price reduction or downgrade to affordable plan', 'Action': 'Trigger automated discount coupon within 48 hours of signup'}",Very High
0,0,0,0,9,1,0,1,0,0,0,0,2,0,0,1,0,77.65,714.15,1,6.572492310900909,2,3,-0.5003041510185218,0.4053986637708528,New Price-Shocked Customers,"{'Risk': 'Very High', 'Strategy': 'Price Reduction', 'Offer': 'Immediately offer 25% price reduction or downgrade to affordable plan', 'Action': 'Trigger automated discount coupon within 48 hours of signup'}",Very High
0,1,0,0,26,1,2,1,2,2,0,0,0,2,0,1,2,95.0,2497.2,1,7.823325751531809,1,2,0.9629229788873145,0.44409798469522166,Mid-Tenure High Spenders,"{'Risk': 'High', 'Strategy': 'Value Enhancement', 'Offer': 'Upgrade to annual contract with 15% discount and free add-on services', 'Action': 'Send personalized email with tailored upgrade offer'}",High
1,0,0,0,54,1,0,1,2,2,0,2,2,2,1,1,1,105.4,5643.4,1,8.638419182183606,0,1,3.10575356619685,-0.16361077852145528,Loyal Premium Customers,"{'Risk': 'Very High', 'Strategy': 'Loyalty Reward', 'Offer': 'Offer exclusive VIP loyalty program with 20% discount and priority support', 'Action': 'Personal call from retention team within 24 hours'}",Very High
1,0,0,0,2,1,0,1,0,0,2,0,2,2,0,1,2,95.85,197.7,1,5.291796149557771,2,3,-0.5569395902300404,1.2660259112104215,New Price-Shocked Customers,"{'Risk': 'Very High', 'Strategy': 'Price Reduction', 'Offer': 'Immediately offer 25% price reduction or downgrade to affordable plan', 'Action': 'Trigger automated discount coupon within 48 hours of signup'}",Very High
1,0,0,0,1,1,2,1,0,2,0,0,0,0,0,1,2,79.15,79.15,1,4.383899879055562,2,3,-0.9395628047718307,0.7072865781175937,New Price-Shocked Customers,"{'Risk': 'Very High', 'Strategy': 'Price Reduction', 'Offer': 'Immediately offer 25% price reduction or downgrade to affordable plan', 'Action': 'Trigger automated discount coupon within 48 hours of signup'}",Very High
0,0,1,0,30,1,0,2,1,1,1,1,1,1,0,0,0,19.65,655.85,1,6.487455681915517,1,0,-0.9403142750482445,-2.1093249965979695,New Low-Value Customers,"{'Risk': 'Medium', 'Strategy': 'Onboarding Support', 'Offer': 'Provide free onboarding assistance and offer a 10% discount on first 3 months', 'Action': 'Assign dedicated support agent for first 30 days'}",Medium
0,0,0,0,4,1,0,1,0,0,0,0,2,0,0,1,2,79.0,303.15,1,5.717521000766714,2,3,-0.7719639161718138,0.6104136211241564,New Price-Shocked Customers,"{'Risk': 'Very High', 'Strategy': 'Price Reduction', 'Offer': 'Immediately offer 25% price reduction or downgrade to affordable plan', 'Action': 'Trigger automated discount coupon within 48 hours of signup'}",Very High
0,0,1,1,17,1,0,1,2,0,0,2,2,0,0,0,2,91.85,1574.45,1,7.362296224736894,1,2,0.30784711204135506,0.635935097278529,Mid-Tenure High Spenders,"{'Risk': 'High', 'Strategy': 'Value Enhancement', 'Offer': 'Upgrade to annual contract with 15% discount and free add-on services', 'Action': 'Send personalized email with tailored upgrade offer'}",High
0,1,0,0,60,1,2,1,0,0,2,2,2,2,1,1,2,106.0,6441.4,1,8.770656420481336,0,1,3.5767104971307484,-0.3662903947259633,Loyal Premium Customers,"{'Risk': 'Very High', 'Strategy': 'Loyalty Reward', 'Offer': 'Offer exclusive VIP loyalty program with 20% discount and priority support', 'Action': 'Personal call from retention team within 24 hours'}",Very High
1,0,0,1,1,1,0,0,0,0,0,2,0,0,0,1,3,49.9,49.9,1,3.929862923556477,2,0,-1.4940577473809808,-0.330357086605633,New Low-Value Customers,"{'Risk': 'Medium', 'Strategy': 'Onboarding Support', 'Offer': 'Provide free onboarding assistance and offer a 10% discount on first 3 months', 'Action': 'Assign dedicated support agent for first 30 days'}",Medium
0,0,0,0,13,1,2,1,2,0,0,0,2,2,0,1,2,100.35,1358.85,1,7.215129678529607,1,3,0.26714726557404633,1.0507902820240567,New Price-Shocked Customers,"{'Risk': 'Very High', 'Strategy': 'Price Reduction', 'Offer': 'Immediately offer 25% price reduction or downgrade to affordable plan', 'Action': 'Trigger automated discount coupon within 48 hours of signup'}",Very High
0,1,1,0,38,1,2,1,0,0,0,0,0,0,0,1,0,74.95,2869.85,1,7.962363432152192,0,2,1.09327164982503,-0.5744024206313173,Mid-Tenure High Spenders,"{'Risk': 'High', 'Strategy': 'Value Enhancement', 'Offer': 'Upgrade to annual contract with 15% discount and free add-on services', 'Action': 'Send personalized email with tailored upgrade offer'}",High
1,1,1,1,1,1,0,0,0,0,0,2,0,0,0,1,1,49.25,49.25,1,3.917010546939185,2,0,-1.50637985721674,-0.3534158347105937,New Low-Value Customers,"{'Risk': 'Medium', 'Strategy': 'Onboarding Support', 'Offer': 'Provide free onboarding assistance and offer a 10% discount on first 3 months', 'Action': 'Assign dedicated support agent for first 30 days'}",Medium
1,0,1,1,50,1,2,1,0,2,0,2,2,2,0,0,2,103.7,5071.05,1,8.531500354112636,0,1,2.7538606374284647,-0.07003783496589078,Loyal Premium Customers,"{'Risk': 'Very High', 'Strategy': 'Loyalty Reward', 'Offer': 'Offer exclusive VIP loyalty program with 20% discount and priority support', 'Action': 'Personal call from retention team within 24 hours'}",Very High
1,0,1,0,65,1,2,1,2,2,2,0,0,0,1,0,2,89.75,5769.6,1,8.660531340231143,0,1,3.2028120554956185,-0.9748880362353876,Loyal Premium Customers,"{'Risk': 'Very High', 'Strategy': 'Loyalty Reward', 'Offer': 'Offer exclusive VIP loyalty program with 20% discount and priority support', 'Action': 'Personal call from retention team within 24 hours'}",Very High
0,0,0,0,1,1,0,2,1,1,1,1,1,1,0,1,3,20.3,20.3,1,3.0587070727153796,2,0,-2.0551876722093856,-1.3804170003084537,New Low-Value Customers,"{'Risk': 'Medium', 'Strategy': 'Onboarding Support', 'Offer': 'Provide free onboarding assistance and offer a 10% discount on first 3 months', 'Action': 'Assign dedicated support agent for first 30 days'}",Medium
1,1,1,0,7,1,2,1,0,0,2,0,2,2,0,1,2,101.95,700.85,1,6.553719705980335,2,3,-0.11525057436026644,1.3153857789414358,New Price-Shocked Customers,"{'Risk': 'Very High', 'Strategy': 'Price Reduction', 'Offer': 'Immediately offer 25% price reduction or downgrade to affordable plan', 'Action': 'Trigger automated discount coupon within 48 hours of signup'}",Very High
1,1,0,0,2,1,2,1,0,0,0,0,2,2,0,1,2,94.0,181.7,1,5.207845463383961,2,3,-0.5968213633763116,1.2020533853787054,New Price-Shocked Customers,"{'Risk': 'Very High', 'Strategy': 'Price Reduction', 'Offer': 'Immediately offer 25% price reduction or downgrade to affordable plan', 'Action': 'Trigger automated discount coupon within 48 hours of signup'}",Very High
0,0,0,0,45,1,2,1,0,2,0,0,2,0,0,1,1,89.3,4016.85,1,8.29850221267205,0,1,1.9702868948624837,-0.35031277638040925,Loyal Premium Customers,"{'Risk': 'Very High', 'Strategy': 'Loyalty Reward', 'Offer': 'Offer exclusive VIP loyalty program with 20% discount and priority support', 'Action': 'Personal call from retention team within 24 hours'}",Very High
0,0,0,0,1,1,0,1,0,2,0,0,0,0,0,1,1,74.3,74.3,1,4.321480134805848,2,3,-1.0315047012386473,0.5352328422575029,New Price-Shocked Customers,"{'Risk': 'Very High', 'Strategy': 'Price Reduction', 'Offer': 'Immediately offer 25% price reduction or downgrade to affordable plan', 'Action': 'Trigger automated discount coupon within 48 hours of signup'}",Very High
1,0,0,0,1,0,1,0,0,2,0,2,0,2,0,1,3,44.65,44.65,1,3.8210036070409776,2,0,-1.593582480669803,-0.5166008212995455,New Low-Value Customers,"{'Risk': 'Medium', 'Strategy': 'Onboarding Support', 'Offer': 'Provide free onboarding assistance and offer a 10% discount on first 3 months', 'Action': 'Assign dedicated support agent for first 30 days'}",Medium
1,0,1,1,13,1,0,1,2,0,0,0,0,2,0,0,2,84.05,1095.3,1,6.999696152680494,1,3,-0.1259210056507086,0.5014877653795308,New Price-Shocked Customers,"{'Risk': 'Very High', 'Strategy': 'Price Reduction', 'Offer': 'Immediately offer 25% price reduction or downgrade to affordable plan', 'Action': 'Trigger automated discount coupon within 48 hours of signup'}",Very High
1,0,0,0,10,1,2,1,0,2,0,0,0,0,0,1,0,80.7,788.8,1,6.671779748852549,2,3,-0.38673056978003595,0.48344496637222817,New Price-Shocked Customers,"{'Risk': 'Very High', 'Strategy': 'Price Reduction', 'Offer': 'Immediately offer 25% price reduction or downgrade to affordable plan', 'Action': 'Trigger automated discount coupon within 48 hours of signup'}",Very High
1,0,0,1,4,1,2,1,0,2,0,0,2,2,0,1,2,101.7,364.55,1,5.901403068739325,2,3,-0.32847950849600704,1.411166325856533,New Price-Shocked Customers,"{'Risk': 'Very High', 'Strategy': 'Price Reduction', 'Offer': 'Immediately offer 25% price reduction or downgrade to affordable plan', 'Action': 'Trigger automated discount coupon within 48 hours of signup'}",Very High
0,0,0,0,1,1,0,2,1,1,1,1,1,1,0,0,3,20.4,20.4,1,3.0633909220278057,2,0,-2.053291963003884,-1.376869500599998,New Low-Value Customers,"{'Risk': 'Medium', 'Strategy': 'Onboarding Support', 'Offer': 'Provide free onboarding assistance and offer a 10% discount on first 3 months', 'Action': 'Assign dedicated support agent for first 30 days'}",Medium
1,0,1,1,41,1,2,1,0,0,2,2,2,2,1,1,2,102.6,4213.35,1,8.346250647393541,0,1,2.1590674898043467,0.1871490440572384,Loyal Premium Customers,"{'Risk': 'Very High', 'Strategy': 'Loyalty Reward', 'Offer': 'Offer exclusive VIP loyalty program with 20% discount and priority support', 'Action': 'Personal call from retention team within 24 hours'}",Very High
1,0,1,1,71,1,2,1,0,2,2,0,2,2,2,1,0,106.0,7723.7,1,8.952178266060393,0,1,4.358212795924795,-0.7558704994177244,Loyal Premium Customers,"{'Risk': 'Very High', 'Strategy': 'Loyalty Reward', 'Offer': 'Offer exclusive VIP loyalty program with 20% discount and priority support', 'Action': 'Personal call from retention team within 24 hours'}",Very High
0,0,0,1,3,1,0,0,2,0,0,2,0,0,0,1,3,55.1,154.65,1,5.047609896887617,2,0,-1.2988134392490869,-0.20108286573897427,New Low-Value Customers,"{'Risk': 'Medium', 'Strategy': 'Onboarding Support', 'Offer': 'Provide free onboarding assistance and offer a 10% discount on first 3 months', 'Action': 'Assign dedicated support agent for first 30 days'}",Medium
1,0,0,0,69,1,2,1,0,0,2,2,2,2,2,1,0,106.5,7348.8,1,8.902428380952307,0,1,4.177231932848936,-0.6506497493403152,Loyal Premium Customers,"{'Risk': 'Very High', 'Strategy': 'Loyalty Reward', 'Offer': 'Offer exclusive VIP loyalty program with 20% discount and priority support', 'Action': 'Personal call from retention team within 24 hours'}",Very High
0,0,1,1,32,1,2,1,0,0,2,0,0,2,0,1,0,91.05,2954.5,1,7.991423120264424,1,2,1.2333305099689673,0.11935256929088885,Mid-Tenure High Spenders,"{'Risk': 'High', 'Strategy': 'Value Enhancement', 'Offer': 'Upgrade to annual contract with 15% discount and free add-on services', 'Action': 'Send personalized email with tailored upgrade offer'}",High
0,1,1,0,51,1,2,1,2,0,0,0,0,0,0,1,2,77.5,3807.35,1,8.244951303452334,0,1,1.8678311355115238,-0.8764086247928238,Loyal Premium Customers,"{'Risk': 'Very High', 'Strategy': 'Loyalty Reward', 'Offer': 'Offer exclusive VIP loyalty program with 20% discount and priority support', 'Action': 'Personal call from retention team within 24 hours'}",Very High
0,0,1,0,72,0,1,0,0,2,2,0,2,2,2,1,2,54.2,3937.45,1,8.27854252387427,0,4,2.1378917660168573,-2.1781400506861086,Mid-Tenure Low Spenders,"{'Risk': 'Medium', 'Strategy': 'Upsell + Retain', 'Offer': 'Offer bundled services upgrade at same price point', 'Action': 'Send monthly value report showing benefits they are missing'}",Medium
0,0,0,0,6,1,0,1,0,0,0,0,0,0,0,1,3,69.25,418.4,1,6.03882511846782,2,3,-0.851474859358316,0.20635778272750793,New Price-Shocked Customers,"{'Risk': 'Very High', 'Strategy': 'Price Reduction', 'Offer': 'Immediately offer 25% price reduction or downgrade to affordable plan', 'Action': 'Trigger automated discount coupon within 48 hours of signup'}",Very High
1,0,0,0,1,1,0,0,0,0,2,0,0,0,0,1,2,50.5,50.5,1,3.9415818076696905,2,0,-1.4826834921479726,-0.3090720883549001,New Low-Value Customers,"{'Risk': 'Medium', 'Strategy': 'Onboarding Support', 'Offer': 'Provide free onboarding assistance and offer a 10% discount on first 3 months', 'Action': 'Assign dedicated support agent for first 30 days'}",Medium
1,1,0,0,1,1,2,1,0,0,0,0,0,0,0,1,2,74.4,74.4,1,4.32280727501391,2,3,-1.0296089920331457,0.5387803419659586,New Price-Shocked Customers,"{'Risk': 'Very High', 'Strategy': 'Price Reduction', 'Offer': 'Immediately offer 25% price reduction or downgrade to affordable plan', 'Action': 'Trigger automated discount coupon within 48 hours of signup'}",Very High
1,0,0,1,31,1,2,0,0,2,0,2,2,2,1,1,3,79.45,2587.7,1,7.8589110981823715,1,2,0.8612467282891546,-0.22881035453128776,Mid-Tenure High Spenders,"{'Risk': 'High', 'Strategy': 'Value Enhancement', 'Offer': 'Upgrade to annual contract with 15% discount and free add-on services', 'Action': 'Send personalized email with tailored upgrade offer'}",High
1,0,0,0,58,1,2,1,0,0,2,2,2,2,1,1,2,104.65,6219.6,1,8.735621644103475,0,1,3.4133436874813587,-0.3448348626925306,Loyal Premium Customers,"{'Risk': 'Very High', 'Strategy': 'Loyalty Reward', 'Offer': 'Offer exclusive VIP loyalty program with 20% discount and priority support', 'Action': 'Personal call from retention team within 24 hours'}",Very High
1,1,1,0,47,1,2,1,0,0,2,0,2,2,0,1,2,100.05,4871.05,1,8.491270072062852,0,1,2.523677099307522,-0.1112237808115673,Loyal Premium Customers,"{'Risk': 'Very High', 'Strategy': 'Loyalty Reward', 'Offer': 'Offer exclusive VIP loyalty program with 20% discount and priority support', 'Action': 'Personal call from retention team within 24 hours'}",Very High
1,0,0,0,44,1,0,1,0,2,0,2,2,2,0,0,2,100.55,4398.15,1,8.38916661942616,0,1,2.2779655005952653,0.02723945552164156,Loyal Premium Customers,"{'Risk': 'Very High', 'Strategy': 'Loyalty Reward', 'Offer': 'Offer exclusive VIP loyalty program with 20% discount and priority support', 'Action': 'Personal call from retention team within 24 hours'}",Very High
1,0,0,0,2,1,0,1,0,2,0,0,2,2,0,0,2,95.65,167.3,1,5.12574810119676,2,3,-0.5709993348533243,1.2624657391430691,New Price-Shocked Customers,"{'Risk': 'Very High', 'Strategy': 'Price Reduction', 'Offer': 'Immediately offer 25% price reduction or downgrade to affordable plan', 'Action': 'Trigger automated discount coupon within 48 hours of signup'}",Very High
0,0,0,0,1,1,0,1,0,0,2,0,2,2,0,0,2,94.4,94.4,1,4.558078578454241,2,3,-0.6504671509328722,1.2482802836570537,New Price-Shocked Customers,"{'Risk': 'Very High', 'Strategy': 'Price Reduction', 'Offer': 'Immediately offer 25% price reduction or downgrade to affordable plan', 'Action': 'Trigger automated discount coupon within 48 hours of signup'}",Very High
0,0,0,0,1,1,0,0,0,0,0,0,2,0,0,1,1,55.0,55.0,1,4.02535169073515,2,0,-1.3973765779004113,-0.14943460147440374,New Low-Value Customers,"{'Risk': 'Medium', 'Strategy': 'Onboarding Support', 'Offer': 'Provide free onboarding assistance and offer a 10% discount on first 3 months', 'Action': 'Assign dedicated support agent for first 30 days'}",Medium
1,0,0,0,1,1,2,1,0,0,2,0,2,2,0,1,2,101.45,101.45,1,4.629374874684909,2,3,-0.5168196519450259,1.4983790131031645,New Price-Shocked Customers,"{'Risk': 'Very High', 'Strategy': 'Price Reduction', 'Offer': 'Immediately offer 25% price reduction or downgrade to affordable plan', 'Action': 'Trigger automated discount coupon within 48 hours of signup'}",Very High
0,0,1,0,5,1,2,0,0,0,2,2,2,0,0,0,0,67.95,350.3,1,5.861640559271781,2,3,-0.9302414776522182,0.1898308981605974,New Price-Shocked Customers,"{'Risk': 'Very High', 'Strategy': 'Price Reduction', 'Offer': 'Immediately offer 25% price reduction or downgrade to affordable plan', 'Action': 'Trigger automated discount coupon within 48 hours of signup'}",Very High
0,0,0,0,1,1,0,1,0,0,0,0,0,0,0,1,2,69.5,69.5,1,4.255612709818223,2,3,-1.122498743102713,0.3649528562516402,New Price-Shocked Customers,"{'Risk': 'Very High', 'Strategy': 'Price Reduction', 'Offer': 'Immediately offer 25% price reduction or downgrade to affordable plan', 'Action': 'Trigger automated discount coupon within 48 hours of signup'}",Very High
1,0,0,0,1,1,0,2,1,1,1,1,1,1,0,1,3,18.85,18.85,1,2.9882040071331994,2,0,-2.0826754556891554,-1.431855746081058,New Low-Value Customers,"{'Risk': 'Medium', 'Strategy': 'Onboarding Support', 'Offer': 'Provide free onboarding assistance and offer a 10% discount on first 3 months', 'Action': 'Assign dedicated support agent for first 30 days'}",Medium
0,0,0,0,1,1,0,1,0,0,0,0,0,0,0,1,2,69.2,69.2,1,4.251348311031766,2,3,-1.128185870719217,0.35431035712627384,New Price-Shocked Customers,"{'Risk': 'Very High', 'Strategy': 'Price Reduction', 'Offer': 'Immediately offer 25% price reduction or downgrade to affordable plan', 'Action': 'Trigger automated discount coupon within 48 hours of signup'}",Very High
1,0,0,0,1,1,0,1,0,0,0,0,0,0,0,1,2,69.65,69.65,1,4.257738109130536,2,3,-1.1196551792944607,0.3702741058143236,New Price-Shocked Customers,"{'Risk': 'Very High', 'Strategy': 'Price Reduction', 'Offer': 'Immediately offer 25% price reduction or downgrade to affordable plan', 'Action': 'Trigger automated discount coupon within 48 hours of signup'}",Very High
1,1,1,0,40,1,2,1,2,0,0,0,2,2,0,0,2,101.85,4086.3,1,8.315639884344804,0,2,2.070496629437697,0.19709772004904183,Mid-Tenure High Spenders,"{'Risk': 'High', 'Strategy': 'Value Enhancement', 'Offer': 'Upgrade to annual contract with 15% discount and free add-on services', 'Action': 'Send personalized email with tailored upgrade offer'}",High
0,0,0,0,1,1,0,1,0,2,2,0,0,0,0,1,2,82.3,82.3,1,4.422448549172797,2,3,-0.8798479647985379,0.8190328189339408,New Price-Shocked Customers,"{'Risk': 'Very High', 'Strategy': 'Price Reduction', 'Offer': 'Immediately offer 25% price reduction or downgrade to affordable plan', 'Action': 'Trigger automated discount coupon within 48 hours of signup'}",Very High
1,0,0,0,3,1,0,1,0,0,0,0,2,0,0,0,2,79.25,267.6,1,5.593223284089137,2,3,-0.8108067069267786,0.6452445168781632,New Price-Shocked Customers,"{'Risk': 'Very High', 'Strategy': 'Price Reduction', 'Offer': 'Immediately offer 25% price reduction or downgrade to affordable plan', 'Action': 'Trigger automated discount coupon within 48 hours of signup'}",Very High
0,0,0,0,13,1,2,1,0,0,0,0,0,2,0,1,2,84.6,1115.2,1,7.017685338354333,1,3,-0.10891539600695294,0.5187341492325276,New Price-Shocked Customers,"{'Risk': 'Very High', 'Strategy': 'Price Reduction', 'Offer': 'Immediately offer 25% price reduction or downgrade to affordable plan', 'Action': 'Trigger automated discount coupon within 48 hours of signup'}",Very High
0,0,1,1,58,1,2,1,2,2,0,0,0,2,0,1,0,93.4,5435.6,1,8.60090914445607,0,1,2.937333054824692,-0.6534803072324791,Loyal Premium Customers,"{'Risk': 'Very High', 'Strategy': 'Loyalty Reward', 'Offer': 'Offer exclusive VIP loyalty program with 20% discount and priority support', 'Action': 'Personal call from retention team within 24 hours'}",Very High
0,0,1,1,42,1,2,1,0,0,0,0,2,2,0,1,2,94.2,4186.3,1,8.33981141379869,0,1,2.024896392156688,-0.13042985445299396,Loyal Premium Customers,"{'Risk': 'Very High', 'Strategy': 'Loyalty Reward', 'Offer': 'Offer exclusive VIP loyalty program with 20% discount and priority support', 'Action': 'Personal call from retention team within 24 hours'}",Very High
1,1,1,0,1,0,1,0,0,0,0,0,0,0,0,0,2,25.05,25.05,1,3.260017768199376,2,0,-1.9651414849480706,-1.2119107641568188,New Low-Value Customers,"{'Risk': 'Medium', 'Strategy': 'Onboarding Support', 'Offer': 'Provide free onboarding assistance and offer a 10% discount on first 3 months', 'Action': 'Assign dedicated support agent for first 30 days'}",Medium
0,0,0,0,29,0,1,0,0,0,0,0,0,0,0,1,1,25.1,712.85,1,6.5706728562352295,1,0,-0.8508802435859205,-1.9002481944474536,New Low-Value Customers,"{'Risk': 'Medium', 'Strategy': 'Onboarding Support', 'Offer': 'Provide free onboarding assistance and offer a 10% discount on first 3 months', 'Action': 'Assign dedicated support agent for first 30 days'}",Medium
1,0,0,1,1,1,0,0,0,0,2,0,0,0,0,0,2,48.95,48.95,1,3.9110225050945626,2,0,-1.5120669848332438,-0.3640583338359599,New Low-Value Customers,"{'Risk': 'Medium', 'Strategy': 'Onboarding Support', 'Offer': 'Provide free onboarding assistance and offer a 10% discount on first 3 months', 'Action': 'Assign dedicated support agent for first 30 days'}",Medium
1,0,0,0,1,1,0,0,0,0,0,0,0,0,0,0,2,45.3,45.3,1,3.835141961092188,2,0,-1.5812603708340438,-0.49354207319458493,New Low-Value Customers,"{'Risk': 'Medium', 'Strategy': 'Onboarding Support', 'Offer': 'Provide free onboarding assistance and offer a 10% discount on first 3 months', 'Action': 'Assign dedicated support agent for first 30 days'}",Medium
1,0,0,0,2,1,0,1,0,0,2,0,0,2,0,1,2,85.85,167.3,1,5.12574810119676,2,3,-0.753446731135493,0.9136637045347741,New Price-Shocked Customers,"{'Risk': 'Very High', 'Strategy': 'Price Reduction', 'Offer': 'Immediately offer 25% price reduction or downgrade to affordable plan', 'Action': 'Trigger automated discount coupon within 48 hours of signup'}",Very High
1,0,0,1,10,1,2,1,0,0,0,0,2,2,0,0,2,95.2,930.4,1,6.836688830548277,2,3,-0.06863736208230585,0.982955716941688,New Price-Shocked Customers,"{'Risk': 'Very High', 'Strategy': 'Price Reduction', 'Offer': 'Immediately offer 25% price reduction or downgrade to affordable plan', 'Action': 'Trigger automated discount coupon within 48 hours of signup'}",Very High
1,0,0,1,49,1,2,1,0,0,0,2,2,2,1,1,0,100.6,5069.65,1,8.531224293495859,0,1,2.6642619933541227,-0.15843745181628274,Loyal Premium Customers,"{'Risk': 'Very High', 'Strategy': 'Loyalty Reward', 'Offer': 'Offer exclusive VIP loyalty program with 20% discount and priority support', 'Action': 'Personal call from retention team within 24 hours'}",Very High
1,0,1,1,6,1,0,0,0,2,2,0,0,0,0,1,3,55.3,324.25,1,5.784594117392615,2,0,-1.1431951598245966,-0.27913123609095275,New Low-Value Customers,"{'Risk': 'Medium', 'Strategy': 'Onboarding Support', 'Offer': 'Provide free onboarding assistance and offer a 10% discount on first 3 months', 'Action': 'Assign dedicated support agent for first 30 days'}",Medium
1,1,0,0,2,1,2,1,0,0,0,0,0,0,0,1,3,74.85,156.4,1,5.058790335983303,2,3,-0.9619407426604702,0.5234270318783487,New Price-Shocked Customers,"{'Risk': 'Very High', 'Strategy': 'Price Reduction', 'Offer': 'Immediately offer 25% price reduction or downgrade to affordable plan', 'Action': 'Trigger automated discount coupon within 48 hours of signup'}",Very High
1,0,0,0,35,1,0,1,0,2,2,0,2,2,1,1,0,102.35,3626.1,1,8.196188709898143,1,2,1.7662838137739412,0.3776181650576641,Mid-Tenure High Spenders,"{'Risk': 'High', 'Strategy': 'Value Enhancement', 'Offer': 'Upgrade to annual contract with 15% discount and free add-on services', 'Action': 'Send personalized email with tailored upgrade offer'}",High
1,0,1,0,70,1,2,1,2,2,2,2,2,2,1,0,1,115.65,7968.85,1,8.983420951029988,0,1,4.589811600996626,-0.4193295535833109,Loyal Premium Customers,"{'Risk': 'Very High', 'Strategy': 'Loyalty Reward', 'Offer': 'Offer exclusive VIP loyalty program with 20% discount and priority support', 'Action': 'Personal call from retention team within 24 hours'}",Very High
1,0,0,0,2,1,0,1,0,0,2,2,0,0,0,1,2,79.85,152.45,1,5.033374781065745,2,3,-0.8701983790608959,0.7018495903070348,New Price-Shocked Customers,"{'Risk': 'Very High', 'Strategy': 'Price Reduction', 'Offer': 'Immediately offer 25% price reduction or downgrade to affordable plan', 'Action': 'Trigger automated discount coupon within 48 hours of signup'}",Very High
1,0,0,0,15,1,2,1,0,0,0,0,0,0,0,1,3,76.0,1130.85,1,7.031608741149134,1,3,-0.2008817716046048,0.16726706925358015,New Price-Shocked Customers,"{'Risk': 'Very High', 'Strategy': 'Price Reduction', 'Offer': 'Immediately offer 25% price reduction or downgrade to affordable plan', 'Action': 'Trigger automated discount coupon within 48 hours of signup'}",Very High
0,1,0,0,42,1,2,1,0,2,2,0,2,2,0,1,0,104.75,4323.45,1,8.372040243649433,0,1,2.2679390808362485,0.22901318126408973,Loyal Premium Customers,"{'Risk': 'Very High', 'Strategy': 'Loyalty Reward', 'Offer': 'Offer exclusive VIP loyalty program with 20% discount and priority support', 'Action': 'Personal call from retention team within 24 hours'}",Very High
0,0,0,0,9,1,0,0,2,2,0,0,2,2,0,1,2,74.65,703.55,1,6.557559301141113,2,3,-0.5597595092767197,0.2998632317177396,New Price-Shocked Customers,"{'Risk': 'Very High', 'Strategy': 'Price Reduction', 'Offer': 'Immediately offer 25% price reduction or downgrade to affordable plan', 'Action': 'Trigger automated discount coupon within 48 hours of signup'}",Very High
0,0,0,0,1,1,0,0,0,0,0,0,0,2,0,1,2,56.25,56.25,1,4.047427642434349,2,0,-1.373680212831644,-0.10509085511871029,New Low-Value Customers,"{'Risk': 'Medium', 'Strategy': 'Onboarding Support', 'Offer': 'Provide free onboarding assistance and offer a 10% discount on first 3 months', 'Action': 'Assign dedicated support agent for first 30 days'}",Medium
1,0,1,0,21,1,2,1,0,0,2,2,2,2,0,1,2,106.1,2249.95,1,7.719107628309968,1,2,0.9284565247370064,0.9769688850854523,Mid-Tenure High Spenders,"{'Risk': 'High', 'Strategy': 'Value Enhancement', 'Offer': 'Upgrade to annual contract with 15% discount and free add-on services', 'Action': 'Send personalized email with tailored upgrade offer'}",High
0,1,0,0,2,1,0,1,0,0,0,0,0,2,0,1,0,79.75,159.4,1,5.077670695432414,2,3,-0.8696970121141924,0.697476907392805,New Price-Shocked Customers,"{'Risk': 'Very High', 'Strategy': 'Price Reduction', 'Offer': 'Immediately offer 25% price reduction or downgrade to affordable plan', 'Action': 'Trigger automated discount coupon within 48 hours of signup'}",Very High
0,0,0,0,1,1,0,1,0,0,0,0,0,0,0,0,2,68.65,68.65,1,4.243482700225814,2,3,-1.1386122713494744,0.3347991087297688,New Price-Shocked Customers,"{'Risk': 'Very High', 'Strategy': 'Price Reduction', 'Offer': 'Immediately offer 25% price reduction or downgrade to affordable plan', 'Action': 'Trigger automated discount coupon within 48 hours of signup'}",Very High
1,0,0,0,16,1,0,2,1,1,1,1,1,1,0,0,0,20.25,327.45,1,5.794384619338482,1,0,-1.4805390525191848,-1.7447254863153574,New Low-Value Customers,"{'Risk': 'Medium', 'Strategy': 'Onboarding Support', 'Offer': 'Provide free onboarding assistance and offer a 10% discount on first 3 months', 'Action': 'Assign dedicated support agent for first 30 days'}",Medium
0,1,1,0,14,1,2,1,0,2,0,0,2,2,0,1,2,100.2,1369.8,1,7.223149790000454,1,3,0.29948749873175273,1.0223979533802963,New Price-Shocked Customers,"{'Risk': 'Very High', 'Strategy': 'Price Reduction', 'Offer': 'Immediately offer 25% price reduction or downgrade to affordable plan', 'Action': 'Trigger automated discount coupon within 48 hours of signup'}",Very High
1,0,1,1,15,1,2,1,0,0,0,0,0,0,0,1,0,74.9,1107.25,1,7.010537473625163,1,3,-0.22938481590407106,0.13087813588325414,New Price-Shocked Customers,"{'Risk': 'Very High', 'Strategy': 'Price Reduction', 'Offer': 'Immediately offer 25% price reduction or downgrade to affordable plan', 'Action': 'Trigger automated discount coupon within 48 hours of signup'}",Very High
0,0,0,0,1,1,0,1,0,0,0,0,0,0,0,1,2,70.85,70.85,1,4.274580612525034,2,3,-1.0969066688284446,0.4128441023157889,New Price-Shocked Customers,"{'Risk': 'Very High', 'Strategy': 'Price Reduction', 'Offer': 'Immediately offer 25% price reduction or downgrade to affordable plan', 'Action': 'Trigger automated discount coupon within 48 hours of signup'}",Very High
1,0,0,0,2,1,0,1,0,0,0,0,0,0,0,1,1,69.8,134.7,1,4.9104465668408235,2,3,-1.0633352373871132,0.34622713353413365,New Price-Shocked Customers,"{'Risk': 'Very High', 'Strategy': 'Price Reduction', 'Offer': 'Immediately offer 25% price reduction or downgrade to affordable plan', 'Action': 'Trigger automated discount coupon within 48 hours of signup'}",Very High
1,0,1,0,55,0,1,0,0,0,2,2,2,2,0,1,0,54.55,2978.3,1,7.999443652577423,0,4,1.2843218738404323,-1.6832954268302083,Mid-Tenure Low Spenders,"{'Risk': 'Medium', 'Strategy': 'Upsell + Retain', 'Offer': 'Offer bundled services upgrade at same price point', 'Action': 'Send monthly value report showing benefits they are missing'}",Medium
0,0,0,0,7,1,0,0,0,0,0,2,2,2,0,1,1,70.75,450.8,1,6.113239604033903,2,3,-0.7811232104355599,0.23418166346130082,New Price-Shocked Customers,"{'Risk': 'Very High', 'Strategy': 'Price Reduction', 'Offer': 'Immediately offer 25% price reduction or downgrade to affordable plan', 'Action': 'Trigger automated discount coupon within 48 hours of signup'}",Very High
0,0,1,0,13,1,2,1,0,2,2,0,2,0,0,0,2,94.1,1215.6,1,7.103815361886605,1,3,0.1020839603930404,0.8451070253081543,New Price-Shocked Customers,"{'Risk': 'Very High', 'Strategy': 'Price Reduction', 'Offer': 'Immediately offer 25% price reduction or downgrade to affordable plan', 'Action': 'Trigger automated discount coupon within 48 hours of signup'}",Very High
0,0,1,1,3,0,1,0,2,0,0,0,0,0,0,0,1,29.7,91.7,1,4.529368472571809,2,0,-1.7930909830514397,-1.0977526669523632,New Low-Value Customers,"{'Risk': 'Medium', 'Strategy': 'Onboarding Support', 'Offer': 'Provide free onboarding assistance and offer a 10% discount on first 3 months', 'Action': 'Assign dedicated support agent for first 30 days'}",Medium
1,1,0,0,66,1,2,1,0,2,2,2,2,2,1,0,1,110.9,7432.05,1,8.913691551461717,0,1,4.1932239584072715,-0.4384733754963316,Loyal Premium Customers,"{'Risk': 'Very High', 'Strategy': 'Loyalty Reward', 'Offer': 'Offer exclusive VIP loyalty program with 20% discount and priority support', 'Action': 'Personal call from retention team within 24 hours'}",Very High
0,0,1,0,38,1,2,1,0,0,2,2,2,2,0,1,2,105.0,4026.4,1,8.300876285444305,0,2,2.045954434228355,0.35976749973050587,Mid-Tenure High Spenders,"{'Risk': 'High', 'Strategy': 'Value Enhancement', 'Offer': 'Upgrade to annual contract with 15% discount and free add-on services', 'Action': 'Send personalized email with tailored upgrade offer'}",High
1,0,0,1,1,0,1,0,0,0,0,0,0,0,0,1,2,25.3,25.3,1,3.269568939183719,2,0,-1.9604022119343174,-1.2030420148856797,New Low-Value Customers,"{'Risk': 'Medium', 'Strategy': 'Onboarding Support', 'Offer': 'Provide free onboarding assistance and offer a 10% discount on first 3 months', 'Action': 'Assign dedicated support agent for first 30 days'}",Medium
1,0,0,0,22,1,0,0,0,2,0,2,0,0,1,1,1,55.15,1193.05,1,7.085106169122671,1,4,-0.34803150440066954,-0.73451037638521,Mid-Tenure Low Spenders,"{'Risk': 'Medium', 'Strategy': 'Upsell + Retain', 'Offer': 'Offer bundled services upgrade at same price point', 'Action': 'Send monthly value report showing benefits they are missing'}",Medium
1,0,0,0,1,1,0,2,1,1,1,1,1,1,0,1,3,20.1,20.1,1,3.0492730404820207,2,0,-2.058979090620388,-1.3875119997253642,New Low-Value Customers,"{'Risk': 'Medium', 'Strategy': 'Onboarding Support', 'Offer': 'Provide free onboarding assistance and offer a 10% discount on first 3 months', 'Action': 'Assign dedicated support agent for first 30 days'}",Medium
1,0,1,1,1,1,0,1,0,0,0,0,0,0,0,1,3,69.9,69.9,1,4.2612704335380815,2,3,-1.1149159062807072,0.37914285508546225,New Price-Shocked Customers,"{'Risk': 'Very High', 'Strategy': 'Price Reduction', 'Offer': 'Immediately offer 25% price reduction or downgrade to affordable plan', 'Action': 'Trigger automated discount coupon within 48 hours of signup'}",Very High
1,0,0,0,43,1,2,1,0,2,0,0,2,2,0,1,2,101.4,4528.0,1,8.418256443556213,0,1,2.3065307451986055,0.06406596054601142,Loyal Premium Customers,"{'Risk': 'Very High', 'Strategy': 'Loyalty Reward', 'Offer': 'Offer exclusive VIP loyalty program with 20% discount and priority support', 'Action': 'Personal call from retention team within 24 hours'}",Very High
1,0,0,0,1,1,0,1,0,0,0,0,0,2,0,1,2,80.8,80.8,1,4.404277243608702,2,3,-0.9082836028810584,0.7658203233071087,New Price-Shocked Customers,"{'Risk': 'Very High', 'Strategy': 'Price Reduction', 'Offer': 'Immediately offer 25% price reduction or downgrade to affordable plan', 'Action': 'Trigger automated discount coupon within 48 hours of signup'}",Very High
1,0,0,0,2,1,2,0,0,0,0,0,0,2,0,0,0,62.05,118.3,1,4.78164132910387,2,3,-1.213193794248444,0.07230836495577733,New Price-Shocked Customers,"{'Risk': 'Very High', 'Strategy': 'Price Reduction', 'Offer': 'Immediately offer 25% price reduction or downgrade to affordable plan', 'Action': 'Trigger automated discount coupon within 48 hours of signup'}",Very High
1,1,0,0,1,1,2,1,0,0,0,0,0,0,0,1,2,76.45,76.45,1,4.349632566862877,2,3,-0.9907469533203678,0.6115040859892957,New Price-Shocked Customers,"{'Risk': 'Very High', 'Strategy': 'Price Reduction', 'Offer': 'Immediately offer 25% price reduction or downgrade to affordable plan', 'Action': 'Trigger automated discount coupon within 48 hours of signup'}",Very High
0,1,0,0,12,1,2,1,0,2,0,0,2,0,0,1,2,91.3,1094.5,1,6.998966159035521,2,3,-0.02262885227253779,0.7813955791707773,New Price-Shocked Customers,"{'Risk': 'Very High', 'Strategy': 'Price Reduction', 'Offer': 'Immediately offer 25% price reduction or downgrade to affordable plan', 'Action': 'Trigger automated discount coupon within 48 hours of signup'}",Very High
1,1,1,0,6,1,0,1,0,0,2,0,2,2,0,1,2,95.75,573.75,1,6.353935163643291,2,3,-0.30530152809739225,1.1313636656009716,New Price-Shocked Customers,"{'Risk': 'Very High', 'Strategy': 'Price Reduction', 'Offer': 'Immediately offer 25% price reduction or downgrade to affordable plan', 'Action': 'Trigger automated discount coupon within 48 hours of signup'}",Very High
0,0,1,0,34,1,2,0,2,2,0,2,0,0,0,0,2,62.65,2274.9,1,7.7301308575498675,1,4,0.5363534156527252,-0.8554598790132684,Mid-Tenure Low Spenders,"{'Risk': 'Medium', 'Strategy': 'Upsell + Retain', 'Offer': 'Offer bundled services upgrade at same price point', 'Action': 'Send monthly value report showing benefits they are missing'}",Medium
0,0,0,0,1,1,2,1,0,0,0,0,0,0,0,1,2,74.5,74.5,1,4.324132656254979,2,3,-1.0277132828276445,0.5423278416744138,New Price-Shocked Customers,"{'Risk': 'Very High', 'Strategy': 'Price Reduction', 'Offer': 'Immediately offer 25% price reduction or downgrade to affordable plan', 'Action': 'Trigger automated discount coupon within 48 hours of signup'}",Very High
0,0,1,1,10,1,2,1,0,2,2,0,2,2,0,1,1,102.1,1068.85,1,6.97527373071296,2,3,0.10689499406502388,1.2123356293471563,New Price-Shocked Customers,"{'Risk': 'Very High', 'Strategy': 'Price Reduction', 'Offer': 'Immediately offer 25% price reduction or downgrade to affordable plan', 'Action': 'Trigger automated discount coupon within 48 hours of signup'}",Very High
0,0,0,0,16,1,0,0,2,0,0,0,0,0,0,1,2,50.15,762.25,1,6.6375856316149875,1,0,-0.7760516264533248,-0.7314155103691601,New Low-Value Customers,"{'Risk': 'Medium', 'Strategy': 'Onboarding Support', 'Offer': 'Provide free onboarding assistance and offer a 10% discount on first 3 months', 'Action': 'Assign dedicated support agent for first 30 days'}",Medium
0,0,1,0,7,1,2,1,0,0,0,0,2,0,0,1,2,86.5,582.5,1,6.3690444517266105,2,3,-0.44312475810836527,0.7793412373714731,New Price-Shocked Customers,"{'Risk': 'Very High', 'Strategy': 'Price Reduction', 'Offer': 'Immediately offer 25% price reduction or downgrade to affordable plan', 'Action': 'Trigger automated discount coupon within 48 hours of signup'}",Very High
1,1,0,0,27,1,2,1,0,2,0,0,0,0,0,1,2,81.45,2122.05,1,7.660609013003878,1,2,0.6145161527026303,-0.016035789875601978,Mid-Tenure High Spenders,"{'Risk': 'High', 'Strategy': 'Value Enhancement', 'Offer': 'Upgrade to annual contract with 15% discount and free add-on services', 'Action': 'Send personalized email with tailored upgrade offer'}",High
1,0,1,0,1,1,0,1,0,0,0,0,0,0,0,1,2,69.15,69.15,1,4.25063580654847,2,3,-1.1291337253219675,0.35253660727204617,New Price-Shocked Customers,"{'Risk': 'Very High', 'Strategy': 'Price Reduction', 'Offer': 'Immediately offer 25% price reduction or downgrade to affordable plan', 'Action': 'Trigger automated discount coupon within 48 hours of signup'}",Very High
0,0,0,0,9,1,0,1,0,0,0,0,0,2,0,1,2,79.55,723.4,1,6.585343726009258,2,3,-0.46178659672127187,0.4719408608467631,New Price-Shocked Customers,"{'Risk': 'Very High', 'Strategy': 'Price Reduction', 'Offer': 'Immediately offer 25% price reduction or downgrade to affordable plan', 'Action': 'Trigger automated discount coupon within 48 hours of signup'}",Very High
0,0,0,1,48,1,0,1,0,2,2,2,2,0,2,1,3,95.5,4627.85,1,8.440063736099237,0,1,2.387688429690808,-0.2664735426355759,Loyal Premium Customers,"{'Risk': 'Very High', 'Strategy': 'Loyalty Reward', 'Offer': 'Offer exclusive VIP loyalty program with 20% discount and priority support', 'Action': 'Personal call from retention team within 24 hours'}",Very High
1,1,0,0,3,1,2,1,0,0,2,0,2,0,0,0,2,91.05,289.1,1,5.670225691127358,2,3,-0.583814915900825,1.0627141240225744,New Price-Shocked Customers,"{'Risk': 'Very High', 'Strategy': 'Price Reduction', 'Offer': 'Immediately offer 25% price reduction or downgrade to affordable plan', 'Action': 'Trigger automated discount coupon within 48 hours of signup'}",Very High
0,1,1,0,2,1,2,1,0,0,2,0,0,0,0,0,2,79.2,172.85,1,5.15819285845387,2,3,-0.8753632615202135,0.6763269973110745,New Price-Shocked Customers,"{'Risk': 'Very High', 'Strategy': 'Price Reduction', 'Offer': 'Immediately offer 25% price reduction or downgrade to affordable plan', 'Action': 'Trigger automated discount coupon within 48 hours of signup'}",Very High
0,0,0,0,2,0,1,0,0,0,0,0,2,2,0,1,2,45.25,85.5,1,4.460144413937834,2,0,-1.5371131136003724,-0.521798829853056,New Low-Value Customers,"{'Risk': 'Medium', 'Strategy': 'Onboarding Support', 'Offer': 'Provide free onboarding assistance and offer a 10% discount on first 3 months', 'Action': 'Assign dedicated support agent for first 30 days'}",Medium
0,1,0,0,14,1,2,1,0,0,0,0,0,0,0,1,2,74.3,1096.25,1,7.000562328568344,1,3,-0.27570486054182597,0.13258228362933697,New Price-Shocked Customers,"{'Risk': 'Very High', 'Strategy': 'Price Reduction', 'Offer': 'Immediately offer 25% price reduction or downgrade to affordable plan', 'Action': 'Trigger automated discount coupon within 48 hours of signup'}",Very High
0,0,1,0,3,1,2,1,0,0,0,0,0,0,0,1,1,74.1,228.0,1,5.43372200355424,2,3,-0.920149103129738,0.46658056011099347,New Price-Shocked Customers,"{'Risk': 'Very High', 'Strategy': 'Price Reduction', 'Offer': 'Immediately offer 25% price reduction or downgrade to affordable plan', 'Action': 'Trigger automated discount coupon within 48 hours of signup'}",Very High
1,1,1,0,57,1,2,1,0,0,2,0,2,2,0,0,2,100.6,5746.15,1,8.65645935874134,0,1,3.1455567172591987,-0.4117947610654075,Loyal Premium Customers,"{'Risk': 'Very High', 'Strategy': 'Loyalty Reward', 'Offer': 'Offer exclusive VIP loyalty program with 20% discount and priority support', 'Action': 'Personal call from retention team within 24 hours'}",Very High
1,0,0,0,3,1,2,1,0,0,0,0,0,0,0,0,3,75.0,209.1,1,5.347583607850955,2,3,-0.9098199341545028,0.5008255932990548,New Price-Shocked Customers,"{'Risk': 'Very High', 'Strategy': 'Price Reduction', 'Offer': 'Immediately offer 25% price reduction or downgrade to affordable plan', 'Action': 'Trigger automated discount coupon within 48 hours of signup'}",Very High
0,1,0,0,64,1,0,0,2,2,0,2,2,0,2,1,1,70.2,4481.0,1,8.407824654360873,0,1,2.369300520816416,-1.498113545376672,Loyal Premium Customers,"{'Risk': 'Very High', 'Strategy': 'Loyalty Reward', 'Offer': 'Offer exclusive VIP loyalty program with 20% discount and priority support', 'Action': 'Personal call from retention team within 24 hours'}",Very High
0,1,0,0,2,1,0,1,0,0,0,0,0,0,0,0,2,70.75,154.85,1,5.048894006213346,2,3,-1.0387977925416119,0.37768107331043704,New Price-Shocked Customers,"{'Risk': 'Very High', 'Strategy': 'Price Reduction', 'Offer': 'Immediately offer 25% price reduction or downgrade to affordable plan', 'Action': 'Trigger automated discount coupon within 48 hours of signup'}",Very High
1,0,0,0,12,1,0,0,0,0,0,2,0,0,0,0,0,50.25,593.75,1,6.388141149183067,2,0,-0.9571204466866684,-0.6210464242431797,New Low-Value Customers,"{'Risk': 'Medium', 'Strategy': 'Onboarding Support', 'Offer': 'Provide free onboarding assistance and offer a 10% discount on first 3 months', 'Action': 'Assign dedicated support agent for first 30 days'}",Medium
0,1,0,0,40,1,0,1,2,2,0,0,0,0,0,1,1,79.2,3233.85,1,8.081737838008356,0,2,1.3589775311151113,-0.5092851448875361,Mid-Tenure High Spenders,"{'Risk': 'High', 'Strategy': 'Value Enhancement', 'Offer': 'Upgrade to annual contract with 15% discount and free add-on services', 'Action': 'Send personalized email with tailored upgrade offer'}",High
0,0,0,0,12,1,0,1,0,0,2,0,2,2,0,1,2,96.0,1062.1,1,6.968944447294559,2,3,0.053855079641800065,0.9524705189340326,New Price-Shocked Customers,"{'Risk': 'Very High', 'Strategy': 'Price Reduction', 'Offer': 'Immediately offer 25% price reduction or downgrade to affordable plan', 'Action': 'Trigger automated discount coupon within 48 hours of signup'}",Very High
0,0,0,0,54,1,2,1,0,0,0,2,2,2,0,1,2,100.1,5440.9,1,8.601883543577152,0,1,2.93823084820389,-0.32854654276056083,Loyal Premium Customers,"{'Risk': 'Very High', 'Strategy': 'Loyalty Reward', 'Offer': 'Offer exclusive VIP loyalty program with 20% discount and priority support', 'Action': 'Personal call from retention team within 24 hours'}",Very High
0,0,1,1,4,1,0,0,0,2,0,2,0,0,0,0,3,56.5,235.1,1,5.464255444091467,2,0,-1.2139859794284764,-0.18244231043818068,New Low-Value Customers,"{'Risk': 'Medium', 'Strategy': 'Onboarding Support', 'Offer': 'Provide free onboarding assistance and offer a 10% discount on first 3 months', 'Action': 'Assign dedicated support agent for first 30 days'}",Medium
0,1,0,0,1,1,0,1,0,0,2,0,0,2,0,1,2,85.0,85.0,1,4.454347296253507,2,3,-0.8286638162500009,0.9148153110622388,New Price-Shocked Customers,"{'Risk': 'Very High', 'Strategy': 'Price Reduction', 'Offer': 'Immediately offer 25% price reduction or downgrade to affordable plan', 'Action': 'Trigger automated discount coupon within 48 hours of signup'}",Very High
1,0,1,1,51,0,1,0,2,2,2,0,2,2,1,0,2,59.3,3014.65,1,8.011570674648429,0,4,1.2594736941694828,-1.4314004663597746,Mid-Tenure Low Spenders,"{'Risk': 'Medium', 'Strategy': 'Upsell + Retain', 'Offer': 'Offer bundled services upgrade at same price point', 'Action': 'Send monthly value report showing benefits they are missing'}",Medium
1,0,0,1,4,1,0,0,2,0,0,0,0,0,0,1,2,49.4,184.4,1,5.2225156531317545,2,0,-1.3634058039745525,-0.4292115290616739,New Low-Value Customers,"{'Risk': 'Medium', 'Strategy': 'Onboarding Support', 'Offer': 'Provide free onboarding assistance and offer a 10% discount on first 3 months', 'Action': 'Assign dedicated support agent for first 30 days'}",Medium
1,0,0,0,35,1,0,0,0,0,0,0,2,0,0,0,3,55.0,2010.55,1,7.606660848152748,1,4,0.3354605656942214,-1.1185694286980878,Mid-Tenure Low Spenders,"{'Risk': 'Medium', 'Strategy': 'Upsell + Retain', 'Offer': 'Offer bundled services upgrade at same price point', 'Action': 'Send monthly value report showing benefits they are missing'}",Medium
0,0,0,0,1,1,0,1,0,0,0,0,0,0,0,1,2,69.2,69.2,1,4.251348311031766,2,3,-1.128185870719217,0.35431035712627384,New Price-Shocked Customers,"{'Risk': 'Very High', 'Strategy': 'Price Reduction', 'Offer': 'Immediately offer 25% price reduction or downgrade to affordable plan', 'Action': 'Trigger automated discount coupon within 48 hours of signup'}",Very High
1,0,0,0,38,1,0,0,0,0,2,2,0,2,1,1,3,62.3,2354.8,1,7.764635651524684,0,4,0.6826430085393665,-0.9643565887039817,Mid-Tenure Low Spenders,"{'Risk': 'Medium', 'Strategy': 'Upsell + Retain', 'Offer': 'Offer bundled services upgrade at same price point', 'Action': 'Send monthly value report showing benefits they are missing'}",Medium
1,1,1,0,37,1,2,1,0,0,0,0,2,2,0,1,2,92.5,3473.4,1,8.153177081220612,0,2,1.5938052681382437,0.0013659364088232544,Mid-Tenure High Spenders,"{'Risk': 'High', 'Strategy': 'Value Enhancement', 'Offer': 'Upgrade to annual contract with 15% discount and free add-on services', 'Action': 'Send personalized email with tailored upgrade offer'}",High
1,0,0,1,3,1,0,1,0,0,0,0,0,0,0,0,2,69.65,220.1,1,5.3986150878634005,2,3,-1.0056812000405213,0.3091206361428701,New Price-Shocked Customers,"{'Risk': 'Very High', 'Strategy': 'Price Reduction', 'Offer': 'Immediately offer 25% price reduction or downgrade to affordable plan', 'Action': 'Trigger automated discount coupon within 48 hours of signup'}",Very High
1,0,0,0,61,1,2,1,2,0,2,2,2,2,2,1,1,111.6,6876.05,1,8.83594505990559,0,1,3.8601615241883263,-0.23962139380068032,Loyal Premium Customers,"{'Risk': 'Very High', 'Strategy': 'Loyalty Reward', 'Offer': 'Offer exclusive VIP loyalty program with 20% discount and priority support', 'Action': 'Personal call from retention team within 24 hours'}",Very High
0,0,0,0,11,1,0,0,2,0,0,0,0,0,0,0,1,48.55,501.0,1,6.218600119691729,2,0,-1.0517151637445572,-0.6489249115105752,New Low-Value Customers,"{'Risk': 'Medium', 'Strategy': 'Onboarding Support', 'Offer': 'Provide free onboarding assistance and offer a 10% discount on first 3 months', 'Action': 'Assign dedicated support agent for first 30 days'}",Medium
0,0,0,0,1,1,0,2,1,1,1,1,1,1,0,1,3,20.2,20.2,1,3.054001181677967,2,0,-2.057083381414887,-1.383964500016909,New Low-Value Customers,"{'Risk': 'Medium', 'Strategy': 'Onboarding Support', 'Offer': 'Provide free onboarding assistance and offer a 10% discount on first 3 months', 'Action': 'Assign dedicated support agent for first 30 days'}",Medium
1,0,0,0,19,0,1,0,0,0,2,0,2,0,0,1,2,39.65,733.35,1,6.598985754199871,1,0,-0.8871282605825949,-1.167064873491205,New Low-Value Customers,"{'Risk': 'Medium', 'Strategy': 'Onboarding Support', 'Offer': 'Provide free onboarding assistance and offer a 10% discount on first 3 months', 'Action': 'Assign dedicated support agent for first 30 days'}",Medium
1,0,0,0,56,1,2,2,1,1,1,1,1,1,1,0,2,24.9,1334.0,1,7.19668657083435,0,4,0.2046553304607839,-2.5679105812715086,Mid-Tenure Low Spenders,"{'Risk': 'Medium', 'Strategy': 'Upsell + Retain', 'Offer': 'Offer bundled services upgrade at same price point', 'Action': 'Send monthly value report showing benefits they are missing'}",Medium
1,0,1,1,2,1,2,0,2,0,0,0,0,0,0,0,3,56.7,113.55,1,4.741011408899505,2,0,-1.3144102302617284,-0.11755309780452872,New Low-Value Customers,"{'Risk': 'Medium', 'Strategy': 'Onboarding Support', 'Offer': 'Provide free onboarding assistance and offer a 10% discount on first 3 months', 'Action': 'Assign dedicated support agent for first 30 days'}",Medium
0,0,1,0,14,1,0,1,2,2,0,2,2,2,1,0,3,105.95,1348.9,1,7.207785794614781,1,2,0.3994294901819457,1.2294984961815765,Mid-Tenure High Spenders,"{'Risk': 'High', 'Strategy': 'Value Enhancement', 'Offer': 'Upgrade to annual contract with 15% discount and free add-on services', 'Action': 'Send personalized email with tailored upgrade offer'}",High
1,1,1,0,4,1,2,1,0,0,0,0,0,0,0,0,2,74.95,308.7,1,5.735604086979157,2,3,-0.8454760352979999,0.465616229204698,New Price-Shocked Customers,"{'Risk': 'Very High', 'Strategy': 'Price Reduction', 'Offer': 'Immediately offer 25% price reduction or downgrade to affordable plan', 'Action': 'Trigger automated discount coupon within 48 hours of signup'}",Very High
1,0,0,0,15,0,1,0,0,0,0,2,0,0,0,1,2,29.7,438.25,1,6.085068727067206,1,0,-1.2983441149105939,-1.3995776495354963,New Low-Value Customers,"{'Risk': 'Medium', 'Strategy': 'Onboarding Support', 'Offer': 'Provide free onboarding assistance and offer a 10% discount on first 3 months', 'Action': 'Assign dedicated support agent for first 30 days'}",Medium
1,0,1,0,1,0,1,0,0,0,2,0,2,2,0,1,2,50.35,50.35,1,3.9386649363745674,2,0,-1.4855270559562248,-0.3143933379175832,New Low-Value Customers,"{'Risk': 'Medium', 'Strategy': 'Onboarding Support', 'Offer': 'Provide free onboarding assistance and offer a 10% discount on first 3 months', 'Action': 'Assign dedicated support agent for first 30 days'}",Medium
0,0,1,0,64,0,1,0,2,0,2,2,0,2,2,0,2,47.85,3147.5,1,8.054681427928797,0,4,1.499804350697035,-2.1375132110319304,Mid-Tenure Low Spenders,"{'Risk': 'Medium', 'Strategy': 'Upsell + Retain', 'Offer': 'Offer bundled services upgrade at same price point', 'Action': 'Send monthly value report showing benefits they are missing'}",Medium
1,0,0,0,1,1,0,1,0,0,0,0,0,0,0,1,2,70.3,70.3,1,4.26689632742025,2,3,-1.107333069458702,0.39333285391928385,New Price-Shocked Customers,"{'Risk': 'Very High', 'Strategy': 'Price Reduction', 'Offer': 'Immediately offer 25% price reduction or downgrade to affordable plan', 'Action': 'Trigger automated discount coupon within 48 hours of signup'}",Very High
1,1,0,0,55,1,2,1,2,0,0,0,2,2,0,1,2,98.8,5617.75,1,8.63386449821993,0,1,3.005569229927523,-0.41728786337419765,Loyal Premium Customers,"{'Risk': 'Very High', 'Strategy': 'Loyalty Reward', 'Offer': 'Offer exclusive VIP loyalty program with 20% discount and priority support', 'Action': 'Personal call from retention team within 24 hours'}",Very High
0,0,0,0,18,1,2,1,0,0,0,2,2,2,0,1,0,99.85,1776.95,1,7.483216294193619,1,2,0.5570456264849196,0.875197526797434,Mid-Tenure High Spenders,"{'Risk': 'High', 'Strategy': 'Value Enhancement', 'Offer': 'Upgrade to annual contract with 15% discount and free add-on services', 'Action': 'Send personalized email with tailored upgrade offer'}",High
1,1,1,0,32,1,0,1,0,0,0,0,0,2,0,1,1,80.3,2483.05,1,7.817645571675264,1,2,0.87289879402002,-0.20807997519782892,Mid-Tenure High Spenders,"{'Risk': 'High', 'Strategy': 'Value Enhancement', 'Offer': 'Upgrade to annual contract with 15% discount and free add-on services', 'Action': 'Send personalized email with tailored upgrade offer'}",High
0,1,0,0,66,1,2,1,0,2,0,0,0,0,0,1,1,80.45,5224.35,1,8.561277060235506,0,1,2.875691987262913,-1.2638458828526327,Loyal Premium Customers,"{'Risk': 'Very High', 'Strategy': 'Loyalty Reward', 'Offer': 'Offer exclusive VIP loyalty program with 20% discount and priority support', 'Action': 'Personal call from retention team within 24 hours'}",Very High
1,0,0,0,7,1,2,1,0,0,0,0,0,2,0,1,2,86.8,620.35,1,6.431894530252004,2,3,-0.4246702248868557,0.7855886117625378,New Price-Shocked Customers,"{'Risk': 'Very High', 'Strategy': 'Price Reduction', 'Offer': 'Immediately offer 25% price reduction or downgrade to affordable plan', 'Action': 'Trigger automated discount coupon within 48 hours of signup'}",Very High
1,1,1,0,6,1,0,1,0,2,0,0,0,2,0,1,2,84.2,519.15,1,6.254117231516904,2,3,-0.538893406347327,0.726666333956433,New Price-Shocked Customers,"{'Risk': 'Very High', 'Strategy': 'Price Reduction', 'Offer': 'Immediately offer 25% price reduction or downgrade to affordable plan', 'Action': 'Trigger automated discount coupon within 48 hours of signup'}",Very High
1,0,0,0,13,1,2,1,0,0,0,2,2,2,0,1,3,99.0,1301.7,1,7.172194312703518,1,3,0.2225825885631786,1.0094302732481644,New Price-Shocked Customers,"{'Risk': 'Very High', 'Strategy': 'Price Reduction', 'Offer': 'Immediately offer 25% price reduction or downgrade to affordable plan', 'Action': 'Trigger automated discount coupon within 48 hours of signup'}",Very High
0,0,0,0,11,1,2,1,0,0,2,0,2,2,0,1,2,100.75,1129.75,1,7.030636408357952,2,3,0.13387826926526342,1.1353863366876955,New Price-Shocked Customers,"{'Risk': 'Very High', 'Strategy': 'Price Reduction', 'Offer': 'Immediately offer 25% price reduction or downgrade to affordable plan', 'Action': 'Trigger automated discount coupon within 48 hours of signup'}",Very High
0,0,1,0,9,1,2,1,2,2,2,0,0,0,0,0,0,91.75,865.8,1,6.764808269662204,2,3,-0.18624066726470656,0.8894962716057329,New Price-Shocked Customers,"{'Risk': 'Very High', 'Strategy': 'Price Reduction', 'Offer': 'Immediately offer 25% price reduction or downgrade to affordable plan', 'Action': 'Trigger automated discount coupon within 48 hours of signup'}",Very High
0,0,0,0,1,1,2,1,0,0,2,0,0,0,0,1,3,79.55,79.55,1,4.388878109622984,2,3,-0.9319799679498254,0.7214765769514153,New Price-Shocked Customers,"{'Risk': 'Very High', 'Strategy': 'Price Reduction', 'Offer': 'Immediately offer 25% price reduction or downgrade to affordable plan', 'Action': 'Trigger automated discount coupon within 48 hours of signup'}",Very High
0,0,0,0,54,1,2,1,0,2,2,2,2,2,0,0,2,111.1,6014.85,1,8.702152931808193,0,1,3.338167941643604,-0.004213331666012769,Loyal Premium Customers,"{'Risk': 'Very High', 'Strategy': 'Loyalty Reward', 'Offer': 'Offer exclusive VIP loyalty program with 20% discount and priority support', 'Action': 'Personal call from retention team within 24 hours'}",Very High
0,0,1,1,25,1,2,1,0,0,2,0,0,2,0,1,2,89.1,2368.4,1,7.770392037520659,1,2,0.7778791311632305,0.27095246500658443,Mid-Tenure High Spenders,"{'Risk': 'High', 'Strategy': 'Value Enhancement', 'Offer': 'Upgrade to annual contract with 15% discount and free add-on services', 'Action': 'Send personalized email with tailored upgrade offer'}",High
0,0,0,0,37,1,2,1,0,2,2,0,2,2,0,1,0,101.9,3545.35,1,8.173674184527034,0,2,1.7932696091036568,0.3275096026885766,Mid-Tenure High Spenders,"{'Risk': 'High', 'Strategy': 'Value Enhancement', 'Offer': 'Upgrade to annual contract with 15% discount and free add-on services', 'Action': 'Send personalized email with tailored upgrade offer'}",High
0,0,1,1,14,1,2,1,0,0,0,2,2,0,0,1,2,91.65,1301.0,1,7.171656822768514,1,3,0.11691871085708286,0.7261388259169849,New Price-Shocked Customers,"{'Risk': 'Very High', 'Strategy': 'Price Reduction', 'Offer': 'Immediately offer 25% price reduction or downgrade to affordable plan', 'Action': 'Trigger automated discount coupon within 48 hours of signup'}",Very High
0,1,0,0,4,1,2,1,0,0,2,0,0,2,0,1,2,88.85,372.45,1,5.922784126803076,2,3,-0.565022917267011,0.9528838826079732,New Price-Shocked Customers,"{'Risk': 'Very High', 'Strategy': 'Price Reduction', 'Offer': 'Immediately offer 25% price reduction or downgrade to affordable plan', 'Action': 'Trigger automated discount coupon within 48 hours of signup'}",Very High
0,1,0,0,3,0,1,0,0,0,0,0,0,0,0,0,2,25.3,77.75,1,4.366278277705742,2,0,-1.8797492912500324,-1.252724852760554,New Low-Value Customers,"{'Risk': 'Medium', 'Strategy': 'Onboarding Support', 'Offer': 'Provide free onboarding assistance and offer a 10% discount on first 3 months', 'Action': 'Assign dedicated support agent for first 30 days'}",Medium
1,0,0,0,1,1,2,1,0,0,0,0,2,2,0,1,2,95.45,95.45,1,4.569024739351738,2,3,-0.630562204275108,1.2855290305958362,New Price-Shocked Customers,"{'Risk': 'Very High', 'Strategy': 'Price Reduction', 'Offer': 'Immediately offer 25% price reduction or downgrade to affordable plan', 'Action': 'Trigger automated discount coupon within 48 hours of signup'}",Very High
1,0,0,0,13,1,0,1,0,0,0,0,2,2,0,1,2,91.1,1135.7,1,7.035884606692665,1,3,0.01906585357487231,0.7476829685969077,New Price-Shocked Customers,"{'Risk': 'Very High', 'Strategy': 'Price Reduction', 'Offer': 'Immediately offer 25% price reduction or downgrade to affordable plan', 'Action': 'Trigger automated discount coupon within 48 hours of signup'}",Very High
0,0,1,1,45,1,0,0,0,2,0,2,0,0,1,1,1,54.15,2319.8,1,7.7496672328071945,0,4,0.7388811577317197,-1.402738077139905,Mid-Tenure Low Spenders,"{'Risk': 'Medium', 'Strategy': 'Upsell + Retain', 'Offer': 'Offer bundled services upgrade at same price point', 'Action': 'Send monthly value report showing benefits they are missing'}",Medium
0,0,0,0,1,1,0,1,0,0,0,0,0,0,0,0,0,69.7,69.7,1,4.258445572902527,2,3,-1.11870732469171,0.37204785566855125,New Price-Shocked Customers,"{'Risk': 'Very High', 'Strategy': 'Price Reduction', 'Offer': 'Immediately offer 25% price reduction or downgrade to affordable plan', 'Action': 'Trigger automated discount coupon within 48 hours of signup'}",Very High
0,0,0,0,6,1,0,1,0,0,0,0,2,2,0,1,2,89.5,573.3,1,6.3531519078702505,2,3,-0.42181129079118684,0.908966059695768,New Price-Shocked Customers,"{'Risk': 'Very High', 'Strategy': 'Price Reduction', 'Offer': 'Immediately offer 25% price reduction or downgrade to affordable plan', 'Action': 'Trigger automated discount coupon within 48 hours of signup'}",Very High
1,0,1,0,3,0,1,0,0,0,0,0,0,2,0,1,2,35.15,99.75,1,4.612642200826793,2,0,-1.6888908032671142,-0.9047182557259391,New Low-Value Customers,"{'Risk': 'Medium', 'Strategy': 'Onboarding Support', 'Offer': 'Provide free onboarding assistance and offer a 10% discount on first 3 months', 'Action': 'Assign dedicated support agent for first 30 days'}",Medium
1,0,0,1,12,1,2,1,0,0,0,0,0,0,0,1,1,73.75,871.4,1,6.771248034327474,2,3,-0.4252150381338699,0.18286844529385055,New Price-Shocked Customers,"{'Risk': 'Very High', 'Strategy': 'Price Reduction', 'Offer': 'Immediately offer 25% price reduction or downgrade to affordable plan', 'Action': 'Trigger automated discount coupon within 48 hours of signup'}",Very High
0,1,0,0,8,1,2,1,0,0,2,0,2,2,0,0,2,101.35,780.5,1,6.6612151498615315,2,3,-0.06792928568760592,1.2629358833572433,New Price-Shocked Customers,"{'Risk': 'Very High', 'Strategy': 'Price Reduction', 'Offer': 'Immediately offer 25% price reduction or downgrade to affordable plan', 'Action': 'Trigger automated discount coupon within 48 hours of signup'}",Very High
0,0,1,1,6,1,0,0,2,2,0,0,0,0,0,0,1,55.9,365.35,1,5.903589160605973,2,0,-1.1180504671214762,-0.26258665200105114,New Low-Value Customers,"{'Risk': 'Medium', 'Strategy': 'Onboarding Support', 'Offer': 'Provide free onboarding assistance and offer a 10% discount on first 3 months', 'Action': 'Assign dedicated support agent for first 30 days'}",Medium
1,1,1,0,3,1,2,1,0,2,2,0,2,2,0,1,2,105.9,334.65,1,5.816068950384761,2,3,-0.2918637672707249,1.5859244797470395,New Price-Shocked Customers,"{'Risk': 'Very High', 'Strategy': 'Price Reduction', 'Offer': 'Immediately offer 25% price reduction or downgrade to affordable plan', 'Action': 'Trigger automated discount coupon within 48 hours of signup'}",Very High
0,0,0,0,1,1,0,0,0,0,0,0,0,0,0,0,3,43.95,43.95,1,3.8055507609176296,2,0,-1.6068524451083122,-0.5414333192587337,New Low-Value Customers,"{'Risk': 'Medium', 'Strategy': 'Onboarding Support', 'Offer': 'Provide free onboarding assistance and offer a 10% discount on first 3 months', 'Action': 'Assign dedicated support agent for first 30 days'}",Medium
1,0,0,0,1,1,0,0,0,0,0,0,0,0,0,1,0,45.1,45.1,1,3.8308129500026027,2,0,-1.5850517892450466,-0.5006370726114958,New Low-Value Customers,"{'Risk': 'Medium', 'Strategy': 'Onboarding Support', 'Offer': 'Provide free onboarding assistance and offer a 10% discount on first 3 months', 'Action': 'Assign dedicated support agent for first 30 days'}",Medium
0,0,0,0,41,1,0,1,0,0,0,0,0,0,0,0,0,70.25,2868.05,1,7.961736243504653,0,4,1.099388379691713,-0.8067899073697523,Mid-Tenure Low Spenders,"{'Risk': 'Medium', 'Strategy': 'Upsell + Retain', 'Offer': 'Offer bundled services upgrade at same price point', 'Action': 'Send monthly value report showing benefits they are missing'}",Medium
1,0,0,1,9,1,0,0,0,0,0,0,2,0,0,0,2,55.35,449.75,1,6.110912862083427,2,0,-1.0053639189444434,-0.35735662878663815,New Low-Value Customers,"{'Risk': 'Medium', 'Strategy': 'Onboarding Support', 'Offer': 'Provide free onboarding assistance and offer a 10% discount on first 3 months', 'Action': 'Assign dedicated support agent for first 30 days'}",Medium
1,1,1,0,43,1,2,1,0,2,2,0,2,2,0,1,2,103.0,4414.3,1,8.392831060899427,0,1,2.2976588470470234,0.1343215053317639,Loyal Premium Customers,"{'Risk': 'Very High', 'Strategy': 'Loyalty Reward', 'Offer': 'Offer exclusive VIP loyalty program with 20% discount and priority support', 'Action': 'Personal call from retention team within 24 hours'}",Very High
0,0,1,0,33,1,0,1,2,0,2,2,2,2,1,1,2,103.75,3361.05,1,8.120306185957913,1,2,1.6394085103962053,0.502014113182221,Mid-Tenure High Spenders,"{'Risk': 'High', 'Strategy': 'Value Enhancement', 'Offer': 'Upgrade to annual contract with 15% discount and free add-on services', 'Action': 'Send personalized email with tailored upgrade offer'}",High
1,0,0,0,1,1,0,1,0,0,0,0,0,0,0,1,2,69.35,69.35,1,4.253482783560398,2,3,-1.1253423069109652,0.3596316066889568,New Price-Shocked Customers,"{'Risk': 'Very High', 'Strategy': 'Price Reduction', 'Offer': 'Immediately offer 25% price reduction or downgrade to affordable plan', 'Action': 'Trigger automated discount coupon within 48 hours of signup'}",Very High
0,0,0,0,56,1,0,1,0,2,0,0,0,0,0,1,2,73.85,4092.85,1,8.317241126566133,0,1,2.054000258165004,-1.1485958526106181,Loyal Premium Customers,"{'Risk': 'Very High', 'Strategy': 'Loyalty Reward', 'Offer': 'Offer exclusive VIP loyalty program with 20% discount and priority support', 'Action': 'Personal call from retention team within 24 hours'}",Very High
0,0,1,0,3,1,2,1,0,0,0,0,0,0,0,1,1,75.15,216.75,1,5.383347615732612,2,3,-0.9044262893332669,0.5052689883875102,New Price-Shocked Customers,"{'Risk': 'Very High', 'Strategy': 'Price Reduction', 'Offer': 'Immediately offer 25% price reduction or downgrade to affordable plan', 'Action': 'Trigger automated discount coupon within 48 hours of signup'}",Very High
1,0,0,0,1,1,0,1,0,0,0,0,0,0,0,1,2,69.6,69.6,1,4.257030144499196,2,3,-1.1206030338972117,0.36850035596009545,New Price-Shocked Customers,"{'Risk': 'Very High', 'Strategy': 'Price Reduction', 'Offer': 'Immediately offer 25% price reduction or downgrade to affordable plan', 'Action': 'Trigger automated discount coupon within 48 hours of signup'}",Very High
1,0,1,1,5,1,2,1,0,2,0,0,0,0,0,1,2,80.15,385.0,1,5.955837369464831,2,3,-0.6913147115421,0.6199922991694814,New Price-Shocked Customers,"{'Risk': 'Very High', 'Strategy': 'Price Reduction', 'Offer': 'Immediately offer 25% price reduction or downgrade to affordable plan', 'Action': 'Trigger automated discount coupon within 48 hours of signup'}",Very High
0,0,1,1,1,0,1,0,2,0,0,0,0,0,0,0,0,30.5,30.5,1,3.449987545831587,2,0,-1.8618253332482462,-1.0185720300459953,New Low-Value Customers,"{'Risk': 'Medium', 'Strategy': 'Onboarding Support', 'Offer': 'Provide free onboarding assistance and offer a 10% discount on first 3 months', 'Action': 'Assign dedicated support agent for first 30 days'}",Medium
1,0,1,1,70,1,2,1,0,2,0,0,2,2,2,0,0,98.3,6859.5,1,8.83353560436123,0,1,3.8896142583516995,-0.9070051415527383,Loyal Premium Customers,"{'Risk': 'Very High', 'Strategy': 'Loyalty Reward', 'Offer': 'Offer exclusive VIP loyalty program with 20% discount and priority support', 'Action': 'Personal call from retention team within 24 hours'}",Very High
0,0,0,0,48,1,2,1,0,2,2,0,2,2,0,1,0,107.4,5121.3,1,8.541358835915018,0,1,2.777010026719117,0.09931481306202614,Loyal Premium Customers,"{'Risk': 'Very High', 'Strategy': 'Loyalty Reward', 'Offer': 'Offer exclusive VIP loyalty program with 20% discount and priority support', 'Action': 'Personal call from retention team within 24 hours'}",Very High
0,1,0,0,13,1,2,1,0,0,0,0,0,2,0,1,2,82.0,1127.2,1,7.0283787213058755,1,3,-0.15323967764471327,0.4247902667695216,New Price-Shocked Customers,"{'Risk': 'Very High', 'Strategy': 'Price Reduction', 'Offer': 'Immediately offer 25% price reduction or downgrade to affordable plan', 'Action': 'Trigger automated discount coupon within 48 hours of signup'}",Very High
0,0,1,0,24,1,2,1,0,0,0,0,0,0,0,1,1,75.4,1747.85,1,7.46671370804741,1,2,0.2804217379122398,-0.12225300890122648,Mid-Tenure High Spenders,"{'Risk': 'High', 'Strategy': 'Value Enhancement', 'Offer': 'Upgrade to annual contract with 15% discount and free add-on services', 'Action': 'Send personalized email with tailored upgrade offer'}",High
0,1,1,0,27,1,0,1,2,0,2,0,2,2,0,1,2,101.25,2754.45,1,7.92133604763153,1,2,1.1981571925324164,0.6146659989436383,Mid-Tenure High Spenders,"{'Risk': 'High', 'Strategy': 'Value Enhancement', 'Offer': 'Upgrade to annual contract with 15% discount and free add-on services', 'Action': 'Send personalized email with tailored upgrade offer'}",High
1,1,0,0,25,1,2,1,0,2,0,0,2,0,0,1,2,89.5,2196.15,1,7.69491634497433,1,2,0.7267591030663495,0.3053506738371353,Mid-Tenure High Spenders,"{'Risk': 'High', 'Strategy': 'Value Enhancement', 'Offer': 'Upgrade to annual contract with 15% discount and free add-on services', 'Action': 'Send personalized email with tailored upgrade offer'}",High
0,1,0,0,22,1,2,1,0,0,0,0,0,0,0,1,0,74.4,1692.6,1,7.434611719820655,1,2,0.1801997057298253,-0.10783448303709237,Mid-Tenure High Spenders,"{'Risk': 'High', 'Strategy': 'Value Enhancement', 'Offer': 'Upgrade to annual contract with 15% discount and free add-on services', 'Action': 'Send personalized email with tailored upgrade offer'}",High
1,0,0,0,1,1,0,2,1,1,1,1,1,1,0,0,3,20.5,20.5,1,3.068052935133617,2,0,-2.0513962537983828,-1.3733220008915425,New Low-Value Customers,"{'Risk': 'Medium', 'Strategy': 'Onboarding Support', 'Offer': 'Provide free onboarding assistance and offer a 10% discount on first 3 months', 'Action': 'Assign dedicated support agent for first 30 days'}",Medium
1,0,0,0,4,1,2,1,0,0,0,0,0,0,0,1,2,74.35,265.35,1,5.584811233363008,2,3,-0.8713857523050157,0.44933500145706445,New Price-Shocked Customers,"{'Risk': 'Very High', 'Strategy': 'Price Reduction', 'Offer': 'Immediately offer 25% price reduction or downgrade to affordable plan', 'Action': 'Trigger automated discount coupon within 48 hours of signup'}",Very High
0,1,1,0,18,1,2,1,0,0,0,2,2,2,0,0,0,99.75,1836.25,1,7.516025167408981,1,2,0.5753465589022498,0.8646974196530931,Mid-Tenure High Spenders,"{'Risk': 'High', 'Strategy': 'Value Enhancement', 'Offer': 'Upgrade to annual contract with 15% discount and free add-on services', 'Action': 'Send personalized email with tailored upgrade offer'}",High
0,1,0,0,56,1,2,1,0,2,2,2,2,2,1,1,2,111.95,6418.9,1,8.767157820238706,0,1,3.5541931792818584,-0.06479674959707832,Loyal Premium Customers,"{'Risk': 'Very High', 'Strategy': 'Loyalty Reward', 'Offer': 'Offer exclusive VIP loyalty program with 20% discount and priority support', 'Action': 'Personal call from retention team within 24 hours'}",Very High
1,1,0,0,16,0,1,0,0,2,0,0,2,0,0,1,3,39.0,679.85,1,6.5233420175705845,1,0,-1.0116489724900732,-1.1186221103567793,New Low-Value Customers,"{'Risk': 'Medium', 'Strategy': 'Onboarding Support', 'Offer': 'Provide free onboarding assistance and offer a 10% discount on first 3 months', 'Action': 'Assign dedicated support agent for first 30 days'}",Medium
0,0,1,0,30,1,2,1,0,2,0,2,2,0,0,1,1,94.1,2804.45,1,7.939319232897119,1,2,1.1762746328582319,0.2890149553177948,Mid-Tenure High Spenders,"{'Risk': 'High', 'Strategy': 'Value Enhancement', 'Offer': 'Upgrade to annual contract with 15% discount and free add-on services', 'Action': 'Send personalized email with tailored upgrade offer'}",High
0,0,0,0,8,1,2,1,0,0,0,0,2,2,0,0,0,95.65,778.1,1,6.6581394073368125,2,3,-0.1748626747554707,1.0603421440066212,New Price-Shocked Customers,"{'Risk': 'Very High', 'Strategy': 'Price Reduction', 'Offer': 'Immediately offer 25% price reduction or downgrade to affordable plan', 'Action': 'Trigger automated discount coupon within 48 hours of signup'}",Very High
0,1,1,0,50,1,2,1,0,2,0,0,2,0,0,1,2,88.05,4367.35,1,8.382140642419776,0,1,2.2232377146363684,-0.5446871698734954,Loyal Premium Customers,"{'Risk': 'Very High', 'Strategy': 'Loyalty Reward', 'Offer': 'Offer exclusive VIP loyalty program with 20% discount and priority support', 'Action': 'Personal call from retention team within 24 hours'}",Very High
0,0,1,1,41,1,0,0,0,2,0,2,0,2,1,1,0,66.5,2728.6,1,7.91191035729736,0,4,0.9821598186904918,-0.9239378328164671,Mid-Tenure Low Spenders,"{'Risk': 'Medium', 'Strategy': 'Upsell + Retain', 'Offer': 'Offer bundled services upgrade at same price point', 'Action': 'Send monthly value report showing benefits they are missing'}",Medium
1,0,0,0,3,0,1,0,2,2,0,0,0,0,0,1,3,35.45,106.85,1,4.680741372835166,2,0,-1.6808916021988383,-0.8948716779905393,New Low-Value Customers,"{'Risk': 'Medium', 'Strategy': 'Onboarding Support', 'Offer': 'Provide free onboarding assistance and offer a 10% discount on first 3 months', 'Action': 'Assign dedicated support agent for first 30 days'}",Medium
1,0,0,0,3,1,0,0,0,2,0,0,0,0,0,1,3,49.9,130.1,1,4.875960390769654,2,0,-1.4039695269486563,-0.3832879860351508,New Low-Value Customers,"{'Risk': 'Medium', 'Strategy': 'Onboarding Support', 'Offer': 'Provide free onboarding assistance and offer a 10% discount on first 3 months', 'Action': 'Assign dedicated support agent for first 30 days'}",Medium
1,0,0,0,40,1,2,1,0,2,2,0,2,2,0,1,1,104.5,4036.85,1,8.303467651080286,0,2,2.103018360613289,0.29720462473741616,Mid-Tenure High Spenders,"{'Risk': 'High', 'Strategy': 'Value Enhancement', 'Offer': 'Upgrade to annual contract with 15% discount and free add-on services', 'Action': 'Send personalized email with tailored upgrade offer'}",High
0,1,0,0,3,1,2,1,0,0,0,0,0,0,0,1,1,75.05,256.25,1,5.550048374714159,2,3,-0.892857570790214,0.4970864170551306,New Price-Shocked Customers,"{'Risk': 'Very High', 'Strategy': 'Price Reduction', 'Offer': 'Immediately offer 25% price reduction or downgrade to affordable plan', 'Action': 'Trigger automated discount coupon within 48 hours of signup'}",Very High
1,0,0,0,23,1,2,1,0,0,2,0,0,0,0,1,2,81.0,1917.1,1,7.559090391727643,1,2,0.41081454405688,0.07902404460384459,Mid-Tenure High Spenders,"{'Risk': 'High', 'Strategy': 'Value Enhancement', 'Offer': 'Upgrade to annual contract with 15% discount and free add-on services', 'Action': 'Send personalized email with tailored upgrade offer'}",High
0,1,1,0,1,1,2,1,0,0,0,0,0,0,0,1,2,74.45,74.45,1,4.323470185213858,2,3,-1.0286611374303951,0.5405540918201862,New Price-Shocked Customers,"{'Risk': 'Very High', 'Strategy': 'Price Reduction', 'Offer': 'Immediately offer 25% price reduction or downgrade to affordable plan', 'Action': 'Trigger automated discount coupon within 48 hours of signup'}",Very High
0,0,0,0,4,1,0,0,2,2,0,2,0,0,0,1,3,60.4,272.15,1,5.610021094841726,2,3,-1.1287819623365347,-0.047969938584505004,New Price-Shocked Customers,"{'Risk': 'Very High', 'Strategy': 'Price Reduction', 'Offer': 'Immediately offer 25% price reduction or downgrade to affordable plan', 'Action': 'Trigger automated discount coupon within 48 hours of signup'}",Very High
1,0,1,1,1,1,0,1,0,0,0,0,0,0,0,1,3,70.65,70.65,1,4.271793154274181,2,3,-1.100698087239447,0.40574910289887833,New Price-Shocked Customers,"{'Risk': 'Very High', 'Strategy': 'Price Reduction', 'Offer': 'Immediately offer 25% price reduction or downgrade to affordable plan', 'Action': 'Trigger automated discount coupon within 48 hours of signup'}",Very High
1,0,0,0,12,1,0,0,0,0,0,2,2,0,1,1,2,59.8,727.8,1,6.5913993459457485,2,3,-0.7337488727457571,-0.2968325863578668,New Price-Shocked Customers,"{'Risk': 'Very High', 'Strategy': 'Price Reduction', 'Offer': 'Immediately offer 25% price reduction or downgrade to affordable plan', 'Action': 'Trigger automated discount coupon within 48 hours of signup'}",Very High
0,0,0,0,9,1,0,0,0,0,0,0,0,0,0,1,0,44.2,403.35,1,6.0022808395418314,2,0,-1.2287208761188697,-0.7487769302505521,New Low-Value Customers,"{'Risk': 'Medium', 'Strategy': 'Onboarding Support', 'Offer': 'Provide free onboarding assistance and offer a 10% discount on first 3 months', 'Action': 'Assign dedicated support agent for first 30 days'}",Medium
1,1,0,0,1,1,2,1,0,0,0,0,0,0,0,1,2,75.75,75.75,1,4.340553386467307,2,3,-1.0040169177588776,0.5866715880301073,New Price-Shocked Customers,"{'Risk': 'Very High', 'Strategy': 'Price Reduction', 'Offer': 'Immediately offer 25% price reduction or downgrade to affordable plan', 'Action': 'Trigger automated discount coupon within 48 hours of signup'}",Very High
0,0,0,0,67,1,2,1,2,2,2,0,2,0,0,1,1,102.95,6886.25,1,8.837427155161741,0,1,3.891049943925545,-0.6793175862492908,Loyal Premium Customers,"{'Risk': 'Very High', 'Strategy': 'Loyalty Reward', 'Offer': 'Offer exclusive VIP loyalty program with 20% discount and priority support', 'Action': 'Personal call from retention team within 24 hours'}",Very High
1,1,1,0,4,1,2,1,0,0,0,0,0,0,0,1,3,74.4,306.6,1,5.728800237631489,2,3,-0.8564294526709405,0.44628640406620007,New Price-Shocked Customers,"{'Risk': 'Very High', 'Strategy': 'Price Reduction', 'Offer': 'Immediately offer 25% price reduction or downgrade to affordable plan', 'Action': 'Trigger automated discount coupon within 48 hours of signup'}",Very High
